app_name,app_id,storefront,review_id,date,rating,title,review_text,review_length
Spotify,324684580,US,14313192282,2026-07-16T23:58:00-07:00,1,Pay to use,You need to pay basically if you want to listen to your music,61
Spotify,324684580,US,14313191261,2026-07-16T23:57:35-07:00,5,Carol g,Excelent,8
Spotify,324684580,US,14313185452,2026-07-16T23:55:10-07:00,5,Fvghb,Decide decide,13
Spotify,324684580,US,14313134019,2026-07-16T23:33:46-07:00,5,Union Pride,Great podcast selections,24
Spotify,324684580,US,14313080735,2026-07-16T23:11:35-07:00,1,Lagging,Lagging and skipping like it it was a scratch cd,48
Spotify,324684580,US,14313051826,2026-07-16T22:59:24-07:00,5,I’m straight,Straight,8
Spotify,324684580,US,14313009381,2026-07-16T22:41:26-07:00,5,because,because of Spotify i feel somewhat better,41
Spotify,324684580,US,14313007526,2026-07-16T22:40:41-07:00,1,Literal buns,"Always says I’m offline and won’t play even when I’m connected in my own home, even when it does work which is rare there’s too many adds, won’t play want I want and only 6 skips allowed. This is total buns bro I js wanna listen to the music I wanna listen to. Spotifys company is super greedy and I’m so done with it.",318
Spotify,324684580,US,14312997116,2026-07-16T22:36:22-07:00,4,Music and Ads,I LOVE THE Music it gives me but it has way to many ads!,56
Spotify,324684580,US,14312993105,2026-07-16T22:34:42-07:00,5,10/10,Best app ever i would die for this app highly recommend 10\10,61
Spotify,324684580,US,14312992835,2026-07-16T22:34:35-07:00,5,It’s the best app,It is good and has all of my favorite music and videos,54
Spotify,324684580,US,14312972567,2026-07-16T22:26:02-07:00,5,Best app ever,Literally no adds just peace of music,37
Spotify,324684580,US,14312959707,2026-07-16T22:20:32-07:00,5,.,Love Spotify how it plays songs and especially premium with no ads and I really enjoy this app thank you Spotify 🙌🏼,115
Spotify,324684580,US,14312913155,2026-07-16T22:01:13-07:00,5,!!!SPOTIFY!!!,I loveeee Spotify that literally help you pick out the mood so well and have the best wrap ups at the end of the year-the only thing that I don’t like are the adds not just because there add but they’re the same ones over and over again but that’s really on any streaming app so it’s not that big of a deal-overall Spotify is a really good app and has really good things to offer you when it comes to music and entertainment.😊😊☺️☺️,431
Spotify,324684580,US,14312912018,2026-07-16T22:00:45-07:00,5,Pls,PLSS do less ads for no premium,31
Spotify,324684580,US,14312910398,2026-07-16T22:00:06-07:00,1,Trash,"The fact that is abysmal, capitalistic app has 5 stars is beyond me. Never have I used a music app more frustrating than this. First of all, what you get in the free version is worse than just not listening to music. Six skips an hour, no going back, no curated playlists. I would rather die than be forced to use something like that. But if you pay the app you are putting money towards ai, mindless, destructive weapons, and corrupt government agencies. They don’t even use the copious amounts of hard earned cash that they reap from you to pay their artists. Artist rates on Spotify are disgustingly low, especially as the app continues to fund ai, replacing their already under appreciated artists with soulless and trashy music. DO NOT DOWNLOAD. Save yourself the pain.",774
Spotify,324684580,US,14312908033,2026-07-16T21:59:06-07:00,5,Alex g,Alex g is the best 🥹,20
Spotify,324684580,US,14312897154,2026-07-16T21:54:32-07:00,1,Can’t delete anything,My Spotify is to full capacity and it won’t delete anything !!  So annoying,75
Spotify,324684580,US,14312895022,2026-07-16T21:53:38-07:00,5,Wow.,"I have got to say. Spotify, you’ve done an amazing job with this. I am ecstatic with how this app surprises me and shows me how amazing music is. I just love the way you work culture and rhythm into music and how this app functions. Thank you.",243
Spotify,324684580,US,14312894038,2026-07-16T21:53:12-07:00,4,67,Looping songs should be free,28
Spotify,324684580,US,14312891078,2026-07-16T21:51:58-07:00,1,Dj sucks,The dj is horrible,18
Spotify,324684580,US,14312873834,2026-07-16T21:44:49-07:00,5,no adds now,i want no adds,14
Spotify,324684580,US,14312868467,2026-07-16T21:42:34-07:00,5,Best app ever,I love this app but  I feel like they shouldn’t let me pay premium to play my liked songs in order without paying the premium  fee it would be so cool if you get to play your songs in order without paying the  premium fee  and the audio streaming quality the very high option should be free without paying the premium price and they shouldnt let me pay everytime i skip one of my songs that i like to lsiten to but it would be so cool if they could do an update where they dont have to make you pay  everytime you skip a song and when you dont have any wifi they shouldnt let you pay monthly for a free trial it would be so cool if everything is free but i love this app so much i would highly recomend this app,711
Spotify,324684580,US,14312859486,2026-07-16T21:38:47-07:00,5,Spotify,This such a good app and I love it,34
Spotify,324684580,US,14312828454,2026-07-16T21:26:06-07:00,1,Shuffling songs,"Why, seriously why. This is why soundcloud gets users and this is also why im gonna listen to the steve lacy album on youtube",125
Spotify,324684580,US,14312820622,2026-07-16T21:22:54-07:00,5,Not as time consuming as other apps,Easier to use more aesthetic and etc,36
Spotify,324684580,US,14312786389,2026-07-16T21:08:55-07:00,5,Best music,It has the best music even if you don’t know the song it will give you if you just put lyrics.,94
Spotify,324684580,US,14312786104,2026-07-16T21:08:48-07:00,5,Best music apps,They have never failed me once with my songs and they sort them out and make it a playlist,90
Spotify,324684580,US,14312782278,2026-07-16T21:07:17-07:00,3,Best for multi media. For now,"What I appreciate about the app is the range of content. I don’t like how it chooses to play the podcasts I listen to. I also don’t like how sexism and other biases are built into playlists. 
That said, no other streaming content has podcasts, music, AND audiobooks. I look forward to seeing other platforms catch up so the consumer has better options",351
Spotify,324684580,US,14312773414,2026-07-16T21:03:40-07:00,5,Best Song App,Love the music on this app!!,28
Spotify,324684580,US,14312772046,2026-07-16T21:03:07-07:00,5,Thank you Jesus,Literal piece of my life,24
Spotify,324684580,US,14312770983,2026-07-16T21:02:42-07:00,5,Sanity Savior,Only thing that keeps me sane,29
Spotify,324684580,US,14312765666,2026-07-16T21:00:33-07:00,2,SO many ads.,"The app itself works fine, but I’ve been getting FIVE advertisements after EVERY SINGLE SONG. It’s very unenjoyable",115
Spotify,324684580,US,14312737791,2026-07-16T20:49:24-07:00,4,Good,I really like it but I don't like the adds,42
Spotify,324684580,US,14312728568,2026-07-16T20:45:45-07:00,5,i love itttt!!!,i love being able to listen to my favorite music and make my own playlists in an organized format. the app makes itself easy to use and very self explanatory. and the spotify wrapped is such a nice and fun touch!!! i also love being able to presave albums or get notified for upcoming events!! 10000% recommend!!!,313
Spotify,324684580,US,14312724976,2026-07-16T20:44:19-07:00,1,to many ads,to many ads for no reason,25
Spotify,324684580,US,14312719313,2026-07-16T20:42:05-07:00,2,My honest opinion on Spotify,Good app but the constant unneeded ads and limited skips get repetitive. I personally prefer Apple Music but this is the second go to option,140
Spotify,324684580,US,14312715939,2026-07-16T20:40:43-07:00,5,Great music,"They have everything that you want music, YouTube videos podcast and interviews so great five stars",99
Spotify,324684580,US,14312712072,2026-07-16T20:39:12-07:00,5,Wow,I luv it soo much,17
Spotify,324684580,US,14312701681,2026-07-16T20:35:12-07:00,5,Review,"Spotify has a lot of songs from a lot of creators and artists not only that but they also have audio books and podcasts for when you’re driving in the car or just want to listen to something, honestly overall a great app 10/10.",227
Spotify,324684580,US,14312695395,2026-07-16T20:32:45-07:00,5,I love it,I love it,9
Spotify,324684580,US,14312692611,2026-07-16T20:31:40-07:00,5,Amazing!!,"I do have a family subscription (totally recommend) so I do have more access than free use but this has been so good for me and my family, this have so much variety and inclusivity in this app. Not only in the music, but also in the podcasts , audiobooks, and “shows”",267
Spotify,324684580,US,14312690723,2026-07-16T20:30:55-07:00,3,My app is going between offline and online constantly on wifi and cellular on iOS 18 pls fix,Pls,3
Spotify,324684580,US,14312686806,2026-07-16T20:29:23-07:00,4,Sigma rizz,Skibidi rizz ohio with the signa ligma rizz awesome sauce brotato chip lowke finna blast this in my ear while play league cause I’m a chud.,139
Spotify,324684580,US,14312681981,2026-07-16T20:27:35-07:00,5,Hy,"Every time I try to use my password it never works, but whenever I try to use my email that works when I have to use the password on the thing that says sign in without password then it says it’s wrong. Please explain to me how this is happening and fix it.",257
Spotify,324684580,US,14312679513,2026-07-16T20:26:37-07:00,5,Spotify,Best app bc Apple Music you have to pay for and this is a great alternative I recommend,87
Spotify,324684580,US,14312674933,2026-07-16T20:24:49-07:00,1,Horrible shuffle,I hear the same 20 songs everyday on my drive home from work and your suggestions for smart playlist are garbage. Do better.,124
Spotify,324684580,US,14312674297,2026-07-16T20:24:34-07:00,5,Mayreni,La mejor aplicación que eh visto y escuchado.,45
Spotify,324684580,US,14312672829,2026-07-16T20:23:59-07:00,4,This is pretty awesome Sauce,Wish there were less Ads but prettttyy coolll beansss 🥹😎😎🕺,58
Spotify,324684580,US,14312669170,2026-07-16T20:22:35-07:00,1,I hate Spotify,It won’t let me take it off of shuffle unless I pay for it,58
Spotify,324684580,US,14311747687,2026-07-16T14:33:12-07:00,5,I love Spotify,I love music so I love Spotify,30
Spotify,324684580,US,14311745808,2026-07-16T14:32:30-07:00,5,Musicccc,Best way I can listen to music,30
Spotify,324684580,US,14311738983,2026-07-16T14:30:00-07:00,5,Expensive and Hulu,Doesn’t seem to work,20
Spotify,324684580,US,14311732109,2026-07-16T14:27:24-07:00,1,Sorun çözmenizi istiyorum,Çünkü müziği istediğim gibi ayarlayamıyorum,43
Spotify,324684580,US,14311731657,2026-07-16T14:27:14-07:00,1,Slow,App is so slow !!!!,19
Spotify,324684580,US,14311729533,2026-07-16T14:26:27-07:00,5,.,Una muy buenas app sin duda,27
Spotify,324684580,US,14311727096,2026-07-16T14:25:33-07:00,5,Amazing,Just amazing has the songs that I want and the songs that that you could ever listen to.,88
Spotify,324684580,US,14311713001,2026-07-16T14:20:22-07:00,4,GREAT app just one problem,"Love the song availability and podcasts, love the layout/format, everything is amazing except they don’t pay artists enough.",124
Spotify,324684580,US,14311712360,2026-07-16T14:20:09-07:00,1,ads,ad after every single song it’s annoying,40
Spotify,324684580,US,14311706301,2026-07-16T14:17:55-07:00,5,Love,I love listening to all these songs,35
Spotify,324684580,US,14311703382,2026-07-16T14:16:55-07:00,5,just the best music app,so many cool features and Spotify has all my favorite singers and songs!!,73
Spotify,324684580,US,14311697635,2026-07-16T14:14:50-07:00,4,Ads,Love it but to many ads…,24
Spotify,324684580,US,14311688131,2026-07-16T14:11:23-07:00,5,Spotify is amazing,Has amazing podcast it has great music it’s eveything somone could dream,72
Spotify,324684580,US,14311678277,2026-07-16T14:07:46-07:00,5,Spotify,It has a wide variety of songs and features that make the entire app usable and accessible often,96
Spotify,324684580,US,14311670944,2026-07-16T14:05:07-07:00,5,KD Wade,It’s great for listening to music!,34
Spotify,324684580,US,14311664154,2026-07-16T14:02:38-07:00,5,Good shi,Good,4
Spotify,324684580,US,14311660577,2026-07-16T14:01:21-07:00,5,No bad remarks,"The absolute best!! And certainly worth every penny.
Although I think it is perfect, I wouldn’t mind some more social and interactive features to find other people having similar music tastes or even discovering new related music… And I say it again, Spotify is the absolute BEST!",280
Spotify,324684580,US,14311634660,2026-07-16T13:52:03-07:00,5,I love it,"I love that you can connect with other ppl 
My Spotify account is abstractiøn plz follow or try to contact me on Alastors podcast!!!",132
Spotify,324684580,US,14311621964,2026-07-16T13:47:26-07:00,5,⭐️⭐️⭐️⭐️,"Spotify is great so far , I’ve had it for a few months now and I haven’t seen anything wrong with it it’s free some adds but it’s great✨",136
Spotify,324684580,US,14311611312,2026-07-16T13:43:32-07:00,1,Kept asking for rating,Maybe if you bugged me less you’d get 5 stars,45
Spotify,324684580,US,14311604396,2026-07-16T13:41:01-07:00,5,For more than a decade,I’ve been rocking with Spotify nonstop for more than a decade.  I have never been given a good reason by any other company to leave.  I love my Spotify,151
Spotify,324684580,US,14311598556,2026-07-16T13:38:52-07:00,1,Waste of time,Very disappointed,17
Spotify,324684580,US,14311581350,2026-07-16T13:32:41-07:00,5,Love it,Recommends amazing songs and ended up helping me better my music taste,70
Spotify,324684580,US,14311581104,2026-07-16T13:32:35-07:00,5,‚,I love how when listening to music on here you don’t have to worry about your phone turning off and music stops.,112
Spotify,324684580,US,14311580331,2026-07-16T13:32:18-07:00,5,Music,I LOVEEEEEEE MUSSIICCCCC,24
Spotify,324684580,US,14311573594,2026-07-16T13:29:55-07:00,5,awsome sauce,10-10,5
Spotify,324684580,US,14311569394,2026-07-16T13:28:23-07:00,5,It’s all here!,"I love variety, Spotify delivers!",33
Spotify,324684580,US,14311557528,2026-07-16T13:24:09-07:00,4,Review,"I like pero I hate that if you don’t pay for premium, your experience is really limited and poor. Ads after 2-3 songs.",118
Spotify,324684580,US,14311557154,2026-07-16T13:24:01-07:00,5,Best App,this is the best music app ever especially with premium download this !🔥,72
Spotify,324684580,US,14311556031,2026-07-16T13:23:38-07:00,5,Amazing,Thank you,9
Spotify,324684580,US,14311555846,2026-07-16T13:23:34-07:00,5,Amazing app,"If you have Apple Music, get this instead and cancel that subscription, awesome quality music without the price! 💞💕",115
Spotify,324684580,US,14311554575,2026-07-16T13:23:07-07:00,4,Review,It’s good and all but I have one thing to say preimium feels so short.,70
Spotify,324684580,US,14311545173,2026-07-16T13:19:48-07:00,5,🎶,Ngl sucks if you don’t have premium but if ur in college you get a discount anyway otherwise a great app never going back to anything else!!,140
Spotify,324684580,US,14311532431,2026-07-16T13:15:18-07:00,5,Fire,"Y
The great",11
Spotify,324684580,US,14311515920,2026-07-16T13:09:25-07:00,5,Love this,Love it so much literally is my coffee,38
Spotify,324684580,US,14311507295,2026-07-16T13:06:21-07:00,5,Spotify,It’s amazing  I love it so much it’s my #1 used app and I’ve been using it for 3 years I’ve tried other apps and this one is definitely my top one,146
Spotify,324684580,US,14311507217,2026-07-16T13:06:19-07:00,5,Love music,I like music,12
Spotify,324684580,US,14311498814,2026-07-16T13:03:21-07:00,1,Shuffle,Shuffle plays the same few songs only about a third of my playlist,66
Spotify,324684580,US,14311498168,2026-07-16T13:03:07-07:00,5,Nothing Can Compare,Spotify continues to amaze me with the variety that totally matches my vibe and genre. Absolutely over the moon with everything that is provided.,145
Spotify,324684580,US,14311496317,2026-07-16T13:02:28-07:00,1,Switching to Apple Music,"I just want to say that I’ve had Spotify since I was 15 years old, I’m now 29 about to be 30 and I will be switching over to Apple Music because Spotify doesn’t shuffle my music properly. I have so many songs and the same 200 songs are played in the same exact order and it is maddening. Spotify also deletes songs that I’ve saved to my library and it WONT delete songs that I know I HAVE deleted several times over. It’s going to be a real pain saving my whole library collection into Apple Music but honestly dealing with the problems with Spotify is ridiculous.
You at 01:01 PM, Jul 16",588
Spotify,324684580,US,14311496016,2026-07-16T13:02:22-07:00,5,zion adegunle,omg i love spotify soooo muchhh like even though i don’t have premium it gives me some ads but not all the time so it’s greattt,127
Spotify,324684580,US,14311488502,2026-07-16T12:59:48-07:00,1,"Morally decent, morally not.","Doesn’t give masters to the artist and profits off of creators, then fund’s money into weapons contracts that are Israeli.",122
Spotify,324684580,US,14311484987,2026-07-16T12:58:34-07:00,5,We need more than just one player,😍🥰good,6
Spotify,324684580,US,14311476509,2026-07-16T12:55:35-07:00,5,Good,I love that they have books and can listen to the go,52
Spotify,324684580,US,14311470388,2026-07-16T12:53:27-07:00,4,Too much to boring,There are too many ads getting annoying now,43
Spotify,324684580,US,14311470326,2026-07-16T12:53:26-07:00,5,Spotify,"Spotify is great! I use it everyday it is very convenient and easy you use. I can listen to any song I want without worrying if it’s on there. They make custom
Mix’s based on what you listen to and it is usually very accurate and a good listen So if you’re wonder-in if it’s better than others it rly isi can listen to every song I want they have it all",353
Spotify,324684580,US,14311466608,2026-07-16T12:52:10-07:00,5,Bru,Bru,3
Spotify,324684580,US,14311459611,2026-07-16T12:49:46-07:00,5,Top,Top,3
Spotify,324684580,US,14311458744,2026-07-16T12:49:27-07:00,3,Kind of bad,Won’t let me load in,20
Spotify,324684580,US,14311452788,2026-07-16T12:47:22-07:00,5,Good,I like it a lot way better than Apple Music,43
Spotify,324684580,US,14311450115,2026-07-16T12:46:27-07:00,5,it’s calming,I love this so my h,19
Spotify,324684580,US,14311449449,2026-07-16T12:46:13-07:00,5,My Spotify rating,It’s great and get it now,25
Spotify,324684580,US,14311443365,2026-07-16T12:44:07-07:00,5,Best music app on here,Every other app is BS. Spotify works perfect is fireee,54
Spotify,324684580,US,14311442139,2026-07-16T12:43:42-07:00,5,One day…,one day all of the music will be in my ears… :),47
Spotify,324684580,US,14311429461,2026-07-16T12:39:22-07:00,1,This is T R A S H,I WISH THE OWNER OF THIS COMPANY NEVER EXISTED BECAUSE NOW WE HAVE TO GET ROBBED TO LISTEN TO SONGS OUR WAY😡😭😡😭😡😭😡😭😡😭😡😭😡😡😡😭😭😭😡😭😡😭😭😭😡😡😡😭😭😡😡😭,139
Spotify,324684580,US,14311428508,2026-07-16T12:39:02-07:00,2,Get rid of the AI algorithms,"I have a Spotify premium plan out there for quite a while. I believe even since 2016. And have been an avid music listener. I pretty much have music playing all day every day and I usually stick to my own playlist but every now and then I like to hunt for some new music so I go to the Discover playlist and all it really does is play the recycled mainstream stuff from the radio or just play a bunch of stuff that I have in my playlist that I haven’t listened in a while at this point I feel like it’s better to just go back to radio sure there will be ads, but at least it will be free and I won’t be wasting my money nor supporting Spotify anymore",650
Spotify,324684580,US,14311427535,2026-07-16T12:38:43-07:00,5,The best music app,It’s so good and it’s really easy to sign in and the songs are bomb,67
Spotify,324684580,US,14311423463,2026-07-16T12:37:21-07:00,5,Good,Very good,9
Spotify,324684580,US,14311418326,2026-07-16T12:35:37-07:00,5,Mi favorita y única aplicación de musica.,Me encanta.,11
Spotify,324684580,US,14311411435,2026-07-16T12:33:14-07:00,4,Ah,Salen muchos comersiales son tontos ahhhhh chiwawa,50
Spotify,324684580,US,14311410869,2026-07-16T12:33:02-07:00,5,Changed My World,"Spotify’s ability to understand my varied tastes in music and present me with new options has changed my life, musically speaking. It also will tell me when the bands I’ve “liked” are coming to town. I don’t know how I could possible keep up with all these different artists and their tour schedules otherwise. Keep doing what you’re doing Spotify, you’ve got a lifelong user out of me!

Update 7/2026: The app has been painfully slow loading my podcasts for months now. Prices keep increasing. And despite putting in effort to “follow” every artist that I may have in interest in seeing live, it doesn’t show me all of who is coming to town, and I’m talking about artists that have shows set up in their live events section that I’m following.",744
Spotify,324684580,US,14311405265,2026-07-16T12:31:07-07:00,5,Ex Dir,Tha Bomb,8
Spotify,324684580,US,14311399290,2026-07-16T12:29:04-07:00,5,Love Spotify!,Been using for years now. The best!,35
Spotify,324684580,US,14311394063,2026-07-16T12:27:14-07:00,1,Ai in use,I want music not ai trash,25
Spotify,324684580,US,14311381673,2026-07-16T12:23:03-07:00,5,Good,Good!,5
Spotify,324684580,US,14311377106,2026-07-16T12:21:29-07:00,5,Best app,My favorite,11
Spotify,324684580,US,14311360795,2026-07-16T12:16:06-07:00,5,Awesome,Awesome,7
Spotify,324684580,US,14311346857,2026-07-16T12:11:25-07:00,1,Songs aren’t playing,My music won’t play,19
Spotify,324684580,US,14311341854,2026-07-16T12:09:44-07:00,5,Perfect,Love every detail,17
Spotify,324684580,US,14311333113,2026-07-16T12:06:48-07:00,1,It sucks,This app sucks it’s stuck on shuffle cause I don’t want to use premium.,71
Spotify,324684580,US,14311331061,2026-07-16T12:06:07-07:00,5,Very good,Best music streaming ever dawg,30
Spotify,324684580,US,14311328118,2026-07-16T12:05:10-07:00,1,Expensive,Expensive,9
Spotify,324684580,US,14311319409,2026-07-16T12:02:17-07:00,3,It’s pretty okay,"As of right now I am rating this using the free version. It plays music. I don’t have issues with errors or anything of the sort. Of course, recently things have been a little better for the free plan and we can select what songs we’d like to listen to for a little bit, but after a while of actually picking it goes right back to forcing me to play a playlist entirely on shuffle. It also only allows you to skip 6 songs per hour and I don’t know exactly how that works either. I think the only difference between this and YouTube is that the ads in Spotify are longer but less frequent, and you can turn your device off when listening with Spotify. If either of those things are very important to you, then Spotify is fine. Otherwise it’s not much different than using YouTube for me.",786
Spotify,324684580,US,14311312412,2026-07-16T11:59:58-07:00,5,Wow!,Best music app I’ve ever had! There’s podcast audiobooks and so many options for songs music you can create your own playlist you can post playlist. It’s one of the best apps ever! thank you Spotify. This is app is amazing. Have a great day!,241
Spotify,324684580,US,14311299392,2026-07-16T11:55:34-07:00,1,branding,"if you aren’t in it for the love of music, why do it at all? we deserve to have at least one good company. have integrity.",122
Spotify,324684580,US,14311296383,2026-07-16T11:54:33-07:00,5,Spotify,Muy buena,9
Spotify,324684580,US,14311289861,2026-07-16T11:52:22-07:00,3,CEO,Way to much repeating.,22
Spotify,324684580,US,14311278678,2026-07-16T11:48:40-07:00,3,Wow,So now we have to pay money to pick what song we want to play? And you can only skip 6 songs a hour so dumb. Stick to Apple Music,129
Spotify,324684580,US,14311270122,2026-07-16T11:45:49-07:00,5,The best songs is insider and the low price to get premium is the best,five stars the best of the best,31
Spotify,324684580,US,14311264820,2026-07-16T11:44:02-07:00,5,Spotify is AMAZING!!,"I used to have to listen to music on pandora, then i got spotify, and I LOVE IT!!!",82
Spotify,324684580,US,14311258183,2026-07-16T11:41:52-07:00,5,Yay=),Love the music,14
Spotify,324684580,US,14311246716,2026-07-16T11:38:01-07:00,5,Spotify,Great setup. The premium is worth it. What are you waiting for download Spotify,79
Spotify,324684580,US,14311240600,2026-07-16T11:36:01-07:00,5,Glitching,This is always been my favorite app but lately it’s been glitching out a lot. When I press pause. It doesn’t pause it just stops mid song for no reason.,152
Spotify,324684580,US,14311239480,2026-07-16T11:35:38-07:00,5,Todo lo que necesito,Entre menos anuncio mejor🤭,26
Spotify,324684580,US,14311228369,2026-07-16T11:32:01-07:00,3,Bad timing,The request for review was bad timing as the song I was listening to in my home (Starlink) was just repeating a section and harshed my late morning Chi.,152
Spotify,324684580,US,14311227001,2026-07-16T11:31:32-07:00,5,Love,Amazing 💯,9
Spotify,324684580,US,14311225875,2026-07-16T11:31:11-07:00,3,Translation,Need Lyrics translation to different languages,46
Spotify,324684580,US,14311218763,2026-07-16T11:28:51-07:00,1,"Quality worsening, prices increasing.","Spotify used to be great value, year after year they worsen the UI while increasing the cost of the product. Year after year it gets harder to keep the subscription going.",171
Spotify,324684580,US,14311217908,2026-07-16T11:28:33-07:00,5,I love this app!,"You get to sign up for free and it has every music that I liked, but the problem is you to buy Spotify premium to listen songs forever yeah that kinda sucks but I still love this app!",183
Spotify,324684580,US,14311205380,2026-07-16T11:24:31-07:00,5,Uhm..,"I mean the app itself is really good. There’s a whole lotta options. You can listen to just about anything on here, but I wouldn’t let a young kid have it because with all of the pros comes it’s all you have to do is look up a certain thing and then really inappropriate and it just pop up, which I wouldn’t want any young child seeing there are also certain audios that you can listen to that are very 18+ so if I was a parent downloading this for a child, I would not do it :/",478
Spotify,324684580,US,14311190372,2026-07-16T11:19:34-07:00,1,Change,They’ve changed some features to be more obnoxious and less generous. It’s greedy,81
Spotify,324684580,US,14311179569,2026-07-16T11:16:04-07:00,4,I think this is a really weird glitch..?,"So, I don't go on the app for like a week and it won't load so I have to remove it and reinstall it. This has happened twice. Idk what is happening, but it just won't load. Otherwise it is a great music app",206
Spotify,324684580,US,14311172692,2026-07-16T11:13:50-07:00,5,Love,😍I love💑Spotify,15
Spotify,324684580,US,14311148728,2026-07-16T11:06:08-07:00,5,67 skipidy cop dop,Brain rot 67 scuba,18
Spotify,324684580,US,14311146828,2026-07-16T11:05:30-07:00,5,Amazing app,I only listen to Spotify they could do better like allowing us to add all our liked songs or select multiple songs into a shared album but other than that amazing,162
Spotify,324684580,US,14311137610,2026-07-16T11:02:33-07:00,5,hi,lol,3
Spotify,324684580,US,14311134870,2026-07-16T11:01:43-07:00,3,Slow,Spotify keeps crashing on me and it seems like it keeps getting slower with loading my music,92
Spotify,324684580,US,14311131901,2026-07-16T11:00:46-07:00,5,Awesome app,"I’m not a bot this apps way better then Apple Music, amazing list of endless songs never glitches and overall is hella smooth.",126
Spotify,324684580,US,14311117824,2026-07-16T10:56:19-07:00,5,Love Spotify,Spotify helps me when I’m down I love you Spotify idk what I’d do without you,77
Spotify,324684580,US,14311110658,2026-07-16T10:54:07-07:00,5,Mj fans here,I like the music,16
Spotify,324684580,US,14310319710,2026-07-16T07:02:28-07:00,5,спотифай,"перелистывать более 6 раз трек нельзя, это конечно жалко",56
Spotify,324684580,US,14310317828,2026-07-16T07:01:56-07:00,5,Spotify seems to read my mind!,"When I am listening to music on Spotify, Spotify seems to read my mind and play music that I love to listen to! And thy are spectacular at picking out new music and artists for me to listen to! So far, I would highly recommend listening to music on Spotify to EVERYONE who enjoys listening to music! Every day I listen to music on Spotify. It’s like carrying a full music library collection wherever you go! If you had to pay for all of that music, you’d probably spend a small fortune!",486
Spotify,324684580,US,14310296191,2026-07-16T06:55:47-07:00,5,BMW Favs,Wide variety of genres & selections within each genre!,54
Spotify,324684580,US,14310271670,2026-07-16T06:48:47-07:00,5,Hard on bass,Spotify and been my go to for years don't regret the switch music is really clear and hits hard in bass and very user friendly definitely my daily music app 100 %. Recommend,173
Spotify,324684580,US,14310271388,2026-07-16T06:48:42-07:00,5,The best,Spotify is the best there is plain and simple,45
Spotify,324684580,US,14310230431,2026-07-16T06:36:55-07:00,2,Fix the scroll bar,"Scroll bar on the right side of the app is useless. Can’t ever use it to scroll fast, try to tap, long press, drag, nothing works. So I’m stuck scrolling through hundreds of podcast episodes because you also don’t offer a quick jump for those either.",250
Spotify,324684580,US,14310198705,2026-07-16T06:27:47-07:00,5,Just love it!,"Spotify really just makes the workday so much better and there’s so many options and choices to listen to. I love that it’s free!  I could live my life without it, but I certainly would not want to. I enjoy it so much!",218
Spotify,324684580,US,14310169906,2026-07-16T06:19:22-07:00,5,Great app,I’ve always loved Spotify. No complaints,40
Spotify,324684580,US,14310164755,2026-07-16T06:17:49-07:00,5,THANK U SPOTIFY,I hate ads,10
Spotify,324684580,US,14310135227,2026-07-16T06:09:01-07:00,1,Hate it,AI sucks,8
Spotify,324684580,US,14310098417,2026-07-16T05:58:14-07:00,5,Love saving my favorites by category,Great sound quality. Awesome choices of all genres.,51
Spotify,324684580,US,14310090473,2026-07-16T05:55:52-07:00,3,Okay used to be better,To many adds in between songs and too expensive for premium. I used to really enjoy this app when it came out but not it seems ever app wants money- I miss the good days 😤,171
Spotify,324684580,US,14310076703,2026-07-16T05:51:37-07:00,3,Cost,"Price keeps going up, getting expensive to keep.",48
Spotify,324684580,US,14310076002,2026-07-16T05:51:24-07:00,5,The latest updates add a lot!,I like the lyrics showing up in the normal screen. I haven’t seen ask the other new features - still exploring. Keep I the good work.,133
Spotify,324684580,US,14310075150,2026-07-16T05:51:08-07:00,2,It does the job,I miss the songs all having lyrics. Also it freezes a lot even though I pay premium.,84
Spotify,324684580,US,14310052666,2026-07-16T05:44:17-07:00,4,MESSAGE,I CAN NEVER LOCATED MESSAGES FROM OTHERS .,42
Spotify,324684580,US,14310048568,2026-07-16T05:43:01-07:00,5,spotify,i love it,9
Spotify,324684580,US,14310023539,2026-07-16T05:35:19-07:00,5,The best music app,"This app is my only 
worthy monthly subscription😂",49
Spotify,324684580,US,14310015552,2026-07-16T05:32:49-07:00,5,Music,I like music,12
Spotify,324684580,US,14310014969,2026-07-16T05:32:38-07:00,5,Rainbows & stuff,Just listen to it it's a grate song,35
Spotify,324684580,US,14310012231,2026-07-16T05:31:46-07:00,5,Wonderful,Everything you could ask for in a music app!!! Thank you,56
Spotify,324684580,US,14310010320,2026-07-16T05:31:10-07:00,3,too much ads,i keep getting ads and the same ones over and over again after i put to block the ad but overall a great app🥹,109
Spotify,324684580,US,14309978159,2026-07-16T05:20:57-07:00,5,Adding live concerts,Add live concert songs!,23
Spotify,324684580,US,14309975427,2026-07-16T05:20:07-07:00,1,Advertisements?,Not thrilled about ads for unrelated service from a service / app I’m already paying for.,89
Spotify,324684580,US,14309961083,2026-07-16T05:15:28-07:00,4,Idk,"spotify is great, but it’s only great because I have premium. stop the ads broski.",82
Spotify,324684580,US,14309946438,2026-07-16T05:10:49-07:00,5,The Best,I love using this app to listen to music,40
Spotify,324684580,US,14309889840,2026-07-16T04:52:13-07:00,5,Absolutely nice,I haven’t had any problems except the ads and I don’t have the money to but premium but very very nice,102
Spotify,324684580,US,14309863558,2026-07-16T04:43:26-07:00,5,The gold standard,"Tried others, always came back.",31
Spotify,324684580,US,14309831611,2026-07-16T04:32:40-07:00,5,I love Kanye,Jus get premium no one deserves ads💔,36
Spotify,324684580,US,14309827628,2026-07-16T04:31:21-07:00,5,5 stars,This app is a big W,19
Spotify,324684580,US,14309792953,2026-07-16T04:19:23-07:00,5,Moon over suck creek,Great song,10
Spotify,324684580,US,14309772400,2026-07-16T04:12:08-07:00,5,My best app,I have varied taste in music in Spotify allows me to listen to almost any song at any time.,91
Spotify,324684580,US,14309772230,2026-07-16T04:12:04-07:00,5,Great recommendations,So I’ve been using Spotify for about over a decade. Gotta say it’s my top app. The 15 hour books are a nice topping :),118
Spotify,324684580,US,14309725488,2026-07-16T03:55:18-07:00,5,Love my music,Thank you for the made for me playlists. Love them,50
Spotify,324684580,US,14309697223,2026-07-16T03:44:47-07:00,1,Shuffle,Same songs over and over,24
Spotify,324684580,US,14309650005,2026-07-16T03:27:05-07:00,5,Goid,I am very happy! My favourite place,35
Spotify,324684580,US,14309643880,2026-07-16T03:24:46-07:00,4,Mostly worth it,"Hate the AI, but the rest of the formatting is great.",53
Spotify,324684580,US,14309635326,2026-07-16T03:21:25-07:00,5,Very amazing by Melanie a rivera ( if your wondering),It is a very good app I love it a lot and it helped me through hard times and just amazing literally has any song and good navigation and sectioning very good Melanie approved .,177
Spotify,324684580,US,14309611146,2026-07-16T03:12:05-07:00,5,HOLY LOVE,I just….love it ALL OF IT!!,27
Spotify,324684580,US,14309509756,2026-07-16T02:32:12-07:00,1,too many ads,too many ads,12
Spotify,324684580,US,14309459097,2026-07-16T02:11:39-07:00,3,The most recent report from a study published by researchers from University of Michigan fo,I miss spotify so much,22
Spotify,324684580,US,14309428327,2026-07-16T01:59:12-07:00,5,Christian Fluhr check his music,Check out Christian Fluhr for cool Instrumental music here on Spotify,69
Spotify,324684580,US,14309397953,2026-07-16T01:47:01-07:00,5,I ABSOLUTELY RECOMMEND,I love Spotify so much I love how once you make a list of songs you like they don’t get deleted or anything like Apple Music does and it’s just so much easier to use i recommend and I just love this app so much to listen to my music💓,233
Spotify,324684580,US,14309288718,2026-07-16T01:01:21-07:00,3,Breddy gud,"Yeah it’s good, 3 stars fine-

Better than paying 15 dollars per 10 songs like the analog/cd era.

Get more underground hits! I’ve got so many vinyl records that will never be on here. Send some archivists out there to record these disappearing hits. There’s so much material from mainstream big artists that isn’t on here, specifically singles, split 7inch singles, etc.

Also why such censorship? Big artists get away with murder but small historical channels like Foundring get deleted. The man is a musical historian who finds American sheet music that are 100 years old and some have bad words. Who CARES. Reinstate his music please.",638
Spotify,324684580,US,14309283118,2026-07-16T00:58:54-07:00,5,Music taste,I love this app it has all of the music I want and also when i playing I hear songs if I am taking a shower I hear the song ❤️‍🔥,128
Spotify,324684580,US,14309273959,2026-07-16T00:54:55-07:00,5,Life changing bro,I literally use this app every day 24/7 and it changes my life it literally unlocks a world of any music you could think of I live off of music I eat sleep dream music repeat thank god I exist in the same universe as Spotify ily,228
Spotify,324684580,US,14309226280,2026-07-16T00:34:32-07:00,1,Too much ads,I use to love this app but now it has too much ads like just two song and already saying hello,94
Spotify,324684580,US,14309199798,2026-07-16T00:23:13-07:00,5,Why I love Spotify,I love Spotify because I listen to a certain place when I go to sleep and the music is so clear and I only use Spotify for the music and to also calm down so thank you so much for helping me with my anxiety,206
Spotify,324684580,US,14309197986,2026-07-16T00:22:27-07:00,5,Yas queen,It’s amazing easy and a whole vibe tots recommend tho the ads are annoying af lol but it beats Apple Music and YouTube 100% better,130
Spotify,324684580,US,14309176409,2026-07-16T00:13:13-07:00,3,Premium price,Price for premium is too expensive for a individual plan,56
Spotify,324684580,GB,14281655309,2026-07-09T04:27:51-07:00,1,the worst,so insanely laggy and ai music everywhere which nobody wants or asked for,73
Spotify,324684580,GB,14281397441,2026-07-09T02:55:15-07:00,5,Spotify feedback,"I love the spotify app. I had the free version of it and was happy with it, just the adverts of course, but to be expected when it's free. I share a spotifu premium account with my husband. The music selection and variety is fantastic and it's so great you can save playlists to your library and download a playlist for offline listening (saves eating all your mobile data 4G/5G. I love the functions like the shuffle, skipping songs, and lyrics being available. I love that you do an audio and a music video also. It's a really easy to use fantastic music app and resource for all your music needs, to keep up with lots of genres of music, plus newly released music, chart-toppers/popular songs etc. I do love also that it has relaxation, focus, meditation, spa, study and sleep music. It really has a lot to offer as an app. Always use it, and prefer to YouTube as not interested in a premium YouTube account. Highly highly recommend for all music lovers! ❤️❤️❤️❤️",966
Spotify,324684580,GB,14281357203,2026-07-09T02:39:28-07:00,5,Good,It has all the song I love but it would be better if they had clean version of some of the Hamilton songs.,106
Spotify,324684580,GB,14281356432,2026-07-09T02:39:09-07:00,1,Lost the sparkle,It used to be fast. Nowdays it loads the music really slow. Too many videos. Too many crashes. Please come back to the original speed goal that made Spotify great.,163
Spotify,324684580,GB,14281278918,2026-07-09T02:07:45-07:00,5,Mr,Fantastic work,14
Spotify,324684580,GB,14281132714,2026-07-09T01:07:08-07:00,1,Family account!,Great depth of music and breadth of musical knowledge. But the family plan just isn’t working. It’s loads of money for a service that doesn’t work!,147
Spotify,324684580,GB,14281071715,2026-07-09T00:38:48-07:00,5,Nice,Good,4
Spotify,324684580,GB,14281004099,2026-07-09T00:10:01-07:00,5,Spotify,Favourite app ever!,19
Spotify,324684580,GB,14280798334,2026-07-08T22:41:28-07:00,5,It’s amazing,"The practicality that Spotify offers as well as their good deals is great, it is unfortunate that most good features are locked behind a paywall but I believe it is worth it for the freedom you get after.",204
Spotify,324684580,GB,14280663900,2026-07-08T21:44:13-07:00,2,Maskandi only,I like maskandi can you show me more,36
Spotify,324684580,GB,14280086257,2026-07-08T18:02:39-07:00,1,Not receiving any email for a password reset,"Never received the email, checked on Mail and Gmail and nothing was there. Was logged out of my account out of nowhere and can’t log in.",136
Spotify,324684580,GB,14279828418,2026-07-08T16:22:46-07:00,5,Review,Fantastic,9
Spotify,324684580,GB,14279772288,2026-07-08T16:00:38-07:00,1,Idk,Spotify keeps giving me these review popups so I give it a 1 star,65
Spotify,324684580,GB,14279697475,2026-07-08T15:31:03-07:00,5,spotify,it’s lowkey mid but good songs n ads are hella annoying x,57
Spotify,324684580,GB,14279656873,2026-07-08T15:15:12-07:00,1,"Shuffle is terrible, and I still have play problems",The shuffle plays me about four artists even though I have a huge liked song playlist. It’s getting very frustrating. I also have problems with scrubbing. A podcast or a song will suddenly stop playing garble along a bit and then start playing again.,250
Spotify,324684580,GB,14279598269,2026-07-08T14:52:27-07:00,1,Buffering and connection issues,For the past 12+ months the app does not seem to work effectively. I have deleted and started again but no difference made. Used to love this app!,146
Spotify,324684580,GB,14279593437,2026-07-08T14:50:39-07:00,5,Spotify,Rather delightful,17
Spotify,324684580,GB,14279404442,2026-07-08T13:39:56-07:00,5,Highly recommend,It’s such a good way to get out of reality and getting away from things,71
Spotify,324684580,GB,14279352300,2026-07-08T13:21:11-07:00,1,Spotify,It is awful you can’t listen to what you want to and you can’t change it would use Apple Music it’s so much better,114
Spotify,324684580,GB,14279294482,2026-07-08T13:00:39-07:00,5,Amazing,Lots of different songs and some songs I haven’t even heard since I was 10 and it sounds so amazing to look up songs and artists and it’s so easy to look your favourite music up I love Spotify,192
Spotify,324684580,GB,14279256021,2026-07-08T12:47:07-07:00,5,Awesome,I love this app I listen to lodes of songs,42
Spotify,324684580,GB,14279149046,2026-07-08T12:10:23-07:00,5,Spotify review,I love spotify and its high quality music. There is also loads of options of songs but i would appreciate more song skips/ picks without having to pay for premium.,163
Spotify,324684580,GB,14279124754,2026-07-08T12:02:09-07:00,1,Review,"Please let me choose my songs, I do not have the money for premium and I just want to listen to my beats.",105
Spotify,324684580,GB,14279102882,2026-07-08T11:54:50-07:00,5,premium,i love spotify i just wished you didn’t need to pay for premium 🥲,65
Spotify,324684580,GB,14279081085,2026-07-08T11:47:31-07:00,5,Yes,Ya,2
Spotify,324684580,GB,14278987184,2026-07-08T11:16:17-07:00,1,So bad and slow now,"Fails consistently to play songs its downloaded, Fails consistently to search songs when on wifi or data. Same with all friends. Slow, awful app",144
Spotify,324684580,GB,14278960215,2026-07-08T11:07:26-07:00,4,Why Do You Need Premium to Play Songs in Order?,"Personally, I think it’s stupid that you need premium just to play sings in order. I try to press on a song and it says I need premium to play songs in order. It just says “Songs play in a random order” and I don’t think you should need premium for this.",254
Spotify,324684580,GB,14278928575,2026-07-08T10:57:13-07:00,5,Best,Best ever music app. Love it . Never thought listening your choice  music would be that easy,92
Spotify,324684580,GB,14278888492,2026-07-08T10:44:27-07:00,5,Great 4 stars,Is Amazing in my opinion but the ads are annoying they take so long,67
Spotify,324684580,GB,14278876461,2026-07-08T10:40:34-07:00,5,Bug,"I can’t see my listening stats after 3 days of the new week. 
I also think you should have a listen to later section, somewhere we can listen and fully take in the music when we’re ready",186
Spotify,324684580,GB,14278810422,2026-07-08T10:19:26-07:00,5,Spotify,This is amazing listen for free got data listen to it anywhere,62
Spotify,324684580,GB,14278793230,2026-07-08T10:13:59-07:00,1,4 ads between songs?,"Have a 1 star review, and no I’m not buying premium",51
Spotify,324684580,GB,14278766184,2026-07-08T10:05:34-07:00,5,Family.,"Started a family plan on Spotify a few days ago whilst abroad. Marvellous! 
Should have done it sooner. 
Used every day!! 
Rich Ward 
Whitby.",141
Spotify,324684580,GB,14278391788,2026-07-08T08:13:20-07:00,5,yummers,top notch yummers fellarino,27
Spotify,324684580,GB,14278299414,2026-07-08T07:47:08-07:00,1,sugestões que ignoram meus gostos,"vc escuta um ep de um podcast uma vez na vida e a plataforma te inferniza mostrando mais daquele podcast toda santa hora, mesmo vc falando que não tem interesse. então pra que tem a opção de falar que não tenho interesse se vcs não me escutam?
e gente, qq vcs fizeram com as descobertas da semana? separaram por gênero pra gente trabalhar mais falando o que é bom e o que não é? vcs não tão melhorando nossa vida não. eu costumava amar esse app, agora é só sugestão bosta!",472
Spotify,324684580,GB,14278292519,2026-07-08T07:45:10-07:00,5,Very good app,Amazing sound quality,21
Spotify,324684580,GB,14278261185,2026-07-08T07:36:22-07:00,5,Spot on Spotify,I don’t think I can live without it.,36
Spotify,324684580,GB,14278167902,2026-07-08T07:10:06-07:00,1,Pay to win.,"Can’t even listen to my own playlist without paying for premium!! I can’t skip songs, I can’t make a queue. Pay to win and it’s disgusting",138
Spotify,324684580,GB,14278131032,2026-07-08T06:59:30-07:00,4,It good but pricey,It was pretty expensive,23
Spotify,324684580,GB,14277914704,2026-07-08T05:56:05-07:00,5,W app,W app,5
Spotify,324684580,GB,14277914121,2026-07-08T05:55:54-07:00,5,Best app ever,Much better than Apple Music you get to make your own playlist best app ever,76
Spotify,324684580,GB,14277913185,2026-07-08T05:55:36-07:00,4,Merge playlist,Let us merge playlists together instead of having to make new playlists with the same songs. Should be able to select from my list and shuffle songs from the playlists chosen,174
Spotify,324684580,GB,14277902450,2026-07-08T05:52:22-07:00,5,Yes,Greatest app oat saved lives fr🙏,32
Spotify,324684580,GB,14277658269,2026-07-08T04:34:21-07:00,3,Can you fix this,I’ve been using Spotify for a while but sometimes it puts me on offline mode while I have full WiFi and mobile data and it gets really annoying but except from that I really love the app and I defo recommend premium family plan,227
Spotify,324684580,GB,14277562293,2026-07-08T04:00:39-07:00,3,The song,I put on a song and it does a differnt one,42
Spotify,324684580,GB,14277523792,2026-07-08T03:46:34-07:00,1,Every playlist merges to one playlist,Personalisation has turned every playlist (which has different genres) into one playlist based on what I’m listening to the most recently. It won’t let me alter to different styles,180
Spotify,324684580,GB,14277459057,2026-07-08T03:22:08-07:00,5,Fab,Great platform,14
Spotify,324684580,GB,14277402264,2026-07-08T03:00:06-07:00,5,Love it,Love it I get to hear the best songs and their shuffle feature is amazing,73
Spotify,324684580,GB,14277100671,2026-07-08T00:52:23-07:00,1,Adds if you don’t pay,It should be free of adds.,26
Spotify,324684580,GB,14277093361,2026-07-08T00:49:09-07:00,5,An amazing app,"Spotify is amazing. It enables me to access the music I enjoy listening to and to create a number of playlists with different music styles, specific artists, artists, etc and only including those songs and tunes I want on the playlist. Of the playlists I have made public, one currently has been saved by 3,400 people and another 270. It is encouraging to know others are enjoying a playlist when this happens. The shuffle aspect is a great feature so the order can randomly change. I have given my CD collection to charity shops since subscribing. I also enjoy accessing nonfiction podcasts and free audiobooks. It can be a bit frustrating when an audiobook is withdrawn if I want to listen again. The ability to access and save podcasts is also useful and to replay them at my leisure. The sleep timer is very clever as I regularly listen to podcasts at night as they enable me to eventually drift off to sleep. Podcasts are both educational and stimulating. Thank you, Spotify.",980
Spotify,324684580,CA,14294477557,2026-07-12T08:11:23-07:00,5,J’adore,J y trouve toute ma musique aussi éclectique soit-elle .. elle me suit partout avec une qualité de compression et de diffusion correcte. Avec les augmentations de prix j’espère seulement que les auteurs-compositeurs-interprètes reçoivent un peu plus et que la question des segments sonores créés par l’IA est réglée par un engagement clair de les retirer et les bannir à jamais.,378
Spotify,324684580,CA,14294469665,2026-07-12T08:09:06-07:00,5,Amazing app,I can put this on my PS5,24
Spotify,324684580,CA,14294458486,2026-07-12T08:05:50-07:00,5,Please change it,I just don’t like how we’re not allowed to turn off shuffle without premium,75
Spotify,324684580,CA,14294398625,2026-07-12T07:48:31-07:00,5,Genial,Me encanta la función,21
Spotify,324684580,CA,14294334825,2026-07-12T07:30:06-07:00,4,Discovery,The ability to learn a new music and new artists. There’s nothing like it.,74
Spotify,324684580,CA,14294322192,2026-07-12T07:26:29-07:00,5,Spotify glamour,This app has all the bangers I love and it’s so much fun,56
Spotify,324684580,CA,14294158804,2026-07-12T06:38:36-07:00,1,ad,6 ads after 2 songs has to be a crime each 1 min long and making a picture for cover and ad kicked me out,105
Spotify,324684580,CA,14294107576,2026-07-12T06:23:07-07:00,5,cool,Justin dide,11
Spotify,324684580,CA,14293674330,2026-07-12T03:56:27-07:00,5,I love Spotify so much,It’s very good,14
Spotify,324684580,CA,14293062605,2026-07-11T23:46:55-07:00,4,Annoying,Why can’t I just pay on the app,31
Spotify,324684580,CA,14293050329,2026-07-11T23:41:38-07:00,5,Awesome!,>:3,3
Spotify,324684580,CA,14292705474,2026-07-11T21:12:47-07:00,2,Redundant ads!!!!!,"Reduce the ads!! It literally gives me a commercial after every 2 songs. I can’t even relax with my “relaxing playlist” when theres this skincare ad disrupting my vibe everytime. Even worse,, it’s THE SAME ADS EVERYTIME.. DO SOMETHING ABOUT THIS",245
Spotify,324684580,CA,14292686009,2026-07-11T21:04:48-07:00,5,The Best app!,"Spotify has been my go-to music app for years. I love how easy it is to discover new artists, create playlists, and listen to my favorite songs anywhere. 😮‍💨",157
Spotify,324684580,CA,14292644949,2026-07-11T20:48:21-07:00,5,It’s awesome,It’s awesome,12
Spotify,324684580,CA,14292552445,2026-07-11T20:12:02-07:00,2,"Still, Spotify","But for some reason, the mobile apps optimization is garbage. Takes upwards of five minutes to just load the main menu for me.",126
Spotify,324684580,CA,14292526304,2026-07-11T20:02:12-07:00,1,Too many ads,It was nice when it was free. I wish there was something between the free and $15 price.,88
Spotify,324684580,CA,14292484936,2026-07-11T19:46:25-07:00,5,So smelly,My room is so stinky I can’t even get out of bed so Spotify helps me not be bored,81
Spotify,324684580,CA,14292467917,2026-07-11T19:40:02-07:00,5,Ahhhh,W song app,10
Spotify,324684580,CA,14292442704,2026-07-11T19:30:26-07:00,5,Why spotify is good,"It’s good. 10/10, yeahhhhhh I’m out, cya later",46
Spotify,324684580,CA,14292431122,2026-07-11T19:26:04-07:00,4,good,could b better but damn good,28
Spotify,324684580,CA,14292155851,2026-07-11T17:43:47-07:00,5,Spotify is the best music platform!,"All of the songs, all the time. Thanks Spotify.",47
Spotify,324684580,CA,14292056912,2026-07-11T17:06:27-07:00,1,App stops working,App stops working when I skip a song and I have to force close it to get it to work again. For a paid service I would expect better than this.,142
Spotify,324684580,CA,14292030203,2026-07-11T16:56:16-07:00,5,Smart shuffle,I loved that they removed smart shuffle because it was lowk a dumb feature but now i can hoop in peacr without the smart shuflle,128
Spotify,324684580,CA,14291938913,2026-07-11T16:19:55-07:00,1,Too expensive,Too expensive.,14
Spotify,324684580,CA,14291926485,2026-07-11T16:14:51-07:00,5,Super,Domage les annonces qui n’avait pas avant ..,44
Spotify,324684580,CA,14291915590,2026-07-11T16:10:30-07:00,5,Best app,This is my favourite app because I’m a,38
Spotify,324684580,CA,14291808688,2026-07-11T15:28:05-07:00,1,Wth,I got the app recently and I can’t even skip the parts in any song I want to and I can’t even pick what songs I want to listen to it automatically shuffled it to a song a I don’t even have on my playlist it was great at first but now this is just a scam the app is trying to get me to get so annoyed I wanna buy premium even though am kinda broke rn so I can’t do anything probably gonna switch back to Apple Music this is such a scam,434
Spotify,324684580,CA,14291774590,2026-07-11T15:14:25-07:00,5,Love y’all,You guys are the best,21
Spotify,324684580,CA,14291771689,2026-07-11T15:13:20-07:00,5,Buying premium was the best decision I have ever made,👍,1
Spotify,324684580,CA,14291687870,2026-07-11T14:42:04-07:00,5,Awesome,"It is great, all of the best songs.",35
Spotify,324684580,CA,14291666846,2026-07-11T14:33:56-07:00,5,Thx Spotify,This app really helps with my music needs,41
Spotify,324684580,CA,14291643055,2026-07-11T14:25:14-07:00,5,My fav,"This is an amazing app
Beautiful
Gracias",40
Spotify,324684580,CA,14291588358,2026-07-11T14:04:57-07:00,4,playback setting issue,why does my podcast playback speed always reset to 1???,55
Spotify,324684580,CA,14291579536,2026-07-11T14:01:41-07:00,5,Expensive,Been with it for almost 10 years. I think think for people who have been with you for so long shouldn’t have to pay so much. Your price should go down over the years. But the last one was like five dollars you guys raised it. It’s crazy.,237
Spotify,324684580,CA,14291549907,2026-07-11T13:51:06-07:00,5,Very good,I had this app for ever I love this app but the only bad thing about this app is that you do have to pay for it and that you have to us data went you are off line but I love it I recommend it.👍,193
Spotify,324684580,CA,14291526491,2026-07-11T13:42:45-07:00,1,Terrible.,I cannot listen to my favourite songs without having extra ones and being able to skip unwanted ones or go back aren’t an option. This new update is absolutely terrible.,169
Spotify,324684580,CA,14291513104,2026-07-11T13:37:57-07:00,5,Idk,I really like how they have songs that are my type i really love this app,73
Spotify,324684580,CA,14291502710,2026-07-11T13:34:15-07:00,1,Frustration,It keeps deleting my downloads. I’ll get in my truck all excited to rock out to Rita McNeil and I can’t cause it’s not downloaded anymore.,138
Spotify,324684580,CA,14291488101,2026-07-11T13:29:01-07:00,5,Head Who 🤩👍❤️🇨🇦🙏,Guess Who 🤩,11
Spotify,324684580,CA,14291477401,2026-07-11T13:25:06-07:00,5,The goat,Best app in the world,21
Spotify,324684580,CA,14291410486,2026-07-11T13:01:10-07:00,1,Price,this app cost way to much for premium it’s stupid,49
Spotify,324684580,CA,14291277162,2026-07-11T12:14:09-07:00,5,Awesome,I love Spotify however I wish they would provide me with more options of music similar to what is currently in my music library because even though I refresh the options at the end of my music library there are no new options.,226
Spotify,324684580,CA,14291274911,2026-07-11T12:13:21-07:00,3,I hate the ceo,I hate him,10
Spotify,324684580,CA,14290930022,2026-07-11T10:18:49-07:00,5,lol,5 star,6
Spotify,324684580,CA,14290909539,2026-07-11T10:12:21-07:00,5,Love It,"Exceptional Music!!! We SO enjoy listening every single day 😎 Spotify Music MAKES MY DAY 🤩

Life would UNBEARABLE 🥵
without Spotify 

Spotify makes my day Exceptional 😅😃😃😃

I couldn’t LIVE without
Spotify 😅",206
Spotify,324684580,CA,14290842813,2026-07-11T09:51:44-07:00,5,Best app,Should be add free and I want the improvement,45
Spotify,324684580,CA,14290598870,2026-07-11T08:38:43-07:00,2,Pas simple,"À chaque fois, je clique pour ecouter une toune, ce n’est pas celle qu’on m’a envoyé",84
Spotify,324684580,CA,14290125515,2026-07-11T06:22:44-07:00,2,Unfair,How am I still on premium for 2 years and I paid serval time and hasn’t been working at all always commercials over and over THATS NOT COOL,139
Spotify,324684580,CA,14290095574,2026-07-11T06:13:47-07:00,4,Une chose à améliorer,Le Spotify premium est vraiment bien mais il me conseil des chansons que j’aime pas.,84
Spotify,324684580,CA,14289655501,2026-07-11T03:46:35-07:00,4,Love Spotify hate glitches,I have issues downloading episodes for off line use. It sicks when you pay for premium features that do not work.,113
Spotify,324684580,CA,14289645135,2026-07-11T03:42:39-07:00,3,Price explosion,"Used to be $9.99 for years, now you want $30/cad.. same service",63
Spotify,324684580,CA,14289445551,2026-07-11T02:24:36-07:00,1,Podcast ads with premium memebership,"I don’t understand why I have to listen to these ads every time I listen to a new episode of a podcast. I pay for premium to not have to listen to them. 

Every episode, I hear an ad for Angie and the volume is cranked up to max. 

I cant use Spotify anymore. Its ridiculous.",275
Spotify,324684580,CA,14288981588,2026-07-10T23:12:36-07:00,5,Good stuff,I love it,9
Spotify,324684580,CA,14288980220,2026-07-10T23:12:01-07:00,5,I like this,Honestly it gets the point across and it’s a good platform to listen to music when bored.    The ads aren’t even that bad either,128
Spotify,324684580,CA,14288875618,2026-07-10T22:27:21-07:00,5,10/10!,Spotify has really songs and u can make playlists with your friends and family in addition to that you can make blends which is mixture of both peoples music taste! Lots more to Spotify.,186
Spotify,324684580,CA,14288778710,2026-07-10T21:46:16-07:00,5,Navseerat  .k Bhullar,Soooooo glad I got to download this,35
Spotify,324684580,CA,14288774128,2026-07-10T21:44:21-07:00,5,Good,Good but wayyy to many ads. When i mean too many i mean after 1 song 3 ads will play after,90
Spotify,324684580,CA,14288666901,2026-07-10T21:00:16-07:00,3,Premium is too expensive,"I LOVE Spotify, and I do enjoy the non paid version. However, I would be ready to pay for premium if it were a little less. 14 a month is just too much.",152
Spotify,324684580,CA,14288645487,2026-07-10T20:51:36-07:00,3,Good but becoming more costly,Generally good app but now charing for things they didn’t before.,65
Spotify,324684580,CA,14288580871,2026-07-10T20:25:54-07:00,1,Price up again!!,I’m up at 13.99 a month from a price jump again! I understand that this is for ad free music. That’s fine. It’s the podcast I hate! I also know that is the podcast it self that have the ads but I don’t get why Spotify won’t do anything about it? It’s there service it’s on? Put the ads for the non premium members? does anyone have a better service I can look into?,365
Spotify,324684580,CA,14288499568,2026-07-10T19:54:27-07:00,3,Review,Yall give way to much ads and be sensory my music bru like im a grown ah adult,78
Spotify,324684580,CA,14288498487,2026-07-10T19:54:02-07:00,1,New update slows everything,The new update has deteriorated the performance,47
Spotify,324684580,CA,14288452901,2026-07-10T19:36:41-07:00,5,PEAAAAKK,I LOVE THIS EVERYONE SHOULD LOVE THIS APP DOWNLOAD NOW OR NO HAPPYNESS FAAH,75
Spotify,324684580,CA,14288321622,2026-07-10T18:47:27-07:00,5,This is great,Great,5
Spotify,324684580,CA,14288317588,2026-07-10T18:45:57-07:00,4,괜춘,처음 거는 되게 괜찮았는데 그리고 디자인도 너무 예쁜 거예요. Spotify 근데 조금 아쉬운 게 뒤로도 못 넘기고 이제 노래 어딘가를 멈추지도 못하고 다시 듣기를 못 하니까 조금 많이 아쉬운 거 같애.,113
Spotify,324684580,CA,14288297468,2026-07-10T18:38:22-07:00,1,6 skips,remove the “you only get 6 skips per hour” it’s so annoying,59
Spotify,324684580,CA,14288286468,2026-07-10T18:34:17-07:00,5,I love it,Good music and good songs,25
Spotify,324684580,CA,14288205767,2026-07-10T18:03:54-07:00,5,Definitely recommend,Best music app I ever used,26
Spotify,324684580,CA,14288080492,2026-07-10T17:15:35-07:00,5,absolute cinema,this app makes me want to die and makes me love life at the same time,69
Spotify,324684580,CA,14288051875,2026-07-10T17:04:31-07:00,1,Stop,Stop asking me for reviews,26
Spotify,324684580,CA,14288042354,2026-07-10T17:00:50-07:00,1,Constantly gets more expensive,As title says,13
Spotify,324684580,CA,14287935722,2026-07-10T16:18:28-07:00,5,Spotify,Its there,9
Spotify,324684580,CA,14287921658,2026-07-10T16:12:52-07:00,5,Cool,Very good music,15
Spotify,324684580,CA,14287880382,2026-07-10T15:56:23-07:00,5,Peak,It’s just so peak🔥 can’t live without it.,41
Spotify,324684580,CA,14287878822,2026-07-10T15:55:46-07:00,1,EVERYTHING NEEDS PREMIUM,"Hello? I came to listen to music, but I can’t. IT NEEDS PREMIUM.  LIKE DO I NEED T PAY TO BREATHE??? IM GOING TO DELETE IT BECAUSE EVERYTHING NEEDS PREMIUM. ZERO STARS.",168
Spotify,324684580,CA,14287840482,2026-07-10T15:40:21-07:00,5,Great app,So good I’m loving it,21
Spotify,324684580,CA,14287798668,2026-07-10T15:23:48-07:00,3,PRICE,"Yall been making the prices waaayyy to much for just a single account!!! I’m going to YouTube really soon, please take action I like Spotify",140
Spotify,324684580,CA,14287786009,2026-07-10T15:18:56-07:00,3,6,To hard to get premium,22
Spotify,324684580,CA,14287639887,2026-07-10T14:22:59-07:00,5,Mr. Rupesh Mehta,Awesome platform for choice  of music,37
Spotify,324684580,CA,14287497176,2026-07-10T13:31:07-07:00,5,Surprise,"Pour une écoute gratuite pour le moment, je suis très satisfait",63
Spotify,324684580,CA,14287423013,2026-07-10T13:04:53-07:00,5,Ts goated,King vons 15th dread is in my bum,33
Spotify,324684580,CA,14287262725,2026-07-10T12:10:20-07:00,5,I LOVE SPOTIFY,SPOTIFY IS THE BEST OMG IF YOU DONT HAVE IT WHAT ARE YOU DOING GET IT!!!,72
Spotify,324684580,CA,14287133245,2026-07-10T11:27:44-07:00,1,Fees,Enjoy the APP but stop upping the fees all the time!,52
Spotify,324684580,CA,14287132276,2026-07-10T11:27:25-07:00,5,Top notch,Love Spotify,12
Spotify,324684580,CA,14287068240,2026-07-10T11:06:38-07:00,5,Good,Good,4
Spotify,324684580,CA,14287003596,2026-07-10T10:45:49-07:00,2,Bug,"There’s a bug that when I just leave the app on in the background, my song queue just resets to the beginning of the same shuffle. Please fix!",142
Spotify,324684580,CA,14286679796,2026-07-10T09:07:11-07:00,5,Peace,Great app to just escape and relax,34
Spotify,324684580,CA,14286676388,2026-07-10T09:06:10-07:00,1,Horrible,Spotify is actually horrible I have to buy premium if I want to pick another song from my playlist. This is just a horrible app don’t even download it.,151
Spotify,324684580,CA,14286586122,2026-07-10T08:40:12-07:00,4,Cost,"4 star
Only because the cost keeps climbing",43
Spotify,324684580,CA,14286432421,2026-07-10T07:56:54-07:00,1,I’m canceling,Increasing the subscription fee every year,42
Spotify,324684580,CA,14286366094,2026-07-10T07:38:28-07:00,5,Spotify,It’s a good app and u can shut ur phone or iPad off and I love that …,69
Spotify,324684580,CA,14286228709,2026-07-10T07:00:21-07:00,5,👍👍👍,No need to pay for music for the first few with no ads amazing app highly recommend,83
Spotify,324684580,CA,14286226244,2026-07-10T06:59:39-07:00,5,Great songs,Pick your artist there here.,28
Spotify,324684580,CA,14285963280,2026-07-10T05:43:39-07:00,1,Too expensive,Too many commercials. Even when paying Premium. Greed has taken over.,69
Spotify,324684580,CA,14285849273,2026-07-10T05:08:41-07:00,4,🫩,4 out of 4 ads some of the videos being 30 seconds or 40 seconds long of a video 💔,82
Spotify,324684580,CA,14285714677,2026-07-10T04:25:07-07:00,1,"Love the app, pay the artists",Pay the artists more please :),30
Spotify,324684580,CA,14285506694,2026-07-10T03:10:56-07:00,5,Good App,Sweet sounds and DJ mix,23
Spotify,324684580,CA,14284957405,2026-07-09T23:22:03-07:00,5,GOAT APPP,YOU ARE THE GREATEST THING EVER CREATED BETTER THAN IPHONE AIR FRYER AND EL SINCO U DA GOAT,91
Spotify,324684580,CA,14284525320,2026-07-09T20:19:33-07:00,5,Pearl,Found many different songs that I now love! Awesome app!,56
Spotify,324684580,CA,14284496146,2026-07-09T20:08:05-07:00,5,THE BEST EVER!!!!,Spotify is the best app to listen to music on because it has every song and anything you could ask for on a music app!!,119
Spotify,324684580,AU,14314098658,2026-07-17T05:36:03-07:00,5,The best app,Very good,9
Spotify,324684580,AU,14313767814,2026-07-17T03:47:02-07:00,5,Love This BRO,"Best audio quality for free, and I really like to listen to bass heavy songs. Ads are annoying but I get it, everyone needs to make money. LOL.",143
Spotify,324684580,AU,14313704444,2026-07-17T03:23:33-07:00,5,Spotify♥️♥️♥️,Spotify is the best♥️♥️♥️,25
Spotify,324684580,AU,14313700322,2026-07-17T03:22:00-07:00,5,67 stars,Is was like a 6 or 7 stars,26
Spotify,324684580,AU,14313669136,2026-07-17T03:10:06-07:00,5,10/10,:P,2
Spotify,324684580,AU,14313562650,2026-07-17T02:28:44-07:00,5,Awsome,"The quality of the songs were spectacular, and the price is pretty good for premium, only problem is there ain’t some of the songs that i want",142
Spotify,324684580,AU,14313535399,2026-07-17T02:17:58-07:00,5,Good music,Good music,10
Spotify,324684580,AU,14313533075,2026-07-17T02:17:02-07:00,5,I amo,Podia ser de graça,18
Spotify,324684580,AU,14313499782,2026-07-17T02:03:46-07:00,5,I love music,I love Spotify it is my alone release I love music,50
Spotify,324684580,AU,14313464388,2026-07-17T01:49:23-07:00,5,Great music and able to keep multiple playlists,Love it,7
Spotify,324684580,AU,14313457244,2026-07-17T01:46:27-07:00,1,Why I Hate New Update,"I Hate New Update Becuz I Don't Like What How It Functioned, Everytime I click a music it always appears on the right and I hate that!",134
Spotify,324684580,AU,14313428135,2026-07-17T01:34:40-07:00,5,the best,my absolute favorite app i have !!,34
Spotify,324684580,AU,14313355792,2026-07-17T01:05:01-07:00,5,Spotify,"Great amazing boots my spirit in courage’s me to clean my room and great to go to bed with, music is amazing",108
Spotify,324684580,AU,14313316629,2026-07-17T00:48:55-07:00,4,Looove Katseye🍒❤️❤️❤️,I like Katseye songs sooooo much,32
Spotify,324684580,AU,14313135731,2026-07-16T23:34:29-07:00,5,Love it,Sublime Sublime Sublime Sublime Sublime Sublime🆘🆘🩸🩸😭😭😭🆘👌,56
Spotify,324684580,AU,14313119859,2026-07-16T23:27:54-07:00,5,I love this app,"My top favourite music app with tons of incredible music. The best songs for any occasion, really good podcasts too. Amazing app",128
Spotify,324684580,AU,14313113807,2026-07-16T23:25:20-07:00,5,Spotify,"The best like I don’t even know how to explain it but like if you get bored, you can like sing those like just put on a song or I don’t know but like the best just get the app like if you haven’t had Spotify you weird so get the app and then it looks like you won’t be weird but if you had it on your phone iPad and then you have to get a new one. You weird you are cool.",371
Spotify,324684580,AU,14313003090,2026-07-16T22:38:51-07:00,3,Rewind,App is useless at ‘rewinding’.  If you want to back and re-listen to something it often stalls and can’t be restarted. Really annoying !,136
Spotify,324684580,AU,14312964172,2026-07-16T22:22:30-07:00,5,I love spotify,Spotify is such a good app for music scrolling and music in general,67
Spotify,324684580,AU,14312954891,2026-07-16T22:18:33-07:00,5,Amazing app,Such a good app literally my hole life,38
Spotify,324684580,AU,14312905706,2026-07-16T21:58:07-07:00,5,This is the best who ever made this teach me I like it,I can put my favourite song on,30
Spotify,324684580,AU,14312778252,2026-07-16T21:05:38-07:00,5,Heh,Just wow,8
Spotify,324684580,AU,14312740765,2026-07-16T20:50:34-07:00,3,Turn off podcasts,I just want to stream music. Please stop ramming video podcasts down my throat  I can turn off these ‘recommendations’ so they just clog up my main page. So I run away from the main page as fast as possible 👎🏻,209
Spotify,324684580,AU,14312506839,2026-07-16T19:21:53-07:00,1,DJ And Discovery are Terrible,"If i want to listen to the same 20 songs over and over and over. i would create a playlist, no i dont want to listen to “2024 Favourites “ for the sixth time this week…",168
Spotify,324684580,AU,14312300349,2026-07-16T18:05:43-07:00,5,Works.,"It good app, aaallloooooootttttttt of songs n stuff and… its well good!!!!! Love it 11 outta 10 amazing!!!!!!!!!!!!!!!",118
Spotify,324684580,AU,14312288265,2026-07-16T18:01:14-07:00,4,Less ads,"I think it’s very annoying when you pay for a service like Spotify and you still need to listen to ads when streaming podcasts. Worse, when you have EarPods the “skip song” feature doesn’t work.",194
Spotify,324684580,AU,14312198237,2026-07-16T17:27:20-07:00,4,Best thing ever,Best music ever heard in my life but without premium the Adds get annoying but still recommend it even for young kids under 6 years old because they have kids podcasts and kid songs and if there is a swear word you can make it say moo or quack or something like that on settings if you have a child.⭐️⭐️⭐️⭐️,307
Spotify,324684580,AU,14312190022,2026-07-16T17:24:13-07:00,4,Bluetooth car audio issue,"Not sure what’s going on, but lately I’ve had songs buffer for approx 3-5 seconds, and then rush to “catch up” at 2x, or maybe 4x, speed. I’ve been using Spotify in my car more than anything, so it could definitely be a Bluetooth/car audio thing.",246
Spotify,324684580,AU,14312070513,2026-07-16T16:37:53-07:00,5,Spotify,It is the best app,18
Spotify,324684580,AU,14312030072,2026-07-16T16:22:02-07:00,1,Too many ads,"App works smoothly and I use it almost every day, but I am just fed up with the ads. Sometimes I get 4 unskippable 30 second ads in a row and it really disrupts the listening experience especially when the content isn’t relevant to me at all. edit: came back a year later to leave a review and now i get 5 unskippable ads in a row. I remember the days when I used to get one skippable ads per ten songs and I also never get the thirty minute uninterrupted listening anymore. Seriously, Spotify? what the blatant cash grab man",525
Spotify,324684580,AU,14311748174,2026-07-16T14:33:24-07:00,1,Why?!,It needs more songs!,20
Spotify,324684580,AU,14311650495,2026-07-16T13:57:45-07:00,4,Free Spotify quality,"Spotify is good but the restrictions for the free version is crazy! There’s ads like every 20 seconds, it automatically shuffles playlists, and you can only skip 6 songs per hr. Also you can’t even get Spotify premium in the app! Other than that, it’s kept up to date and has a wide variety of artists.",302
Spotify,324684580,AU,14309779760,2026-07-16T04:14:43-07:00,5,Best option on the market,"Once you get premium, you are laughing with unlimited music",59
Spotify,324684580,AU,14309760559,2026-07-16T04:07:55-07:00,1,Sucks,MY SPOTIFY DOESNT WORK FIX IT,29
Spotify,324684580,AU,14309563095,2026-07-16T02:53:21-07:00,5,Good,"Very very good I like it I,am 9 and I love it",45
Spotify,324684580,AU,14309251316,2026-07-16T00:45:12-07:00,1,Player being added without my consent,Playlist been added without my consent.  They have used the title of an already existing list. And there is no way to delete it as that function seems to be removed.,165
Spotify,324684580,AU,14309246101,2026-07-16T00:42:59-07:00,5,Spotitfy,There should be qizzes,22
Spotify,324684580,AU,14309229524,2026-07-16T00:35:58-07:00,5,Reasons why…,Listen… this app hits ya know. I just love it and even though don’t pay for it the ads are short and not too frequent. I live how it just know what to recommend and this is amazing.,181
Spotify,324684580,AU,14309224600,2026-07-16T00:33:52-07:00,2,Advertisements,So many advertisements that it’s getting annoying. Refusing to pay for a music app doesn’t mean I need 3 ads every 2 songs. It’s so annoying. I like the layout of the app and the desktop version but the sheer amount of ads are actively ruining the experience.,259
Spotify,324684580,AU,14309215353,2026-07-16T00:29:54-07:00,5,Nice,Cool,4
Spotify,324684580,AU,14309110113,2026-07-15T23:44:36-07:00,3,Need of improvement,Cliching for the first couple of songs then slowly gets better,62
Spotify,324684580,AU,14309028195,2026-07-15T23:09:19-07:00,5,Review,I love the app interface it is so clean.,40
Spotify,324684580,AU,14308959137,2026-07-15T22:39:19-07:00,2,It’s good but,"There is far too many ads and the lack of ability to do anything without premium is a ridiculous corporate scam. Try other apps, it’s no better than apple.",155
Spotify,324684580,AU,14308854305,2026-07-15T21:53:58-07:00,5,Spotify,Its really good it has all different types of music and podcasts and with some of the podcasts it has a vid u can watch u can also make a jam with your friends,159
Spotify,324684580,AU,14308809121,2026-07-15T21:34:47-07:00,5,More Wiggles,❤️💙💛💜,5
Spotify,324684580,AU,14308696878,2026-07-15T20:48:11-07:00,5,Great,Easy to use & reliable,22
Spotify,324684580,AU,14308515432,2026-07-15T19:36:53-07:00,5,Nice music app :],The app is nice :],18
Spotify,324684580,AU,14308388157,2026-07-15T18:48:34-07:00,5,Best song list ever !,I love the story’s and video,28
Spotify,324684580,AU,14308313161,2026-07-15T18:20:14-07:00,5,To Spotify only,I love Spotify but there’s a few things that you guys can improve on first thing is that when I’m listening to a song an add pops up even when I have payed for no adds and letting me pick my own music like just let me listen to my own music instead on listening to a dumb add second thing is I LOVE SPOTIFY but you could improve 🤍🤍🤍👑,333
Spotify,324684580,AU,14308080412,2026-07-15T16:50:37-07:00,5,Great,It’s a great app,16
Spotify,324684580,AU,14295870484,2026-07-12T16:08:37-07:00,5,The best music streamer,You guys are the best music streamer I have ever had but please put less ads because I am very young and I can not afford to getting premium.You guy’s are the best music streamer ever.🫶🏻😎😊,188
Spotify,324684580,AU,14295779384,2026-07-12T15:31:43-07:00,5,Great app,Great app to listen to all the music you want!,46
Spotify,324684580,AU,14295729399,2026-07-12T15:11:43-07:00,5,Great music,Really good app and music,25
Spotify,324684580,AU,14295664799,2026-07-12T14:46:23-07:00,4,Très bon,Bien mais fait absolument avoir le premium dommage bon son pas de beug,70
Spotify,324684580,AU,14294081635,2026-07-12T06:15:04-07:00,2,it’s okay,"it asks for too much money, especially with phone users, you can’t skip replay a certain song or listen offline. this app only cares about those who pay.",153
Spotify,324684580,AU,14293849400,2026-07-12T04:59:31-07:00,2,ITS NOT WORKINGG,It’s stuck in the green logo and not loading what a bum boom btw it was working before,86
Spotify,324684580,AU,14293807290,2026-07-12T04:45:08-07:00,5,My thoughts on Spotify!,I can not live without Spotify my reason is varied I was born with intellectual disabilities and physically disabled as well. My pain is always a part of my life and when my pain tablets don’t work or it is too soon to have any more tablets I put my earphones on and close my eyes and relax and I feel my pain sometimes goes because I am not worked up from my pain! I am trying to figure out how to get premium Spotify though I am having difficulty with that I am getting sick of the ads apart from that I absolutely adore Spotify and thank you for having it available for people like me to help my anxiety and pain 💕❤️🇦🇺God Bless You All At Spotify sincerely McKenzie!,669
Spotify,324684580,AU,14293795980,2026-07-12T04:41:09-07:00,5,Very good,"Super useful and fun, family subscription is a great idea",57
Spotify,324684580,AU,14293719325,2026-07-12T04:13:14-07:00,5,omg,i <3 spotify,12
Spotify,324684580,AU,14293669667,2026-07-12T03:54:43-07:00,1,Why pay walls,"I liked this app, but tell me why like anything other than listening to music has to be paid for. Like I can’t even choose/ swap what music I want to listen to after like 6 times in a hour. It’s frustrating that there are adds and that barely anything can be done without paying for premium.


I’m very frustrated with the app being free, but NOTHING is free other than the music itself. 

I personally think that the worst part is that: I CANNOT CHOOSE WHAT MUSIC I WANT AS MUCH TIMES AS I WANT IN A HOUR. It’s very disappointing that many basic features are locked  behind a paywall. 

However, the actual music is good quality and it has a lot of music that I don’t expect to be on there, and it’s nice that I we can make a playlist that everyone can contribute to. But that should be there. It’s a music app. It had to be there. 

As much as I want to like this app, I really can’t justify the greed that whoever is behind Spotify. My message to you: what were you thinking. This app was 
changed for the worse.

I would honestly really appreciate it if the app was changed again to make it more accessible for people who don’t want to spend money on premium. 


If no changes happen at least within this year, I would quit on this app.",1240
Spotify,324684580,AU,14293539252,2026-07-12T03:04:02-07:00,5,Simply Red collection,Great group,11
Spotify,324684580,AU,14293442705,2026-07-12T02:25:24-07:00,5,Spotify,It’s the best app,17
Spotify,324684580,AU,14293371298,2026-07-12T01:56:26-07:00,5,Awsome,I love Spotify because it’s an amazing app for me because I love music and one day I would love to become a singer and Spotify is helping me explore and find more songs and it really inspires me to listen to different kinds of music to discover new styles and different kinds of singers,286
Spotify,324684580,AU,14293360570,2026-07-12T01:52:01-07:00,5,I love this,It is so go how I can get it for free,37
Spotify,324684580,AU,14293313944,2026-07-12T01:32:54-07:00,5,Fhenejdjehhwbdbd,Genuinely the best app I own I love it more than anything,57
Spotify,324684580,AU,14293303331,2026-07-12T01:28:31-07:00,1,Bluetooth issue,My Bluetooth in my car has issue and keeps dropping in and out of signal only with Spotify,90
Spotify,324684580,AU,14293239580,2026-07-12T01:02:15-07:00,5,Excellent app with a wide selection of music,W speed,7
Spotify,324684580,AU,14293218867,2026-07-12T00:53:31-07:00,1,Doesn’t Load,Haven’t used lately due to it not loading,41
Spotify,324684580,AU,14293167103,2026-07-12T00:31:45-07:00,1,mmmm yes more ai slop,shuffle my music. i don’t need AI to play my library or push artists onto me. genuinely every update makes the interface worse. in the process of transferring my library and cancelling my subscription,200
Spotify,324684580,AU,14293116291,2026-07-12T00:10:11-07:00,5,Bravo Spotify!,"Following shingles in my eye 25 years ago I am now deaf but with Spotify I have music wherever I go unlike Beethoven who as a young man realised he would soon not hear his creations. 
At 93 I am losing my sight so what a blessing is music whenever I want and there are so MANY classical composers.
Thank you Spotify!",316
Spotify,324684580,AU,14293105798,2026-07-12T00:05:44-07:00,2,Something changed,I used to be able to choose whatever I want to listen to in free will but now everything’s in premium. It won’t even let me disable shuffle and apparently it’s got a limit on how many song I can choose before something pops up saying I need to go premium to continue. Also why does it only happen on my iPad? The Spotify on my laptop works fine.,345
Spotify,324684580,AU,14292967226,2026-07-11T23:05:27-07:00,5,The best,Perfect,7
Spotify,324684580,AU,14292745051,2026-07-11T21:29:13-07:00,2,TO MANY ADS,THERES TO MANY ADS it’s like every 3 sometimes 2 songs boom ads normally between 2 and 5 ads i am not paying over 10 bucks just to. Not listen to ads at least let us skip them,175
Spotify,324684580,AU,14292551423,2026-07-11T20:11:36-07:00,1,Feel Cheated,One of the worst apps for usability. I have a premium family account but it is impossible to add a family member. I feel cheated. The Account mgmt UI is horrendous. This really needs a complaint to the ombudsman or ACCC to fix because it can be categorised as deceptive business practices with an intent to defraud. I am sad to write this about the app I once liked. Will move to Apple Music soon.,397
Spotify,324684580,AU,14292550486,2026-07-11T20:11:15-07:00,5,Michael Jackson,The music has blessed my ears every day.🤩💗,42
Spotify,324684580,AU,14292530741,2026-07-11T20:03:52-07:00,5,Spotify,I’m very happy with Spotify and put up with adds because I’m a pensioner on a limited budget .,94
Spotify,324684580,AU,14292512272,2026-07-11T19:56:48-07:00,5,hello,the songs are so relatable and always make me feel better when i’m upset,72
Spotify,324684580,AU,14292491223,2026-07-11T19:48:47-07:00,5,My favourite app ever,"Best app ever I can watch things and listen to music it’s amazing so if you don’t have Spotify, you need it they have great podcasts. The best videos ever. It’s just really amazing.",181
Spotify,324684580,AU,14292477497,2026-07-11T19:43:36-07:00,5,Spotify,5,1
Spotify,324684580,AU,14292442189,2026-07-11T19:30:14-07:00,5,Spotify,SLAY,4
Spotify,324684580,AU,14292188470,2026-07-11T17:56:08-07:00,5,Love my SPOTIFY,Really like the massive range of music & podcasts etc. Great sound quality too. Tks heaps. T,92
Spotify,324684580,AU,14291857655,2026-07-11T15:47:25-07:00,5,Rlly good,I love Spotify so much,22
Spotify,324684580,AU,14290990444,2026-07-11T10:37:55-07:00,1,Stopped working,No longer works on my iPad 9.7. Just opens keeps trying to load data. It’s just an app that streams music from the Internet. There should be no technical reason why it can’t still work unless it’s poorly coded and bloated. We shouldn’t need new hardware for a streaming music app.,280
Spotify,324684580,AU,14290013000,2026-07-11T05:48:34-07:00,5,Free Palestine,Stop removing Palestinian songs,31
Spotify,324684580,AU,14289992610,2026-07-11T05:42:14-07:00,5,Spotify,Love Spotify,12
Spotify,324684580,AU,14289983194,2026-07-11T05:39:19-07:00,5,Go to Spotify,Best music app ever check it out if you haven’t already,55
Spotify,324684580,AU,14289982431,2026-07-11T05:39:04-07:00,5,AWESOME APP,Its just so slay 😭,18
Spotify,324684580,AU,14289781411,2026-07-11T04:32:10-07:00,1,TOO MUCH AD,TO MUCH AD,10
Spotify,324684580,AU,14289707898,2026-07-11T04:05:52-07:00,4,Please change this,The only reason i don’t give it five stars is because you can put songs on repeat unless you have premium,105
Spotify,324684580,AU,14289610952,2026-07-11T03:29:41-07:00,5,Best app to ever exist,Literally never had a better app i love music so much,53
Spotify,324684580,AU,14289466634,2026-07-11T02:33:04-07:00,5,Love Spotify,Spotify is the easiest app to use the quality is fantastic and the variety of podcast etc is terrific!! Can’t speak more highly!!,129
Spotify,324684580,AU,14289320550,2026-07-11T01:34:11-07:00,3,Good music but expensive taste,Expensive monthly subscription,30
Spotify,324684580,AU,14289239276,2026-07-11T01:00:43-07:00,5,Yay,This is the best app ever!!!!!!!!!,34
Spotify,324684580,AU,14289195816,2026-07-11T00:42:46-07:00,2,Volume buttons on iPhone don’t work with Spotify,"The rest works as advertised, (Payed Premium)",45
Spotify,324684580,AU,14289065617,2026-07-10T23:48:20-07:00,4,Is good,The ads are too annoying and why can’t you get premium on mobile?,65
Spotify,324684580,AU,14289049123,2026-07-10T23:41:18-07:00,4,Spotify,It’s a good app but it has too many adds and it is only really good if you pay,78
Spotify,324684580,AU,14288966879,2026-07-10T23:06:26-07:00,5,Bird land and the kid LAROI are the best,Yass,4
Spotify,324684580,AU,14288858644,2026-07-10T22:20:03-07:00,5,spotify,"great app for music, exceptional with premium",45
Spotify,324684580,AU,14288812844,2026-07-10T22:00:35-07:00,5,Spotify,Good if you got premium,23
Spotify,324684580,AU,14288725981,2026-07-10T21:24:17-07:00,2,Play list shuffle,"I have a large play list. The ‘shuffle’ algorithm is terrible. Instead of shuffling among the whole play list it only shuffles between the songs previously listed to. To overcome this song play limitation I change the ‘sort’ option to title and listen to all the ‘A’s, B’s,C’s etc for some time before changing back to ‘shuffle’. And then keep doing same otherwise I’d be listening to a shorter and shorter selection from my list. The algorithm trying to be too clever rather than just randomly playing the songs from my play list. Very very annoying.",551
Spotify,324684580,AU,14288678332,2026-07-10T21:04:49-07:00,1,It’s mid,It’s good but it always glitches,32
Spotify,324684580,AU,14288673676,2026-07-10T21:02:58-07:00,3,Ads,"WAYYY TOO MANY ADS, it’s a good app but there’s many ads and also why do we only get 6 skips per hours?",103
Spotify,324684580,AU,14288646932,2026-07-10T20:52:10-07:00,5,WAZE RULES,Saved me money🚔 time will always use it.,40
Spotify,324684580,AU,14288543710,2026-07-10T20:11:25-07:00,5,Amazing,Wonderful listening 👏,21
Spotify,324684580,AU,14288514367,2026-07-10T20:00:04-07:00,5,So,Cause I get to watch YouTube on Spotify so pls don’t take it away,65
Spotify,324684580,AU,14288501098,2026-07-10T19:55:01-07:00,5,Live laugh love Spotify,My lifeline 🤩😭 Im so addicted 🥀 I LOVE YOU SPOTIFY,50
Spotify,324684580,AU,14288432055,2026-07-10T19:28:45-07:00,1,Can’t cross Human testing blocks,"Hello, I am trying to login to my account after putting password there’s a captcha error I can’t get. No matter how many times I try it still giving me error.",158
Spotify,324684580,AU,14288340075,2026-07-10T18:54:21-07:00,3,It’s nice,It’s good is just that I’m sad that it cost money to have no adds,65
Spotify,324684580,AU,14288315358,2026-07-10T18:45:08-07:00,5,Tuff,it has undeniable aura and is better than iTunes hehehehe,57
Spotify,324684580,AU,14288239396,2026-07-10T18:16:35-07:00,4,Good,Cause I just listen to this app every where I go,48
Spotify,324684580,AU,14288151270,2026-07-10T17:43:04-07:00,3,fix your app,i’m giving spotify three stars only for now till they fix this problem im sick of going thru my queue picking out what songs i want then i pick a song to play at the beginning just for everything i picked out to completely reset i didnt want that i didn’t ask for that and yet it still does it and i dont have time to go thru my playlist and nit pick what songs i want to listen to when i can just go thru my queue and get rid of the ones i don’t want and along the way i listen to stuff i haven’t yet listened to it’s very very annoying and im considering moving on from spotify just because of this reason it does my head in,626
Spotify,324684580,AU,14288148793,2026-07-10T17:42:06-07:00,3,Hii,Great for music!,16
Spotify,324684580,AU,14288098414,2026-07-10T17:22:34-07:00,5,Songs,They have all my favourite song and lots of new songs to explore my journey of music,84
Spotify,324684580,AU,14287919580,2026-07-10T16:12:02-07:00,2,Need more updates,Pretty much every single day I have to type up a song why can’t there be party hits in one section,98
Spotify,324684580,AU,14286789360,2026-07-10T09:39:34-07:00,5,HEVEANLY,"this app made me have joy i cant explain other than pure ejaculation, covering my walls from the grace of Slipknot and KoRn. i highly recommend this app for listening to music",175
Spotify,324684580,AU,14286702086,2026-07-10T09:13:45-07:00,5,The only app you’ll ever need.,"13 years, zero issues. Wouldn’t be able to live without Spotify.",64
Spotify,324684580,AU,14286331350,2026-07-10T07:28:50-07:00,1,Unusable and unethical app,"App becomes totally unusable with excessive ads and limited features unless you pay for their extortionate subscription service, they’re an unethical company who pays their artists nothing despite billion dollar profits of their works, cant think of a single good defining feature about this app",295
Spotify,324684580,AU,14286047926,2026-07-10T06:08:44-07:00,5,Ellen and Nastasya,Love time and life.,19
Spotify,324684580,AU,14285774654,2026-07-10T04:44:42-07:00,5,Delilah,This is my therapy,18
Spotify,324684580,AU,14285606482,2026-07-10T03:47:47-07:00,5,Love it,AMAZING,7
Spotify,324684580,AU,14285546776,2026-07-10T03:26:00-07:00,2,Too expensive,It was great When it was free and you could create your own playlists switch to TIDAL rather than put up with ads every three songs,131
Spotify,324684580,AU,14285397372,2026-07-10T02:28:05-07:00,5,Spotify,It is so good,13
Spotify,324684580,AU,14285352510,2026-07-10T02:09:56-07:00,4,MONEY HUNGRY PIGS!,I HAVE TO PAY FOR EVERYTHING WANNA LISTEN TO A ABLUM? LETS GIVE YOU A ARTIST YOUVE NEVER HEARD AND AFTER EVERY 4 SONGS AT BEST YOU GET A ADJUST GET ANOTHER APP ATP.,164
Spotify,324684580,AU,14285350451,2026-07-10T02:09:04-07:00,3,Price,Too much,8
Spotify,324684580,AU,14285149849,2026-07-10T00:44:53-07:00,3,Girvo,DJ may as well be a 50track record on repeat.,45
Spotify,324684580,AU,14285032125,2026-07-09T23:54:23-07:00,5,Why I love spotify,😿🥱👺👾🤠👺👾☠️😵‍💫😿💋👦🎒💍🐻🎒🙉🙈🎒🎒🐱🥽🐼🙈🐻🐵🐼🦆🐮🐭🐵🐵🐼🪿🐺🐮🙈🐥🐵🐵🐵🐵🐵🐵🐵🎓🎒🧣💍👒👞🧢💍🐱👒🥻🧢🎒👑👒💼👑🐪🐖🦏🐖🐢🦭🦏🦞🦃🐃🐈🦨🌴🐁🌵🦩🦩🐁🌵🐁🦢🫧🌨️⛅️✨🌟🌟🌍⭐️🌒🫒🥬🍑🥦🥝🥬🥦🫒🍐🥒🧄🍍🍆🥖🍠🫚🥨🍟🌮🥫🌮🥞🥗🥗🍲🥘🍟🍲🍹🏀🍴🪃🛹🏋️🏋️🥌🎣🎿🎣🪂🎣🛹🎣🎽🏏🎽🎬🪈🪈🎗️🎹🎭🏵️🚙🚍🚜🚇🚃🛩️🛥️🚥🛳️🗼🪝🚥🛳️💶🪙🪪🚪🪆🧸🪆🧸🛍️🛍️,184
Spotify,324684580,AU,14284977325,2026-07-09T23:30:34-07:00,1,Not working,Spotify keeps saying I’m offline when I’m not,45
Spotify,324684580,AU,14284552214,2026-07-09T20:30:19-07:00,5,Review,Was hesitant to use because I was using Apple Music but it’s such a good app nicely platformed very easy to use and highly recommend,132
Spotify,324684580,AU,14284529151,2026-07-09T20:21:03-07:00,5,Rock fan,Awesome app highly recommend,28
Spotify,324684580,AU,14284492014,2026-07-09T20:06:27-07:00,5,Hola Spotify/ Hello Spotify,Esta muy bueno,14
Spotify,324684580,AU,14284448781,2026-07-09T19:49:48-07:00,5,Great recommendations and songs!,"Great songs, and everything! I love Spotify!!!!",47
Spotify,324684580,AU,14284270509,2026-07-09T18:42:14-07:00,5,the best app ever,i love listening to music on here and my playlist have such great songs,71
Spotify,324684580,AU,14283541923,2026-07-09T14:04:08-07:00,1,Bad company,Bad company and you get 1 star for asking me to rate this app every time I try to open it,89
Spotify,324684580,AU,14283189820,2026-07-09T12:06:44-07:00,5,Best ever,Best,4
Spotify,324684580,AU,14282766255,2026-07-09T09:52:59-07:00,5,The real music app,Spotify if underrated . It’s amazing and helped me discover many artists . I have more than 5000 songs saved and few accounts since 2015,136
Spotify,324684580,AU,14282379015,2026-07-09T08:01:51-07:00,4,My opinion,It’s a great app for music even tho without premium the ads can play the same ad over and over again but apart from that the app is great,137
Spotify,324684580,AU,14282230744,2026-07-09T07:20:14-07:00,5,Best Platform for Music Makers and Creative Human Beings,"I have got to say that I have felt soo encouraged and appreciated by Spotify. I have worked hard to make my Hendo artist profile really good, original and fresh every few days, and I am aways being inspired by them putting new little features, or playlists or suggestions in my profile, I feel the love, Thankyou from the bottom of my heart, Shane Henderson- Sunshine Coast, Queensland Australia :)",398
Spotify,324684580,AU,14282161388,2026-07-09T07:01:00-07:00,5,Hello guys,Malcom todd is the absolute best artist,39
Spotify,324684580,AU,14282121250,2026-07-09T06:49:41-07:00,2,Spotify is greedy,"I don’t even get the right to choose MY playlist and even if I do tolerate randomly generated playlist made by Spotify, I get a batch of 4 ads every few songs. But if I don’t happen to tolerate a song, I’m not even able to skip more than 6 times per MONTH. I need the old Spotify back pleaseeee.",295
Spotify,324684580,AU,14281898489,2026-07-09T05:45:12-07:00,5,Love,Love finding random tunes,25
Spotify,324684580,AU,14281844555,2026-07-09T05:28:45-07:00,3,Sigma 12345,Ezy,3
Spotify,324684580,AU,14281679661,2026-07-09T04:35:56-07:00,5,Amaaaaaazing,"Honestly this app it just amazes me. You can search up anything sound that comes to mind and you will listen to it. The adds are at a minimum thank goodness and my experience with Spotify has just been amazing 
Thank you❤️",222
Spotify,324684580,AU,14281513159,2026-07-09T03:37:48-07:00,5,Spotify,Good,4
Spotify,324684580,AU,14281366906,2026-07-09T02:43:13-07:00,5,"Good as an app, UI design could do with some work.","Works well as an app but the scrolling and certain UI features could be re worked. When I scroll for example, it has a chance to just randomly pick a song while not moving the screen. Searching for specific songs or viewing artists profiles does not show everything that should be shown (I.e not all albums, singles and collaborations not being easily visible from looking at an artists profile.)",396
Spotify,324684580,AU,14281110178,2026-07-09T00:57:46-07:00,5,AMAZING,This is the best app for listening to music and podcasts,56
Spotify,324684580,AU,14280992666,2026-07-09T00:05:12-07:00,2,Too much adds,"Adds are getting more frequent and longer. 
Would like spotify to honor it’s original claim- “1 add and then 30minutes add free”.",129
Spotify,324684580,AU,14280984464,2026-07-09T00:01:45-07:00,5,Spotify,Spotify is amazing I love listening to music on it amazing,58
Spotify,324684580,AU,14280962737,2026-07-08T23:52:24-07:00,1,Rogan,"Absolutely condemn Spotify paying Joe Rogan mega $$$ when he is incapable of, or too weak to push back against guests who lie and spread disinformation.",152
Spotify,324684580,AU,14280943234,2026-07-08T23:43:58-07:00,5,GREAT ⭐️⭐️⭐️⭐️⭐️⭐️⭐️⭐️⭐️⭐️⭐️⭐️⭐️⭐️⭐️⭐️⭐️⭐️⭐️⭐️⭐️,Lots of good pop songs!🎵🎧🎤🎶⭐️⭐️⭐️⭐️⭐️⭐️⭐️,41
Spotify,324684580,AU,14280941181,2026-07-08T23:43:08-07:00,3,Okay,I think it is a good app but my only problem is that there are to many adds,75
Spotify,324684580,AU,14265269676,2026-07-05T02:11:47-07:00,5,Is favourite app,I love Spotify it always keeps me feeling good and energised. It is really quality and I  Can find any song really easily ⭐️⭐️⭐️⭐️⭐️,132
Spotify,324684580,AU,14265151210,2026-07-05T01:24:38-07:00,5,Spotify,"Amazing service and terms, love Spotify!",40
Spotify,324684580,AU,14265108961,2026-07-05T01:07:31-07:00,5,Spotify,I rate Spotify 5/5 because I love listening or just playing music in my room,76
Spotify,324684580,AU,14264970804,2026-07-05T00:10:53-07:00,1,Podcasts in Spotify,"The Home Screen is littered with podcasts that I don’t want and am not interested in but I can’t remove them. I will never use Spotify for podcasts if I can’t them. I pay good money for this service and simply want to decide if podcasts are displayed or not.  Further, there is now Friday playlists that appear above my music. Why?",331
Spotify,324684580,AU,14264661799,2026-07-04T21:59:16-07:00,5,It’s music,It’s music,10
Spotify,324684580,AU,14264623099,2026-07-04T21:42:33-07:00,5,Great Music,Such amazing quality music and amazing options to listen too. Lot’s of fun and uplifting songs by many artists from a lot of different countries and cultures. It’s the perfect app to listen on when you’re on a long road trip or even whenever you’re hiking. Definitely worth it.,277
Spotify,324684580,AU,14264612411,2026-07-04T21:38:01-07:00,4,love using it !!,really do love Spotify and love listening to songs a lot but I just wished I was one of the chosen users to have free features temporarily but the app overall is super good !!,175
Spotify,324684580,AU,14264606745,2026-07-04T21:35:34-07:00,2,Blocking artists,Not working,11
Spotify,324684580,AU,14264571652,2026-07-04T21:20:20-07:00,1,How to keep old acc or move music across to new one just need some help :)),I like it more when I was free lol,34
Spotify,324684580,AU,14264392536,2026-07-04T20:05:56-07:00,5,Spotify review,Without Spotify I would die although a lot of the time when I download songs it says it’s downloaded but it isn’t. I still LOVE Spotify!,136
Spotify,324684580,AU,14264296173,2026-07-04T19:27:19-07:00,1,Get on with it,"You are going on on got on with it 
Yanks seem to think the more they go around & around they can sell anything.",112
Spotify,324684580,AU,14264202328,2026-07-04T18:49:29-07:00,1,asu,"Segitu nya cari duit, sampe lagu cari sendiri buat puter gk bisa. Males bgt. Uninstal.",86
Spotify,324684580,AU,14263843266,2026-07-04T16:20:32-07:00,5,Spot,I love songs,12
Spotify,324684580,AU,14263734818,2026-07-04T15:33:44-07:00,3,Sportily,Off line a lot of the time  even with full reception,52
Spotify,324684580,AU,14263636338,2026-07-04T14:53:03-07:00,4,Great app minor issue,When I yo into other apps I can't listen to my BANGERS playing😭,63
Spotify,324684580,AU,14263081639,2026-07-04T11:26:50-07:00,5,Best spotify,Thankyuu for spotify i am enjoy,31
Spotify,324684580,AU,14262436990,2026-07-04T08:10:34-07:00,1,Asks me to rate the app too much,Asks me to rate the app too much,32
Spotify,324684580,AU,14262352679,2026-07-04T07:46:51-07:00,3,Non wifi lag,"When not on internet, it’s really laggy loading downloaded songs and podcasts",77
Spotify,324684580,AU,14261872956,2026-07-04T05:26:14-07:00,3,Ads Ads Ads,This must be a world record holder of the most ads put in an app,64
Spotify,324684580,AU,14261710365,2026-07-04T04:32:07-07:00,5,عالیه,خیلی اپ خوبیه🙏,14
Spotify,324684580,AU,14261599977,2026-07-04T03:52:49-07:00,5,Spotify,Spotify is like my mini therapy session,39
Spotify,324684580,AU,14261516539,2026-07-04T03:21:27-07:00,5,Great,"Spotify is easy, understandable and just a really great way to spend time. Like, what else would I do in the shower? 🤣",118
Spotify,324684580,AU,14261367812,2026-07-04T02:23:49-07:00,4,Adds,SO MANY ADDS,12
Spotify,324684580,AU,14261332896,2026-07-04T02:10:09-07:00,5,I love Spotify,The best,8
Spotify,324684580,AU,14261315961,2026-07-04T02:03:28-07:00,5,This app is so recommended,It is so good no adds and has all the good songs,48
Spotify,324684580,AU,14261292882,2026-07-04T01:54:22-07:00,5,BEST APP EVER,CHANGED MY LIFE I LOVE SPOTIFY SO MUCH,38
Spotify,324684580,AU,14261170798,2026-07-04T01:05:42-07:00,5,Luv it,Only tried Spotify now… why did I wait so long. Great application and choice,76
Spotify,324684580,AU,14261074511,2026-07-04T00:27:20-07:00,5,5 stars,The best music app ever it makes me so happy,44
Spotify,324684580,AU,14261031156,2026-07-04T00:09:53-07:00,5,my favourite app,"for those who don't have spotify ~ 𝘛𝘳𝘶𝘴𝘵 ᗰᗴ it's really good. whether your a student, worker or other the lofi playlists are my favorite! they actually increase focus and make me smarter ( in ways). thanks spotify xx",216
Spotify,324684580,AU,14260579446,2026-07-03T21:05:32-07:00,4,Review,Premium is to expensive,23
Spotify,324684580,AU,14260505596,2026-07-03T20:36:39-07:00,1,Why autoplay?,Why autoplay Spotify when CarPlay connects?,43
Spotify,324684580,AU,14260464935,2026-07-03T20:20:56-07:00,5,Great interface,"It is honestly great in general as even if you don’t have premium, you can still play the song on repeat (on most devices as I tried it on my phone and it didn’t work but on my iPad it did)",189
Spotify,324684580,AU,14260401112,2026-07-03T19:56:37-07:00,5,Peak,I listen to… Linkin Park… and… Eminem and HilltopHoods (:,57
Spotify,324684580,AU,14260382196,2026-07-03T19:49:33-07:00,5,Love Spotify,"Love listening to music , always go to Spotify for all car travels",66
Spotify,324684580,AU,14260367872,2026-07-03T19:44:09-07:00,3,FREE SPOTIFY NEEDS TO STOP PLAYING RECOMMEND SONGS,I love Spotify but recently i switched from premium to free. I don’t mind the ads and only having limited skips but STOP PLAYING RECOMMENDED SONGS. I just want to listen to the music I like not songs you think I will like because I don’t. CHANGE IT.,249
Spotify,324684580,AU,14260248848,2026-07-03T19:00:01-07:00,5,TNAIRSHOES,Top App 👌,9
Spotify,324684580,AU,14260220120,2026-07-03T18:49:19-07:00,1,YouTube music is 100x better,Too many ads ffff sptofiy,25
Spotify,324684580,AU,14260186132,2026-07-03T18:36:50-07:00,5,THANK YOU,Your platform helps me in my darkest times I feel like there are people to cach me wen I fall there was a time I thought it was hopeless I felt lonely empty and every time someone left again or hated me I could go in a corner and js listen I thought I was going to kill my self but I fownd some people who listen to the same music I connected through the music you put on this app the only thing I can ask for is that you let small artists get more attention put them in eazer places to find because if I hadn’t found some of the artists that I listen to now idk where I would be so pls make it easer to find them they make a difference,636
Spotify,324684580,AU,14260161080,2026-07-03T18:27:40-07:00,5,Thank you!!,Spotify is Lowell tufff I love it,33
Spotify,324684580,AU,14260059682,2026-07-03T17:50:31-07:00,5,Thank you Spotify,Thank you for creating such a masterpiece of an apl,51
Spotify,324684580,AU,14259995631,2026-07-03T17:25:34-07:00,5,Absolutely amazing!!!,"I love spotify, I use it every day! It’s perfect! If i had to say one thing, it would be that when I got premium, we struggled to set it up at first, as it was confusing,but it works now!",187
Spotify,324684580,AU,14259844458,2026-07-03T16:25:41-07:00,5,Good connection,The connection is great even when offline. Best audio app to ever be made!,74
Spotify,324684580,AU,14259739335,2026-07-03T15:44:39-07:00,4,"Pay for no Ads, still get ads…","I pay for Premium, yet I’m still getting Australian ads. That defeats the purpose of paying for a premium experience.
“Tim Dillon Podcast”
Premium should mean an uninterrupted, ad-free experience. If ads are still being shown, the value of the subscription is hard to justify.",276
Spotify,324684580,AU,14259600135,2026-07-03T14:51:03-07:00,5,Good,It’s good,9
Spotify,324684580,AU,14259290527,2026-07-03T12:59:07-07:00,5,Favourite music app for my salon,Play list every day xx,22
Spotify,324684580,AU,14259022727,2026-07-03T11:30:34-07:00,5,Spo,It’s very good,14
Spotify,324684580,AU,14258930127,2026-07-03T11:01:29-07:00,5,Spotify is nice,I love it,9
Spotify,324684580,AU,14258618928,2026-07-03T09:28:56-07:00,1,Student,"I switched to student a while back cause I’m broke and studying as a mature age person! The app is terrible . It lags and is super slow all the time after I changed, which I’m entitled to!  Doesn’t mean the service needs to slow down. Disgraceful",246
Spotify,324684580,AU,14258195758,2026-07-03T07:33:44-07:00,5,Good music,I like how Spotify has a lot of music for free,46
Spotify,324684580,AU,14257998806,2026-07-03T06:40:37-07:00,5,Love Spotify,I love u Spotify amazing so good I can’t describe how much Spotify has helped me,80
Spotify,324684580,AU,14249629238,2026-07-01T07:05:54-07:00,5,Spotify review,Music. 👍,8
Spotify,324684580,AU,14249360583,2026-07-01T05:52:22-07:00,4,Spotify dj,"I love Spotify, absolutely amazing but the ai DJ sometimes just plays random songs I don’t even listen to or don’t even like, any yeah",134
Spotify,324684580,AU,14249187428,2026-07-01T05:01:46-07:00,5,Songs,Spotify is one of the best apps the App Store has ever had it all way has the song ur looking for and it usfull and u don’t need to pay money it is by far better than sound cloud and other platform,197
Spotify,324684580,AU,14249168804,2026-07-01T04:56:04-07:00,5,..,Luv luv luv luv,15
Spotify,324684580,AU,14249125524,2026-07-01T04:42:50-07:00,3,inflation,why is it getting more expensive? cmon do better spotify,56
Spotify,324684580,AU,14249065337,2026-07-01T04:23:46-07:00,3,Shuffle should be a free feature,"I love to learn about new artists, but the fact that it's a paid feature when iTunes and Amazon Music already have it on demand. It's not a great business practice to paywall a basic feature.",191
Spotify,324684580,AU,14249055541,2026-07-01T04:20:38-07:00,5,Review,Perfect music except for the long adds,38
Spotify,324684580,AU,14248836146,2026-07-01T03:05:04-07:00,5,Spotify Premium,I want Spotify premium I bet if u had it for free way more people would be interested in Spotify!,97
Spotify,324684580,AU,14248758004,2026-07-01T02:35:57-07:00,5,Spotify im full of poo,Yeah probably,13
Spotify,324684580,AU,14248682935,2026-07-01T02:07:16-07:00,5,Hi,I love it very much very good app thank you creators,52
Spotify,324684580,AU,14248661230,2026-07-01T01:58:49-07:00,5,Shuffle,"Overall very good, but continues to play the same 10 songs over and over again on a playlist of 2,000",101
Spotify,324684580,AU,14248638932,2026-07-01T01:50:00-07:00,5,👍🏽👍🏽,Amazing and favourite music app,31
Spotify,324684580,AU,14248529327,2026-07-01T01:06:44-07:00,5,Spotify,Spotify is so calm I just feel so calm,38
Spotify,324684580,AU,14248328025,2026-06-30T23:46:53-07:00,1,Automatic switching to Bluetooth sucks!!!,"Please stop automatically switching to my airpods from my connected speakers!!! This is so annoying and unhelpful. I can't imagine anyone would want this to happen, especially on incoming calls. Having music start playing right when you answer is terrible",255
Spotify,324684580,AU,14248317525,2026-06-30T23:42:39-07:00,1,Just why,Why should we have to buy premium js to listen to our own playlist. I don’t want recommendations from you.,106
Spotify,324684580,AU,14248263662,2026-06-30T23:21:16-07:00,2,Can’t Load App,After latest Update on 29 June 2026 App won’t load on my iPad,61
Spotify,324684580,AU,14248121372,2026-06-30T22:24:38-07:00,1,I just got an ad,"I have premium. I pay attention YOU DOJT GET ADS WITH PREMIUM UNLESS THEYRE PART OF THE VIDEO OR EPISODE. THIS WAS NOT PART OF THE EPISODE. YOU ARE NOT SNEAKY, YOURE GREEDY. I HAVE PREMIUM I HAVE NEVER NOT HAD PREMIUM AND I HAVE NEVER GOTTEN AN AD. YOU CHANGED SOMETHING. You know a good way to lose listeners to apps as greedy as YouTube and Apple Music? Become even greedier. You’re genuinely going viral and you have been for a while now. BECAUSE OF THIS. I could write millions of reviews and not have anything nice to say. There is no needle in the haystack. You wouldn’t find ANYTHING good.",596
Spotify,324684580,AU,14247969935,2026-06-30T21:26:33-07:00,5,Hi,It’s good just the adds piss me off,35
Spotify,324684580,AU,14247642220,2026-06-30T19:27:53-07:00,5,lol,Cool,4
Spotify,324684580,AU,14247481364,2026-06-30T18:32:25-07:00,5,Ok,I love all ur songs👍,20
Spotify,324684580,AU,14247125398,2026-06-30T16:27:52-07:00,3,great but honestly,"I love Spotify since music is like my drug I always listen for hours but, on phone, I can’t even do basic things like choose the songs I want, only on my iPad and others. It’s like turning into CapCut and sometimes the ads come every song I click which is annoying and I have to listen to 4 ads before listening to one single song.",331
Spotify,324684580,AU,14247042570,2026-06-30T15:58:09-07:00,5,Vangelis,Surprise,8
Spotify,324684580,AU,14246833811,2026-06-30T14:43:08-07:00,5,Organise,Great but could be good if we can organise our playlists by artist or name or else etc…,87
Spotify,324684580,AU,14246815940,2026-06-30T14:36:43-07:00,1,Stupid app,Won’t even let me pick songs keeps putting on Toy Story music like no bro,73
Spotify,324684580,AU,14245928373,2026-06-30T09:57:52-07:00,3,Recommendations,Could be better I feel they recycle a lot of songs where YouTube music recommends a lot more variety,100
Spotify,324684580,AU,14245391603,2026-06-30T07:36:54-07:00,5,Tattoo,My mate,7
Spotify,324684580,AU,14245317889,2026-06-30T07:18:13-07:00,4,review,wish it’d stop asking me to review it.,38
Spotify,324684580,AU,14244807623,2026-06-30T05:00:36-07:00,5,Anytime,So awesomeness all the music all the time,41
Spotify,324684580,AU,14244744000,2026-06-30T04:40:46-07:00,5,Rate,It is sooooooo goooddddd,24
Spotify,324684580,AU,14244697371,2026-06-30T04:25:46-07:00,5,Spotify is good,"I really like Spotify because I can listen to all my favourite artists.
Spotify is my favourite app",99
Spotify,324684580,AU,14244559730,2026-06-30T03:39:58-07:00,5,Best,Best music,10
Spotify,324684580,AU,14244376310,2026-06-30T02:34:19-07:00,5,This is a very good app,"I love Spotify, I am able to listen to my music freely and it’s just so good to have. Being able to listen to my favourite songs while on the go or chilling is just super relaxing. (Fave is miku btw) overall five stars for such an amazing app.",243
Spotify,324684580,AU,14244338946,2026-06-30T02:20:41-07:00,3,My honest opinion about Spotify,The things I honestly don’t like about this app is you can’t choose the order of what songs you want to play on your playlist and randomly when I’m listening to my playlist songs that aren’t on it start playing it so annoying!!!,228
Spotify,324684580,AU,14244127681,2026-06-30T00:59:14-07:00,5,Awesomeness,So I’m in my teens and Spotify is the best so I like my rock music here and I listen to this all the time now I always use Spotify. I always always makes my own playlist and I think you should get this so if you’re a teenager who likes rock music or like other types of music go get Spotify.,291
Spotify,324684580,AU,14244087788,2026-06-30T00:42:21-07:00,5,Review,It is very good and I like how it has all the songs I like. It’s also god because it is not confusing to use and I can easily find everything!!,143
Spotify,324684580,AU,14244058096,2026-06-30T00:29:57-07:00,5,Icon is back,"Thank goodness the normal icon is back. 
The disco ball icon designer shouldve been fired. Haha!!",97
Spotify,324684580,AU,14244025325,2026-06-30T00:16:11-07:00,3,Average,"Better than Apple Music, but worse than YouTube Music.",54
Spotify,324684580,AU,14244002647,2026-06-30T00:06:33-07:00,2,Problem playlist,The songs are good but i have a long playlist and yet it barely uses my playlist songs and use the recommended songs even though i have 208 songs in that playlist 😭,164
Spotify,324684580,AU,14243871370,2026-06-29T23:11:17-07:00,5,Awesome,I just love it!...,18
Spotify,324684580,AU,14243718854,2026-06-29T22:07:53-07:00,4,ad,less ad,7
Spotify,324684580,AU,14243515841,2026-06-29T20:47:21-07:00,3,Ai generated music/artists,Figure out a way to mandate AI generated music be labelled as such. And provide features that block AI generated music from suggestions,135
Spotify,324684580,AU,14243432134,2026-06-29T20:14:53-07:00,1,Downloads,Doesn’t download as good as the iHeart app for some reason you can mimic the iHeart app perfect,95
Spotify,324684580,AU,14243400782,2026-06-29T20:03:03-07:00,5,I do wish,They would stop giving me not relevant ads to me because of the age I am (I will not say my age but it is younger than a person who can drive),142
Spotify,324684580,AU,14243194657,2026-06-29T18:47:05-07:00,5,Sexy,There so sexy,13
Spotify,324684580,AU,14243084304,2026-06-29T18:06:47-07:00,1,Not happy,The app keeps glitching,23
Spotify,324684580,AU,14242912410,2026-06-29T17:02:11-07:00,5,Love Marilyn dates music,I love her music,16
Spotify,324684580,AU,14242889939,2026-06-29T16:53:27-07:00,5,LOVE IT,"I love all the songs and it has everything I want and wish for, whatever song you want gives it to you and songs you don’t want your children to listen too easy, Spotify lets you restricted songs audiobooks and more, Spotify has every thing I spend a lot of my day doing chores and Spotify made doing chores really fun, why? Because you can listen to music, podcasts, audiobooks and more. This is way I think everyone should get Spotify.",437
Spotify,324684580,AU,14242884479,2026-06-29T16:51:20-07:00,3,Good app,"Good app but hate how for non premium users they can’t change queue, skip back, skip through songs and whenever they listed to albums it’s always on shuffle play and adds recommended songs.",189
Spotify,324684580,AU,14242829880,2026-06-29T16:29:57-07:00,5,Very good for Korn,Very wide variety of absolute Korn classics. I haven’t seen my family since last October because of it. It’s like an addiction I can’t wait to get my next hit. Listening to Korn is my only way of life now. I don’t know what I would do without. I don’t what.,257
Spotify,324684580,AU,14242797871,2026-06-29T16:16:32-07:00,5,Amazing,AMAZING I love the premium version but I love that meme that says want a break from the ads,91
Spotify,324684580,IN,14314118624,2026-07-17T05:42:03-07:00,5,Happy,Me and my family are always using the app,41
Spotify,324684580,IN,14314069290,2026-07-17T05:26:55-07:00,1,👎🏽,Almost every 3songs there is an ad and very limited access to non premium users,79
Spotify,324684580,IN,14314014133,2026-07-17T05:09:49-07:00,1,ada,so much ads and the ads are too long and there is no option for skip the add and there is ads after two songs pls stop thi,122
Spotify,324684580,IN,14313960058,2026-07-17T04:52:39-07:00,1,New update is bad,To much repeated adds and cant change songs according to wish.,62
Spotify,324684580,IN,14313866613,2026-07-17T04:21:36-07:00,1,Why are you forcing to subscribe,Any time i try to change song its asking to subscribe limiting my actions.,74
Spotify,324684580,IN,14313614741,2026-07-17T02:49:21-07:00,5,Best music,Suparb,6
Spotify,324684580,IN,14313572865,2026-07-17T02:32:44-07:00,1,Advertisement,Adds after every songs,22
Spotify,324684580,IN,14313448191,2026-07-17T01:42:50-07:00,1,Hahgsuejsno,Subscription are costly,23
Spotify,324684580,IN,14313216308,2026-07-17T00:07:36-07:00,5,Excellent App,"Excellent app with an amazing music library and personalized playlists. The sound quality is great, and it’s easy to discover new songs.",136
Spotify,324684580,IN,14313087527,2026-07-16T23:14:27-07:00,5,"Best music streaming app, no cap","it literally is the best app to steam music. The interface is perfect, and you just cannot switch to any other app once you start really using Spotify.",151
Spotify,324684580,IN,14312869272,2026-07-16T21:42:54-07:00,1,Worst app i have ever seen,"Each and every tap is paid! You tap next song its paid 
You tap the song you wanna pay its paid 
I expect more updates in which increasing volume will be paid
Closing the app will be paid
Please make sure everything is paid in this app from next time !",252
Spotify,324684580,IN,14312861918,2026-07-16T21:39:48-07:00,1,Sound capsule,I have premium and i dont have sound capsule instead i have listening stats which is not as good as sound capsule whatsoever please bring back sound capsule,156
Spotify,324684580,IN,14312834331,2026-07-16T21:28:31-07:00,5,Nice,Bahut hi badiya h,17
Spotify,324684580,IN,14312773110,2026-07-16T21:03:33-07:00,5,BTS,Good,4
Spotify,324684580,IN,14312712087,2026-07-16T20:39:13-07:00,1,1 star review,I can’t listen to any songs it just say “Premium will unlock it “. Spotify fix your app dude.,93
Spotify,324684580,IN,14312503870,2026-07-16T19:20:48-07:00,5,BEST,Top class Elite Premium,23
Spotify,324684580,IN,14312443800,2026-07-16T18:58:51-07:00,1,bc app,koi mat chlao es bhadwe app ko,30
Spotify,324684580,IN,14312233794,2026-07-16T17:40:40-07:00,5,Best app,Besyt aapp,10
Spotify,324684580,IN,14312104476,2026-07-16T16:51:17-07:00,5,Experience,Thank you for making journey smooth with offline features,57
Spotify,324684580,IN,14311455792,2026-07-16T12:48:26-07:00,5,Spotify,Best,4
Spotify,324684580,IN,14311403947,2026-07-16T12:30:40-07:00,5,Best,Best,4
Spotify,324684580,IN,14311341802,2026-07-16T12:09:43-07:00,5,Forever,Excellent,9
Spotify,324684580,IN,14311214658,2026-07-16T11:27:32-07:00,5,Simply Lovely,🫰🏻,2
Spotify,324684580,IN,14311191299,2026-07-16T11:19:51-07:00,3,Not bad,Good when ads are free,22
Spotify,324684580,IN,14311145763,2026-07-16T11:05:10-07:00,5,Good,Good,4
Spotify,324684580,IN,14311065825,2026-07-16T10:39:51-07:00,5,Besttt apppppp,Bestttt music app in my opinion,31
Spotify,324684580,IN,14310844786,2026-07-16T09:32:05-07:00,5,You are Gem 💎,"Depression,pressure 😇, what pressure Spotify is here 🫶",54
Spotify,324684580,IN,14310614846,2026-07-16T08:25:28-07:00,1,Music and musicians,Listeners and spot   Alone  chusk,33
Spotify,324684580,IN,14310584580,2026-07-16T08:16:50-07:00,5,Improvement,Need to add more songs,22
Spotify,324684580,IN,14310543420,2026-07-16T08:05:11-07:00,5,Spotify,Better than all music app,25
Spotify,324684580,IN,14310446200,2026-07-16T07:37:56-07:00,5,Love u spotify,Love this app good music,24
Spotify,324684580,IN,14310283884,2026-07-16T06:52:16-07:00,5,Honest review,I just enjoy a lot on Spotify❤️🎀,32
Spotify,324684580,IN,14310245649,2026-07-16T06:41:18-07:00,1,Premium,Make us listen unlimited songs without premium subscription,59
Spotify,324684580,IN,14310210652,2026-07-16T06:31:12-07:00,5,Anubhuti by Rajneesh Chadha,EP-1,4
Spotify,324684580,IN,14310099290,2026-07-16T05:58:30-07:00,5,Jihad,Add remove please,17
Spotify,324684580,IN,14309923915,2026-07-16T05:03:29-07:00,1,Ad’s,There are so many ads—will I have to pay just to listen to songs?,65
Spotify,324684580,IN,14309897244,2026-07-16T04:54:41-07:00,1,.,Too much ad break,17
Spotify,324684580,IN,14309834660,2026-07-16T04:33:42-07:00,5,Premium,"It is the best, I loved it",26
Spotify,324684580,IN,14309805275,2026-07-16T04:23:42-07:00,1,Bad,Too much ads,12
Spotify,324684580,IN,14309720505,2026-07-16T03:53:27-07:00,5,Excellent,Super app I just love this,26
Spotify,324684580,IN,14309690180,2026-07-16T03:42:09-07:00,4,If standard,Some time when not no premium it can very irritating,52
Spotify,324684580,IN,14309619709,2026-07-16T03:15:27-07:00,1,"Very bad worst experience about the subscription issue,after the subscription process the account is",Not able to use as a premium customer,37
Spotify,324684580,IN,14309605023,2026-07-16T03:09:43-07:00,5,I like,So good,7
Spotify,324684580,IN,14309583652,2026-07-16T03:01:27-07:00,5,Honestly yes,I LOVE SPOTIFY,14
Spotify,324684580,IN,14309558119,2026-07-16T02:51:25-07:00,1,Absolutely idiotic,Not even letting me play my fav song need to pay for everything,63
Spotify,324684580,IN,14309508588,2026-07-16T02:31:43-07:00,2,Update feature,It was better before the update that we could change the songs as and when required without having premium. That’s a basic feature which we should get through a music app that we can change songs how much ever we want freely.,225
Spotify,324684580,IN,14309475324,2026-07-16T02:18:16-07:00,3,Optional app,"Best app for song listening, but as well worst for same, too many ads, only 6 skips, and you can play your songs only for 5 times",129
Spotify,324684580,IN,14309425633,2026-07-16T01:58:07-07:00,5,Great,Enjoying Spotify,16
Spotify,324684580,IN,14309362870,2026-07-16T01:32:33-07:00,5,Good,Very good I am happy,20
Spotify,324684580,IN,14309193767,2026-07-16T00:20:40-07:00,5,Nice,Noise,5
Netflix,363590051,US,14314074897,2026-07-17T05:28:41-07:00,5,Netflix,I love Netflix and watching great shows. I just wish there was a separate section for non-English shows so i don’t waste time watching a trailer and getting interested to not be able to watch it. If I wanted to read subtitles i would grab a book.,246
Netflix,363590051,US,14313995014,2026-07-17T05:03:50-07:00,4,Hi,I love Netflix but theirs one thing I hate they need to add a English sub ON SAIKI LIEKKEKEK but Netflix is great,113
Netflix,363590051,US,14313859035,2026-07-17T04:19:02-07:00,5,UWU,IM GOONING TO NIRAGI AND SANGWOO IN SWUID GAME AND AIB,54
Netflix,363590051,US,14313499024,2026-07-17T02:03:27-07:00,5,i love heartstopper !!,so i love netflix !!,20
Netflix,363590051,US,14313269097,2026-07-17T00:29:17-07:00,1,看不了,看不了,3
Netflix,363590051,US,14313164507,2026-07-16T23:46:25-07:00,5,Teach you a lesson was amazing! Thank you Netflix ❤️,I’ll keep up my with my subscription!!! Love the K dramas,57
Netflix,363590051,US,14312933374,2026-07-16T22:09:34-07:00,5,Get.,Busy.,5
Netflix,363590051,US,14312824137,2026-07-16T21:24:20-07:00,1,Too expensive,Not good enough for the price,29
Netflix,363590051,US,14312816737,2026-07-16T21:21:17-07:00,5,Household tracking is ridiculous,PARENTS HAVE KIDS WHO ARE AWAY AT COLLEGE OR ELDERLY PARENTS WHO CANT AFFORD THEIR OWN ACCOUNTS. MAKING THEM BE CONNECTED TO THE MAIN HOUSEHOLD WIFI IS RIDICULOUS AND UNFAIR.,174
Netflix,363590051,US,14312726263,2026-07-16T20:44:50-07:00,5,Amazing,🤩,1
Netflix,363590051,US,14312600731,2026-07-16T19:56:30-07:00,5,History,"I love all the documentaries Netflix has done, in particularly history & serial killers. We need to know more about our American history & how we got here.",155
Netflix,363590051,US,14312467148,2026-07-16T19:07:23-07:00,4,So uhh,I’m broke as hell and i want a subscription for watching steel ball run and cyberpunk edgerunners 2 :),102
Netflix,363590051,US,14312417438,2026-07-16T18:49:08-07:00,1,AI Slop Shows,300 shows with AI slop is nothing to brag about.,48
Netflix,363590051,US,14312399507,2026-07-16T18:42:32-07:00,1,B-Movie Aisle,"Netflix used to be great, now it’s mostly like walking down the B-movie aisle or watching the black and white movies from eons ago.  Reruns and poor content.",157
Netflix,363590051,US,14312344205,2026-07-16T18:22:07-07:00,1,None,It getting worse and expensive and too much ads this app suck now,65
Netflix,363590051,US,14312315475,2026-07-16T18:11:22-07:00,5,Winks anyways,"It’s sick asssss heck stop being rude it’s so sick,omllll.llllll if you don’t think so get tou4ugly self out of my wayyyy",121
Netflix,363590051,US,14312294518,2026-07-16T18:03:32-07:00,1,E-mail for each profile?,No.,3
Netflix,363590051,US,14312274228,2026-07-16T17:55:56-07:00,3,Too much,Too expensive,13
Netflix,363590051,US,14312240133,2026-07-16T17:43:06-07:00,1,Money hungry!!,Why are we paying for ads this is ridiculous 🙄,46
Netflix,363590051,US,14312235676,2026-07-16T17:41:23-07:00,1,I just wish it had Star Wars return of Jedi,Please,6
Netflix,363590051,US,14312234028,2026-07-16T17:40:46-07:00,5,Jaden,Very easy to find cool and family family movies,47
Netflix,363590051,US,14312012834,2026-07-16T16:15:13-07:00,5,Red dot,Red dot I don’t want to have a red dot on my Netflix every day and all day with that red dot on my Netflix every day and all day so yeah as can you please help me take that red dot off of my Netflix please so that way it don’t have to be there when I go on my Netflix every day and all day pretty please,303
Netflix,363590051,US,14312003489,2026-07-16T16:11:32-07:00,3,Demasiadas Películas con idiomas que no son inglés y español,Inconformidad,13
Netflix,363590051,US,14311956316,2026-07-16T15:53:02-07:00,1,Too many alerts,Too many alerts should only be done once a week twice tops anything more than that is irritating,96
Netflix,363590051,US,14311921180,2026-07-16T15:39:18-07:00,1,Add,"These stupid 1 out of 4, 1 minute per video is ridiculous, you are money hoggers just because we don’t pay the extra for no ads you’re gonna supply as many ads as you can so you’re still making the money off of if we had, yall are greedy. Go back to how it was, NO ADS!",269
Netflix,363590051,US,14311889257,2026-07-16T15:26:59-07:00,1,Add she-ra and the princesses of power back,It was a good show,18
Netflix,363590051,US,14311880975,2026-07-16T15:23:47-07:00,5,NETFLIX!! PLEASE SEE THIS!,So there is this anime that you made back in 2022 called romantic killer. And it was left un continued ever sense! Im begging you to bring it back! PLEASE PLEASE PLEASE PLEASE PLEASE! Your app it the best btw❤️,210
Netflix,363590051,US,14311834487,2026-07-16T15:05:56-07:00,3,Bring back Ninjago’s other seasons,"Pls bring back Ninjago’s other seasons. It always been my childhood and now favorite show to watch and seeing its other seasons disappear from Netflix has made me truly sad. Especially when I was about to tell my friends to watch Ninjago because I want them to experience what I felt, watching a true masterpiece. But now they can’t cuz the seasons have been taken off. Netflix please bring back the seasons 🙏🙏.",411
Netflix,363590051,US,14311704170,2026-07-16T14:17:11-07:00,5,Amazing,I always watch all the best things on Netflix!,46
Netflix,363590051,US,14311468779,2026-07-16T12:52:55-07:00,5,Ok but not best,It’s good for a little bit but it needs more,44
Netflix,363590051,US,14311424541,2026-07-16T12:37:42-07:00,1,Removing The 100,This is truly the worst decision this company has ever made.,60
Netflix,363590051,US,14311264667,2026-07-16T11:43:59-07:00,3,"Love it, but one thing","Hi Netflix, I love you guys so much. Most of my favorites are on Netflix but I didn’t notice a couple things that were strange one it deleted my favorite shows not an issue but I know for a fact they were there anyway anyways that’s my one thing and I hope you continue to create more glorious content thank you bye",315
Netflix,363590051,US,14311227022,2026-07-16T11:31:32-07:00,5,Netflix rocks,"Best streamer ever! Never had better


Omg you need it",54
Netflix,363590051,US,14311029459,2026-07-16T10:28:20-07:00,1,Not support low version ios,"Why tf this app not support at 17 ipad os, I’m stuck at loading login and nothing happen ?",90
Netflix,363590051,US,14310998052,2026-07-16T10:18:31-07:00,1,Pure propaganda,Pure propaganda.,16
Netflix,363590051,US,14310931033,2026-07-16T09:58:10-07:00,5,Glad I Signed Up!,"There is so many of the things I want to watch, Good Price! Easy to set up
And use.",83
Netflix,363590051,US,14310871726,2026-07-16T09:40:09-07:00,3,Slow response times,"We have several
several streaming services. On our big screen TV, the Netflix user interface has  the slowest response times of any of our streaming services. To be clear, we like Netflix content, our only problem is the responsiveness of the Netflix TV user interface.",269
Netflix,363590051,US,14310857321,2026-07-16T09:35:49-07:00,5,Good,"It’s good, but you need to add more anime maybe every single season of bleach in every single season of Naruto Shippuden",120
Netflix,363590051,US,14310845917,2026-07-16T09:32:25-07:00,5,Anime,"I love the animes they keep adding, at first they were horrid now its like life changing. im in love with netflix now.!",119
Netflix,363590051,US,14310812815,2026-07-16T09:22:38-07:00,5,NINJAGOOOO🥷,I love Netflix but I just want someone to tell me is Rising Dragon gonna continue in the future cuz I love it and really want to watch Rising Dragon. And Lego Ninjago I cryed because I don’t want Lego Ninjago and Rising Dragon to end,233
Netflix,363590051,US,14310806030,2026-07-16T09:20:39-07:00,4,Great watch,Good,4
Netflix,363590051,US,14310554413,2026-07-16T08:08:17-07:00,5,Maravilloso,Disfruto mucho su programacion,30
Netflix,363590051,US,14310551266,2026-07-16T08:07:23-07:00,5,Loving you,Netflix I will love you forever and ever thank you thank you so much for existing <3,84
Netflix,363590051,US,14310515154,2026-07-16T07:57:21-07:00,2,Adds,U need to take the adds off it makes people uninterested and then they get off Netflix ands goes somewhere like Disney,118
Netflix,363590051,US,14310505820,2026-07-16T07:54:44-07:00,5,This is great,This app isss sooo good it has great and beautiful movies that u might be into and come cheak it out it's the beash,115
Netflix,363590051,US,14310442870,2026-07-16T07:37:00-07:00,4,I really like it,"The only problem is it takes a lot of Internet and then I’m just trying to ride the tram. It just is so glitchy, but I really like it and I think everyone should have it.",170
Netflix,363590051,US,14310327494,2026-07-16T07:04:36-07:00,4,Total recall,"I find your listings to be great, science fiction adventure, drama and content. Ty",82
Netflix,363590051,US,14310242917,2026-07-16T06:40:31-07:00,5,It’s  the best app I have ever used ever ❤️💕😇🥰😘😍,I love the app,14
Netflix,363590051,US,14310118402,2026-07-16T06:04:04-07:00,5,Goat,The goat,8
Netflix,363590051,US,14309963223,2026-07-16T05:16:11-07:00,5,Netflix N Chill,I have been with Netflix for so many years the app really knows me. It gives me so many great titles  I barely have time to watch my other apps. Netflix rules,158
Netflix,363590051,US,14301036875,2026-07-13T23:54:24-07:00,3,netflix,to much transsexual bs pushed on ppl stob brain washing or ill stop paying for your services thank you.. and ill be keeping my opinion and stars will keep declining as long as trans ideology is continued to be pushed on kids,224
Netflix,363590051,US,14300971210,2026-07-13T23:25:42-07:00,5,Review,"Best TV App , great movies great tv shows , all sorts of different genres for every one to enjoy",96
Netflix,363590051,US,14300904850,2026-07-13T22:56:35-07:00,5,Banglers,"So many great hits, happy 250th anniversary of this country. We the people of the us love our cinemas. Acts from the down under in towns, cities and villages won’t go unnoticed. 101Film",185
Netflix,363590051,US,14300851361,2026-07-13T22:32:50-07:00,1,Stuff,67(!;!; Kendrick,16
Netflix,363590051,US,14300837471,2026-07-13T22:26:46-07:00,5,Amazing,Love love love Netflix! Just wish they wouldn’t cancle some series after 1 or few seasons as we get into a series then they cancle it unended.,142
Netflix,363590051,US,14300833706,2026-07-13T22:25:06-07:00,4,Arabic content,More Arabic content would be better movies and TV series even biography thank you,81
Netflix,363590051,US,14300822962,2026-07-13T22:20:22-07:00,5,Netflix,(:,2
Netflix,363590051,US,14300806090,2026-07-13T22:12:52-07:00,1,Over charging,To many add you pay 22 dollars with a lot of add,48
Netflix,363590051,US,14300622504,2026-07-13T20:54:49-07:00,5,Vamos!,"I’ve played and watched tennis for 25 years, I always liked Rafa but he wasn’t my favorite player.  After watching this he is.",126
Netflix,363590051,US,14300611497,2026-07-13T20:50:16-07:00,1,Personalized with no choice,I have to personalize my profile on my family account and I have no choice in it. They are making me provide my email and won’t let me decline.,143
Netflix,363590051,US,14300535924,2026-07-13T20:19:50-07:00,5,.,"Super, me encanta 👌🏼👍🏼😁",23
Netflix,363590051,US,14300503068,2026-07-13T20:06:53-07:00,5,it no work,why it no work,14
Netflix,363590051,US,14300465942,2026-07-13T19:52:25-07:00,1,Buffering and log out was horrible,I was unable to watch the home run derby without buffering and being kicked out!! Terrible!! Next time Netflix need to be more prepared!!! So disappointing,155
Netflix,363590051,US,14300465645,2026-07-13T19:52:18-07:00,4,Netflix!,I love Netflix cause it has my favorite shows like TADC and… stuff. But why can’t you split screen?!? I just wanna watch digital circus while playing Monopoly GO so pls help me.,177
Netflix,363590051,US,14300444017,2026-07-13T19:43:59-07:00,1,Stream quality,Every time I have watched a sport on Netflix there has been insane spottiness of stream quality and stream buffers that are not due to WiFi connection. This service is awful and continually going downhill but you keep it for that one show. Just blacked out due to server malfunction during the tying 3 home runs of the home run derby and completely ruined it. Netflix is lucky they have such a big customer base already or they’d be toast.,439
Netflix,363590051,US,14300401656,2026-07-13T19:27:45-07:00,2,What a POS App,"Very customizable, the screen takes every shape except the one I want, very convenient. I love technology and look forward to the developments of the future HURRAY!",164
Netflix,363590051,US,14300373282,2026-07-13T19:16:57-07:00,1,Ruining live sports,You ruined the greatest event in live sports deleting my subscription,69
Netflix,363590051,US,14300361242,2026-07-13T19:12:25-07:00,1,Home run derby crash,I got Netflix today just to watch the home run derby and now it crashed out and is giving me an error message telling me to try again later. How am I supposed to try again later on a live event. This is such a let down.,219
Netflix,363590051,US,14300355648,2026-07-13T19:10:24-07:00,5,Salish,"I think you should put more. Salish shows on like Salish is so cool. I mean like her videos are really really awesome so good so awesome so good so awesome oops I already say that. Well, yeah I did say this is also team Salish.",227
Netflix,363590051,US,14300312686,2026-07-13T18:54:24-07:00,1,Poor home run derby experience,Top frequent buffering caused by high volume,44
Netflix,363590051,US,14300300646,2026-07-13T18:49:52-07:00,5,Truth,Honestly it's pretty good,25
Netflix,363590051,US,14300246006,2026-07-13T18:29:31-07:00,5,"Solid Game, funny too!(*/\*)",Perfect 👌🏻,10
Netflix,363590051,US,14300219330,2026-07-13T18:19:27-07:00,5,Very good 👍,"It needs Wi-Fi and you also need a subscription but overall it’s really good but for the anime fans they got like one piece,hunter x hunter, and black clover and for the one piece fans they all ready got the live action one piece so you’re good so that basically means Netflix is….
SSSSSSSSUUUPPPPPPPPPEERRRRRR ⭐️🇺🇸💫⭐️🇺🇸💫 !!!cool !!!😎 👍



(that’s for the one piece fans if you know you know )⭐️💫💫🍀🟣",399
Netflix,363590051,US,14300216800,2026-07-13T18:18:31-07:00,5,Netflix is peak,LOVE NETFLIX JUST PLEASE STOP REMOVING ALL THE GOOD SHOWS BROOOOO,65
Netflix,363590051,US,14300185962,2026-07-13T18:06:44-07:00,1,In the World Cup,1 star it’s because in the World Cup game fifa helps Messi on the game by the way!!!!!!,87
Netflix,363590051,US,14300142083,2026-07-13T17:50:06-07:00,5,Fav streaming service,Love it so so so much and it has the best movies and shows and if you like watching things this is perfect for u,112
Netflix,363590051,US,14300119168,2026-07-13T17:41:17-07:00,1,HR Derby,"Subscribed the watch the home run derby, production quality is borderline unwatchable. Was thinking of keeping my subscription but cancelling it immediately after this",167
Netflix,363590051,US,14300077172,2026-07-13T17:25:02-07:00,2,Bad app,It does not work very good for outside anymore on iPad. It keeps freezing out every 2 minutes then crashes. Had to start over again repeatedly. Netflix has gotten suck now,171
Netflix,363590051,US,14299979283,2026-07-13T16:47:06-07:00,5,Best app ever,I love this app because I like to binge watch all of my fav shows and movies definitely recommend,97
Netflix,363590051,US,14299918372,2026-07-13T16:23:02-07:00,3,Good choices,Way to many and long commercials,32
Netflix,363590051,US,14299882218,2026-07-13T16:08:41-07:00,3,Dont pmo,"How you gone limit the amount of people that can utilize 1 account based on location but keep raising your mf prices? 

And add Friday back on this mf.",151
Netflix,363590051,US,14299858514,2026-07-13T15:59:20-07:00,4,Something’s wrong,"Can you please add seasons 3-6 back on total drama island, and also can you add wrestlemania 42 on wrestlemania vault?",118
Netflix,363590051,US,14299737870,2026-07-13T15:12:26-07:00,1,Dear Netflix,YOU NEED TO PUT THE PAW PATROL MOVIE BACK ON NETFLIX ITS MY GRANDKIDS FAVORITE MOVIE AND THEY REFUSE TO WATCH ANYTHING ELSE I DONT PAY MONEY EVERY MONTH FOR YOU TO TAKE THE GOOD MOVIES OFF I WILL GET EVERYONE I KNOW TO UNSUBSCRIBE UNTIL THIS IS SOVLED THANKS,258
Netflix,363590051,US,14299693663,2026-07-13T14:55:33-07:00,5,garciaroly.1998@gmail.c,Mr Roly,7
Netflix,363590051,US,14299529403,2026-07-13T13:54:39-07:00,5,Great,5 stars,7
Netflix,363590051,US,14299441625,2026-07-13T13:23:17-07:00,5,!!!!!!!!!!!!!!!!!!!!,I love this!!!!!!! Please make more of it!!!!!! (This review is coming out of a 8 year old.),92
Netflix,363590051,US,14299424193,2026-07-13T13:17:07-07:00,5,67,"I like Netflix bc it lowkey tough but yall should make it to where there is no adds for any plan that you have. Bc lowkey them adds make me mad bro 
✌🏻😃",152
Netflix,363590051,US,14299262453,2026-07-13T12:21:14-07:00,4,A great app,"This is great app.It has many popular shows, but sime shows are not shown fully like one piece,for those who only use netflix and want to watch the whole anime, its hard going around sketchy websites.",200
Netflix,363590051,US,14299248874,2026-07-13T12:16:40-07:00,5,Give me my own show,I liked my own show about me trust me it’ll be a very interesting story of my life hit me up I promise if you look me up on google who is Keshaune Thomas trust you’ll be amazed but you have to say from bandera,209
Netflix,363590051,US,14299200075,2026-07-13T12:00:19-07:00,5,My hero academia,Add season six,14
Netflix,363590051,US,14299075516,2026-07-13T11:19:01-07:00,2,Not Enough Shoes I Like,"I would like to see more anime such as Blue Eye Samurai and Super Crooks. Also more series such as Supa Cell, night Agent.",122
Netflix,363590051,US,14299047927,2026-07-13T11:10:11-07:00,4,Tv shows and movies.,Netflix is a really great app for watching all types of movies and shows. But the app always removes the bes tv shows and movies.,129
Netflix,363590051,US,14298894768,2026-07-13T10:22:02-07:00,1,Issues,Sometimes the app does not track what you watch at all and other times the “my account” info disappears. When certain ads appear the app fails to load the ads and it completely shuts off the movie or show I’m watching. Additionally the app keeps crashing.,255
Netflix,363590051,US,14298819894,2026-07-13T09:59:07-07:00,1,Needle in a Haystack,I’m tired of hunting for things on all the streaming channels.  On Facebook new 10 ep series with Timothy Olphant! No title mentioned.  Nothing under new series!,161
Netflix,363590051,US,14298694113,2026-07-13T09:21:44-07:00,5,Nothing wrong,"If you don’t have Netflix you need to get it now it is so great there is a wide variety of movies and shows my personal favorites are enola holms 1,2 and 3 stranger things spiderman and the show with Salish in it anyways you got to get it no ads but you do need internet so get Netflix right now ( if you don’t have it)",319
Netflix,363590051,US,14298553593,2026-07-13T08:40:58-07:00,5,Super for traveling!,One of our favorite features about Netflix is that we are able to download a lot of videos to watch when we’re traveling.  We just wish the monthly fee didn’t keep increasing.  We can’t live without it though.,209
Netflix,363590051,US,14298532246,2026-07-13T08:34:46-07:00,5,Netflix,"I love Netflix it is so entertaining although I did wish it had more horror movies like scream and then action movies. Those are my favorite types, but they don’t have a lot of good ones those",192
Netflix,363590051,US,14298474217,2026-07-13T08:18:11-07:00,5,Loving it,I’m so glad Netflix has so many ways to watch,45
Netflix,363590051,US,14298420585,2026-07-13T08:03:01-07:00,5,Netflix,I really love Netflix! I can watch all of my favorite movies and shows,70
Netflix,363590051,US,14298419617,2026-07-13T08:02:46-07:00,5,art.,magnificent.,12
Netflix,363590051,GB,14284027152,2026-07-09T17:08:47-07:00,5,Jay,"It’s worth , affordable and very enjoyable",42
Netflix,363590051,GB,14282962704,2026-07-09T10:53:28-07:00,5,Netflix,Ausome shows!,13
Netflix,363590051,GB,14282428429,2026-07-09T08:15:36-07:00,1,No vision plus,Shame,5
Netflix,363590051,GB,14281817789,2026-07-09T05:20:30-07:00,1,LOGS ME OUT EVERY MONTH,since i don’t live at my dads it logs me out every month and i have to go round to high is a bit dangerous for me just so i can watch stuff,139
Netflix,363590051,GB,14279757333,2026-07-08T15:54:36-07:00,5,I’m back on track and ready to Binge binge binge,It’s Netflix Man just chill 😎 Ssssh Be quiet 🤐,46
Netflix,363590051,GB,14279138942,2026-07-08T12:06:56-07:00,1,Constant password compromise alerts,"Don’t understand why people miss the obvious here. No proper security, and ridiculous in a supposed digital age to have to store card payment info on your account 😂 hackers delight! Plus the dumbfudge new button they added and enabled for PROFILE SHARING 😂yeah let the hackers literally take all the need in one hit. The stupidity is off the scale here. Wow. Cancelled and deleted, least Sky is secure",401
Netflix,363590051,GB,14279077691,2026-07-08T11:46:23-07:00,5,Great,Good tv shows and drama,23
Netflix,363590051,GB,14277774220,2026-07-08T05:12:35-07:00,1,The shows you wanna watch run out of rights,"I wanted to watch ad hoc series like Hacks, and you have to spend a fortune to subscribe to multiple platforms, while it should all be under 1 subscription . Not worth the money, considering now there are also ads stopping what you’re watching. Unbelievable",257
Netflix,363590051,GB,14275714463,2026-07-07T15:27:53-07:00,1,Pathetic customer service,We called customer care to resolve an issue but they rather asking to go on higher plan rather than resolve,107
Netflix,363590051,GB,14275234394,2026-07-07T12:34:31-07:00,1,Throwing random errors,Ios,3
Netflix,363590051,GB,14275013894,2026-07-07T11:21:24-07:00,5,Netflixxy review,Subterrainian masterpiece gothic lengend plus just a couple phrases to describe the magistry of Netflix i mean by far the best moving streaming app piece in the world it’s got every genre of entertainment coupled with suspense  viewing that no other app can come close to i just want to say thank you for the hours and hours of viewing pleasure my brain applauds you every night well done touché and thank you,409
Netflix,363590051,GB,14274551102,2026-07-07T08:59:48-07:00,5,Witch hat Atelier,Add it please,13
Netflix,363590051,GB,14271344093,2026-07-06T13:17:49-07:00,5,How it’s good,"It has all the movies that interest me and it’s a really nice app to use because it doesn’t lag or anything.
So I give five stars!",130
Netflix,363590051,GB,14271302087,2026-07-06T13:03:45-07:00,5,Good,Popular films on Netflix and good qualify Me and better than Disney,67
Netflix,363590051,GB,14271125015,2026-07-06T12:06:12-07:00,3,Where’s the “Coming Soon” button.,I can’t believe that there is no longer a Coming Soon section? It seems this has been replaced by “Clips” but these are clips is things that’s already been released. In my opinion it’s a terrible decision and I can’t believe that anybody likes the fact that Coming Soon is no longer available. Why Netflix?,306
Netflix,363590051,GB,14269676991,2026-07-06T04:52:34-07:00,3,What’s going on,"I’m already signed in but every time I open the app it asks me to sign up again then after it tells me that I can’t watch anything because there’s a problem with my profile, I tried with another one and I just got kicked out of the app",235
Netflix,363590051,GB,14268979644,2026-07-06T00:14:21-07:00,5,Essential entertainment,Great value and massive selection of good entertainment to watch.,65
Netflix,363590051,GB,14267436090,2026-07-05T13:52:02-07:00,1,New personalisations,Can’y get my child into their account because there under 18 so they can’t agree to the t&c so annoying!!!!,107
Netflix,363590051,GB,14267187824,2026-07-05T12:27:02-07:00,1,Good to not spend time on screens,"The app is so terrible and never work. it gives me the motivation to stop watching screens and do something with my life instead so thanks? I sold my Netflix shares when I downloaded this app, that’s how little faith I have in this company nowadays, ALL of the other streaming services are better than this.",307
Netflix,363590051,GB,14267010701,2026-07-05T11:29:13-07:00,3,Lots to see,"finding it difficult to find something I want to see, I’m continually scrolling through everything.",99
Netflix,363590051,GB,14266312090,2026-07-05T08:00:38-07:00,1,Dreadful user experience,Worst app ever. How the hell can you choose a specific episode to watch.,72
Netflix,363590051,GB,14266007220,2026-07-05T06:32:35-07:00,5,Nice,It’s just the best,18
Netflix,363590051,GB,14265857407,2026-07-05T05:46:35-07:00,4,Different regions,Netflix is a great streaming service with lots of great shows to choose from but the only problem is that different regions have different catalogues making it harder for people in a country where a show didn’t originate from to watch the show such as one piece in the uk only having 7 seasons and more in other countries,321
Netflix,363590051,GB,14265372318,2026-07-05T02:52:09-07:00,5,True crime scene,I like to watch because we can learn a lot about meeting bad people in this world.,82
Netflix,363590051,GB,14265234470,2026-07-05T01:57:44-07:00,1,removing good shows,"why are u removing all of the good popular shows!im quite disappointed with this, as you removed Ever after high and harry potter and also why are you removing some parts of the shows, for example victorious, wheres the rest of the seasons and mako mermaids. Fix this immediately as alot of people are upset about this!",319
Netflix,363590051,GB,14265049655,2026-07-05T00:43:28-07:00,5,Netflix,It really good,14
Netflix,363590051,GB,14263555228,2026-07-04T14:20:12-07:00,1,Going down hill,"Used to be a good app until they got greedy with the subscriptions and with the limits on shows, why upload a a show if you don’t have all seasons?. Also why allow a start of a show but then cancel it because you don’t want it over 2 seasons? Apps like these are going down hill due to the greed. It’s no longer for customers/users anymore which is a shame. Going back to DvDs sounds good right now, at least I can watch the full thing without being interrupted by the same ads 20 times a day.",493
Netflix,363590051,GB,14262839881,2026-07-04T10:09:27-07:00,1,Money grabbers,"What used to be a great platform has been ruined by greed once again. When I first started paying I would pay £5.99 and I was happy with that. But, not too long ago, they’ve introduced ads to that package. I’d understand if it were free, but it’s not. The adds are every 5 minutes now, 2 minutes worth of adds each time. An hour long movie can take up to 3 hours sometimes. The Netflix originals are absolute slop, there hasn’t been a single decent series. Id much rather pirate things these days.",497
Netflix,363590051,GB,14262833981,2026-07-04T10:07:37-07:00,3,WE NEED FRIENDS IN THE UK!!,"There’s many shows I watch on here and there great,however if there were friends it would be amazing! Please add it back! It’s been a nightmare without it :(",157
Netflix,363590051,GB,14261698988,2026-07-04T04:28:11-07:00,3,I mean it’s good but I have one problem…,"WHAT DO YOU MEAN THERES NOT GONNA BE A SEASON 2 OF THE BOROUGHS??? I MEAN, I GET THAT THE DUFFER BROTHERS LEFT YOU FOR PARAMOUNT BUT GET OVER IT ALREADY!! ADD SEASON 2 WHEN ITS MADE.",182
Netflix,363590051,GB,14261592887,2026-07-04T03:50:13-07:00,5,Mwa,Getting on that anime game now,30
Netflix,363590051,GB,14261101411,2026-07-04T00:38:03-07:00,5,Amazing,Everything is so easy to use and it is one of the best apps for elders as it is not confusing at all yet it is a shame movies are being taken off like F.R.I.E.N.D.S or Madagascar and that The Rookie’s 8 seasons are not all there and it is just half of the seasons but other from that it is amazing .,299
Netflix,363590051,GB,14260892839,2026-07-03T23:13:39-07:00,3,BL,I would like more Bl and T/J-drama pls,38
Netflix,363590051,GB,14259355665,2026-07-03T13:21:39-07:00,5,Brilliant,"Netflix produces some brilliant content, I don’t like everything but there are so many programs that I have loved. I love true crime content and documentaries. The only criticism I have of Netflix is when they signed a deal with the Duke and  Duchess of Sussex and the awful content they put out, I seriously considered leaving Netflix, but I have a sister who moved in with me after she suffered a stroke and she really enjoyed watching Netflix as she recovered from her stroke so I left my Netflix account open for her to use.",528
Netflix,363590051,GB,14257601963,2026-07-03T04:43:16-07:00,5,Love it,Love it,7
Netflix,363590051,GB,14257192460,2026-07-03T02:15:31-07:00,5,Hi,"Netflix is absolutely amazing.I love anime, reality shows, etc and it’s got lots of shows to offer.I love Netflix, it’s amazing, well done on this amazing streaming platform",173
Netflix,363590051,GB,14256689099,2026-07-02T22:50:06-07:00,2,👏🏾👏🏾👏🏾👏🏾👏🏾,I love Netflix because it gives you the power to source your imagination.  It also gives you the choice of what you want to watch and introduces you do things that you might have not heard of the continue watching overtime. That’s why I give Netflix a five star.,262
Netflix,363590051,GB,14255406249,2026-07-02T14:47:12-07:00,1,Episodes missing,The one piece episodes 130-1089 in between are missing,54
Netflix,363590051,GB,14255163858,2026-07-02T13:21:15-07:00,1,Not enough info,"Once seen the movie should be removed from list or moved to ‘already seen’ similar for wrong choices so they don’t appear on the list.

The trailer are one scene, hardly noticing.

None English language films should say so as part of the info or out right say language of the film.",281
Netflix,363590051,GB,14255074046,2026-07-02T12:51:30-07:00,5,Best,"BEST APP EVER !!!!!!,",21
Netflix,363590051,GB,14254848910,2026-07-02T11:38:45-07:00,5,"EE -,Excellent Entertainment",Yes a true one and only app of  entertainment. When my spirits are down watching a couple of comedies and crime. Proves truly a masterpiece and a great app for time. Keep up the good work.,188
Netflix,363590051,GB,14253937136,2026-07-02T07:21:33-07:00,5,Stop talking good shows off,Netflix is great over then when it takes off good shows like friends I am still angry at that add it back,105
Netflix,363590051,GB,14253073002,2026-07-02T03:00:54-07:00,5,dub,"Not all anime on Netflix have Hindi dubs. While some dubs are available on Crunchyroll, you won't find them on Netflix. In other cases, dubbed versions might be on third-party apps or TikTok but aren't on Netflix.
Sometimes, all the seasons of an anime like ""That Time I Got Reincarnated as a Slime"" might have full dubs, and even season 4's dubs have arrived, yet it's still not on Netflix. Similarly, ""Wistoria: Wand and Sword"" doesn't have a dub available on Netflix either.
I hope the dubs for all of these will arrive soon, so that we can watch them in Hindi dub whenever we want. The main problem is that they aren't available in Hindi dubbing, while they have arrived in other places, but on Netflix, they are only available in Japanese or their original language.",771
Netflix,363590051,GB,14253049003,2026-07-02T02:51:56-07:00,1,It’s not working,Not working,11
Netflix,363590051,GB,14252917713,2026-07-02T02:01:32-07:00,5,Best value,Always something good to watch on Netflix and has something to suit everyone’s needs . Great value for money,108
Netflix,363590051,GB,14252533560,2026-07-01T23:25:42-07:00,5,Pookie Netflix,Love it,7
Netflix,363590051,GB,14251268378,2026-07-01T15:27:23-07:00,5,I will find you,"Really enjoy this series, hope there’s more like it",51
Netflix,363590051,GB,14251231182,2026-07-01T15:13:34-07:00,1,Bugs and bitrate issues,Tons of bugs as of July 2026. PiP randomly stops working. The white iPhone multitasking bar at the bottom of the screen never disappears. The streaming bitrate of content is very low even when viewing on the top Netflix 4K premium package and using 500+ megabits per second download speed internet. This means when the scene goes dark you can see horrible banding and colour breaking apart.,390
Netflix,363590051,GB,14250939258,2026-07-01T13:28:47-07:00,5,Amazing,Could not live without Netflix.,31
Netflix,363590051,GB,14250860801,2026-07-01T13:02:11-07:00,1,Forcing me to sign in,"Why on earth is it forcing me to give my email ID when I am already signed in? Fix this, Netflix",96
Netflix,363590051,CA,14001064443,2026-04-26T19:53:46-07:00,5,Ma note,Je mes 5 étoiles car je l’utilise pour tout les soirs et le jour sérieux trop cool 💕 à recommander â tout le monde ☺️🙈👀💕,120
Netflix,363590051,CA,14000884780,2026-04-26T18:31:32-07:00,5,Ahaha,Love,4
Netflix,363590051,CA,14000718463,2026-04-26T17:17:16-07:00,5,Nice layout,Very impressed with the phone app layout how you swipe for movies or shows.,75
Netflix,363590051,CA,13999606289,2026-04-26T09:52:47-07:00,5,Love the shows on Netflix,Love Netflix,12
Netflix,363590051,CA,13999228769,2026-04-26T07:50:56-07:00,1,Teen titans,Bring teen titans go  back to Canada because it’s a amazing show and if you do bring it back I will not stop watching it.🇨🇦,123
Netflix,363590051,CA,13998868449,2026-04-26T05:53:02-07:00,1,Netflic,Supprimer définitivement netflix please ok,42
Netflix,363590051,CA,13998685769,2026-04-26T04:45:43-07:00,5,Netfkex,Nice,4
Netflix,363590051,CA,13997240101,2026-04-25T17:43:54-07:00,4,Traduction pour le Canada anglais français pour les films,"J’adore vos films, je vis au Canada je n’ai pas mis cinq étoiles, car au Canada les films devraient être tous bilingues, anglais et français, surtout dans les nouveautés, car présentement il y a l’apiculteur dans les nouveautés, mais uniquement en anglais
C’est dommage pour ça c’est mal fait le reste rien à dire",313
Netflix,363590051,CA,13996461493,2026-04-25T12:11:14-07:00,5,Best variety,"Even with all the streaming selection available today, Netflix consistently has the best and newest movies and tv shows. Other streams tend to focus on one thing or the other, but Netflix has a good variety for whatever I’m in the mood to watch.",245
Netflix,363590051,CA,13996393717,2026-04-25T11:45:58-07:00,5,Best,Muaaaaaahhhhh,13
Netflix,363590051,CA,13995941542,2026-04-25T09:10:32-07:00,5,Highly entertaining and witty!,Exciting and fun to watch ! Great actors ! Fun dialogue!,56
Netflix,363590051,CA,13995290381,2026-04-25T05:43:46-07:00,5,Idek,Could have more shows and movies and not take them off so quick.,64
Netflix,363590051,CA,13995049295,2026-04-25T04:14:59-07:00,5,Can’t Out Perform The OG,"Netflix is the best to do it. Consistent, reliable, great selection and original programming also. Something for all ages. ONLY complaint is pricing structures. Which to Netflix’ credit they’ve tried to remedy. Hands down better than the rest of the apps!!",256
Netflix,363590051,CA,13994770382,2026-04-25T02:12:23-07:00,3,Sur l'app,Je souhaiterais tant que cette application me permettre de me dire quand et si j'ai déjà visionné un film . On m'indique déjà qu'une série a de nouveaux épisodes . Pourquoi ne pas garder cette mémoire sur l'application?,219
Netflix,363590051,CA,13994348667,2026-04-24T22:53:23-07:00,5,"Love it, just wish it had everything","Best app ever 😭🫶 ngl, I really enjoy using Netflix and there’s always something good to watch. The only thing that annoys me is that some shows or movies don’t have all the seasons available. Overall, it’s still a great app.",224
Netflix,363590051,CA,13993561009,2026-04-24T16:55:29-07:00,5,Good but…,"I like Netflix but why did you have to get rid of glitter force
Bring it back please please please please please please please please please please please please please please please please please please please please please please please please please please please please please please please please please please please please please please please please please please please please please please please please please please please please please please please please please please please please please please please please please please please please please please please please please please please please please please please please please please please please please please please please",693
Netflix,363590051,CA,13992733660,2026-04-24T11:08:43-07:00,1,Signs out,Signs you out every day on the Apple TV,39
Netflix,363590051,CA,13992671286,2026-04-24T10:45:11-07:00,1,Anime sites,Thank you Netflix for taking down my favourite sites what are you and who ever else do you guys think you doing you not gonna get people to go to you by shutting them down especially with the come and go situation you have for the movies thanks a lot. You don’t even have the anime I want so what’s the point of going to this app or any other that is the same 😑😑,362
Netflix,363590051,CA,13991264568,2026-04-24T02:09:16-07:00,3,Netflix,Just gets more annoying with each update.,41
Netflix,363590051,CA,13990733434,2026-04-23T21:24:11-07:00,4,Bring back teen titans,Pretty good but bring teen titans back to Canada or else I am leaving you one star it is my favourite show ever and I cried when you got rid of it,146
Netflix,363590051,CA,13990545549,2026-04-23T19:47:07-07:00,5,Shows,Almost all the major are on netflix that is the one thing that always insist me to watch netflix,96
Netflix,363590051,CA,13989909330,2026-04-23T14:55:08-07:00,1,"Update does not work , am unable to download movie to watch any more after this update","Update does not work , am unable to download movie to watch any more after this update",86
Netflix,363590051,CA,13986915593,2026-04-22T17:46:49-07:00,3,Netflix,Good but price,14
Netflix,363590051,CA,13986415637,2026-04-22T14:02:27-07:00,2,Movies/series,If you have seen I’ve watch it already why not delete it from my menu or even my playlist! This is 2026!!!,106
Netflix,363590051,CA,13986217222,2026-04-22T12:41:10-07:00,1,Too expensive,Just too expensive,18
Netflix,363590051,CA,13986163847,2026-04-22T12:20:39-07:00,4,Connection,"Souvent des problèmes à me connecter à mon réseau internet avec ma tablette Apple. J’ai parlé à un agent qui la première fois, m’a fait changer mon mots de passe et la deuxième fois que j’ai téléphoné m’ont dit que c’était mon réseau internet qui fonctionnait pas bien. Pourtant j’ai aucun problème avec mes autres appareils à me brancher à Netflix ni aucune autre application.",377
Netflix,363590051,CA,13983585185,2026-04-21T19:06:45-07:00,5,Ravissante demoiselle,Bien,4
Netflix,363590051,CA,13983336937,2026-04-21T17:16:25-07:00,2,STOP SKIPING EPISODES,"One piece has over 300 missing episodes,Naruto like 200 ETC ETC. Your slow at adding anime episodes like 10 episodes of one piece every 3 months is not acceptable.",163
Netflix,363590051,CA,13982285417,2026-04-21T10:00:46-07:00,5,"🎬 Endless Entertainment, Always My Go-To App","I absolutely love Netflix! It has an amazing collection of movies and series for every mood. The streaming quality is excellent, the app runs smoothly, and new content is added regularly. One of my all-time favorite movies on Netflix is Spenser Confidential—great action, humor, and rewatch value. Netflix never disappoints and is easily my favorite streaming app. Highly recommended for anyone who loves quality entertainment! ⭐⭐⭐⭐⭐",433
Netflix,363590051,CA,13981242963,2026-04-21T03:57:58-07:00,5,The best,I love stranger things and young Sheldon 5555 stars,51
Netflix,363590051,CA,13979895195,2026-04-20T16:51:21-07:00,5,Films,Je trouve qu’il n’y a pas bcp de nouveautés et les meilleurs ne sont pas traduits en français merci,99
Netflix,363590051,CA,13976720038,2026-04-19T18:38:45-07:00,5,Greatest of all time,"I Just loved this wrestlemania so much!!! Night 1 Cody vs Randy nah but Night 2 Roman vs Punk was the greatest Extreme match of all time 
☝️☝️☝️",144
Netflix,363590051,CA,13976481042,2026-04-19T16:53:58-07:00,5,NETFLIX,very well done Netflix you guys have excellent previews and it’s very easy to find shows on this website. I would 100% recommend Netflix! ❤️,140
Netflix,363590051,CA,13976065894,2026-04-19T13:54:48-07:00,1,Stupid,"Stupid platform ,I got 8 ads within 30 mins of playing",54
Netflix,363590051,CA,13975905142,2026-04-19T12:52:39-07:00,5,Amazing,You guys should watch this because it’s has  no ads,51
Netflix,363590051,CA,13974765613,2026-04-19T06:44:12-07:00,5,Skipped episodes,I was in the middle of watching a show and it went to episode one thousand,74
Netflix,363590051,CA,13971530132,2026-04-18T08:55:50-07:00,5,Netflix,It’s good and I watch my fav shows🤪🤪🤪,37
Netflix,363590051,CA,13971491966,2026-04-18T08:44:14-07:00,5,My rating,I give you a five star rating because you let me watch so many movies and shows,79
Netflix,363590051,CA,13971323723,2026-04-18T07:53:47-07:00,1,Seriously?,"I get that they want to make money, the ads are annoying but whatever, but getting rid of Picture in Picture for the lower plans is ridiculous, very disappointed",161
Netflix,363590051,CA,13969441040,2026-04-17T19:14:27-07:00,1,Take it off,"If you takeoff K-pop Demon hunters, I will give you five stars

Sincerely, Joshua M.",84
Netflix,363590051,CA,13969245319,2026-04-17T17:55:38-07:00,3,Meh could be better…,Uhm.. yeah (no),15
Netflix,363590051,CA,13965720533,2026-04-16T18:04:24-07:00,1,No games,"I no longer have the games tab 
Not sure what happened",54
Netflix,363590051,CA,13965591787,2026-04-16T17:09:17-07:00,2,No vietsub on popular animes/movies,"It’s understandable if there’s no Vietnamese subtitles on animes/movies that are not popular. But there are bunch of famous animes and movies that very common that don’t offer vietsub option, what is very frustrating. I’ve got annoyed because of that for a long time but it hit my urge to write this review because they even removed the vnmese subtitle on my fav anime, Haikyu, which I watched long time ago on Netflix and they did have vietsub back then.",455
Netflix,363590051,CA,13965560453,2026-04-16T16:55:42-07:00,5,Why I like Netflix?,"I mean, who doesn’t like Netflix it has a bunch of shows that I really like. It makes me feel calm and it has shows that make me interested like Twin tower shows",161
Netflix,363590051,CA,13965268183,2026-04-16T14:47:53-07:00,5,Needs more anime episodes,I am not going to go on crunchy roll to get these episodes also for spyxfamily new season starts at episode 30 or something and is in japins,140
Netflix,363590051,CA,13964552545,2026-04-16T10:09:48-07:00,2,Terrible app,"Since recently, the app and the one on Apple TV worked great. But now, for the love of your money (of course!), Netflix has messed up the app on a lot of ways. Don’t need a “sorry about yer experience”, blablabla. Those troubles don’t worth 27$ a month.",253
Netflix,363590051,CA,13963256515,2026-04-16T02:18:27-07:00,4,New titles,I watch Netflix every evening so I go through movies and series quickly. Would love if there were more added at a quicker rate.  More comedies please.,150
Netflix,363590051,CA,13962766283,2026-04-15T21:55:27-07:00,1,A show called lost girl,Get it now,10
Netflix,363590051,CA,13962209181,2026-04-15T17:31:20-07:00,4,Bien,De plus en plus de films que l’on peut mettre en français et facilement petite bémol pas beaucoup de films récents et quand récent assez souvent ne peux traduire très bonne mini-série d’autre pays et possibilité de traduire en français bravo,241
Netflix,363590051,CA,13962195059,2026-04-15T17:25:13-07:00,2,Lagging,Lags of good real crime documentary,35
Netflix,363590051,AU,14260816796,2026-07-03T22:42:11-07:00,4,This is amazing,"Netflix is exactly what it says it is, #1 Entertainment app",59
Netflix,363590051,AU,14259665522,2026-07-03T15:15:56-07:00,5,Wow,Its a amazing app nothing wrong with it no changes except app size in my opinion but everything else is bravo 👏,111
Netflix,363590051,AU,14258490700,2026-07-03T08:53:13-07:00,1,Post,Not satisfied it’s app,22
Netflix,363590051,AU,14257373936,2026-07-03T03:25:09-07:00,3,Picture in Picture gone,The latest update removed picture on picture view. I used to love watching while playing my casual game. What a shame.,118
Netflix,363590051,AU,14257367348,2026-07-03T03:22:40-07:00,5,Entertainment,"The reason why Netflix is good, firstly everything on it can be for children, teenagers and adults making the movies enjoy able to watch, with heaps of action comedy/ more. Aswell their can be heaps of horror that children can watch into without any issue, restrictions can be made, but for everything that’s been on Netflix I will recommend it to be a standard and solid 5 stars",379
Netflix,363590051,AU,14257120507,2026-07-03T01:47:02-07:00,5,Netflix,I watch NETFLIX everyday i come home. And I always watch SpongeBob,66
Netflix,363590051,AU,14256982243,2026-07-03T00:50:44-07:00,3,Please,"I absolutely love this app, but can Netflix please add back the Harry Potter series please I miss watching it, why does Netflix have to keep getting rid of all the good classic movies and shows?",194
Netflix,363590051,AU,14256439688,2026-07-02T21:10:59-07:00,5,What they have,It is one of the greatest tv apps ever but I’d love to fill in more time as I have cancer and watch a lot of tv..,113
Netflix,363590051,AU,14256241795,2026-07-02T19:56:37-07:00,5,YAAAY,I love thisss I use my mothers account and watch anime and other family related movies! It’s a total vibe!!! I suggested watching Netflix,137
Netflix,363590051,AU,14256093423,2026-07-02T19:03:03-07:00,5,Hayley Canuto,Has appropriate shows for kids and they’re really fun👍😁,55
Netflix,363590051,AU,14253754404,2026-07-02T06:33:07-07:00,3,downloads,"the app is alright, its just that i cant download ANYTHING, i’ve been trying to download pokemon sun & moon (the best) and it would just say “delete downloads of another device” even though i don’t download anything, please fix it, i’ve updated the app, i’ve updated my ios into liquid glass, and i cant download anything",321
Netflix,363590051,AU,14253082023,2026-07-02T03:04:16-07:00,4,Screen on screen,I don’t like how you can’t still watch a show and look at other things on your phone anymore.,93
Netflix,363590051,AU,14248292709,2026-06-30T23:32:50-07:00,1,I want to stop auto PLAYBACK,"Your app does not let me prevent episodes from auto playing. There is a solution to this but for some unknown reason you have buried it deep within your platform. No call centre for help!? And your so called help centre is useless. This is the first time I have subscribed to Netflix in over a year and you better believe I won’t be back. More expensive than Prime, Binge and Stan and yet your platform is worse. Very disappointed that Netflix has let itself become so useless",476
Netflix,363590051,AU,14247748658,2026-06-30T20:05:15-07:00,1,Can’t use profile.,"As above, no way of using other profiles due to new email requirements.",71
Netflix,363590051,AU,14247581540,2026-06-30T19:06:31-07:00,5,STOP SAYING IT IS BAD 🤬🤬🤬🤬,"This app is awesome and like Doxzilla and I use it everyday. For people saying it’s good, thanks and you are a proper person
😀😀😀😀😀😀😀😃😀😀😀😀😀😀😀😀😀😀😀😀😀",146
Netflix,363590051,AU,14242916158,2026-06-29T17:03:38-07:00,1,Longtime subscriber now unsubscribed.,"The change to non-standard Apple player controls not only reduces ease-of-use but also reduces actual functionality. 
A longtime subscriber that has put up with price increases, quality of content decreases, new restrictions on account usage and the ongoing lack of integration with ATV “Continue Watching” has now unsubscribed. 
The corporate hubris required to replace an established interface with a corporate version that is less functional is staggering. 
As is the ongoing erosion of the general user experience for paying customers. 
Netflix no longer gets my recommendation or money.",591
Netflix,363590051,AU,14242855478,2026-06-29T16:39:54-07:00,1,Lock phone issue,"Used to be Good app. 

Stop asking me to select a profile when I open the app. My account only has one!
Also, there needs to be an option that when locking the phone it stops the video playing. Disney has this, Netflix needs it",227
Netflix,363590051,AU,14242422541,2026-06-29T13:53:27-07:00,5,Good but expensive,Good but expensive,18
Netflix,363590051,AU,14239738739,2026-06-28T23:37:51-07:00,4,Netflix,Watched every day yes there was a few problems,46
Netflix,363590051,AU,14239713794,2026-06-28T23:26:46-07:00,5,Netflix is the best!,Netflix has all kinds of shows. I like to have alone time to watch my shows and Netflix always has my back when I do such things!,129
Netflix,363590051,AU,14239574879,2026-06-28T22:25:06-07:00,5,Quality and Variety all the way,Netflix always delivers really good quality content. I also appreciate being able to download shows to watch in down time when travelling.,138
Netflix,363590051,AU,14238675199,2026-06-28T16:19:55-07:00,4,Choice,It’s a shame we are not given the same choice as in the UK,58
Netflix,363590051,AU,14238012456,2026-06-28T12:11:53-07:00,5,What I think of Netflix,Hi,2
Netflix,363590051,AU,14236531698,2026-06-28T04:41:49-07:00,5,Best streaming platform hands down!,"Best & pioneer of streaming. However short of many quality movies in Australia like
Indiana jones series
Bond 007
Top gun
Mission impossible 
Lagaan
Priyadarshan movies etc",172
Netflix,363590051,AU,14236361657,2026-06-28T03:40:33-07:00,2,Woke company,Support ls trans and pushes trans people on children.,53
Netflix,363590051,AU,14235978157,2026-06-28T01:11:40-07:00,5,Netflix,Australia,9
Netflix,363590051,AU,14235632885,2026-06-27T22:53:23-07:00,4,Good,Add friends the show again,26
Netflix,363590051,AU,14235213789,2026-06-27T20:06:31-07:00,3,Ok,"App works well.  Shows . . . ‘Meh’.  Dry old; or mediocre newer ‘Netflix brand’.  Saving grace: So far, unlike many other platforms, I haven’t seen purchases within purchases.   My sub covers everything (ridiculous to have to say that, but it’s no longer a given that your sub means you don’t have to pay to watch content).",323
Netflix,363590051,AU,14233742156,2026-06-27T11:05:35-07:00,5,Vincenzo,Great show,10
Netflix,363590051,AU,14232470040,2026-06-27T04:45:58-07:00,4,Netflix,I love Netflix and all it anime opinions but I do wish it had all of the seasons to shows,89
Netflix,363590051,AU,14232244576,2026-06-27T03:25:38-07:00,4,My default option still,Netflix is my default option of streaming even competition is the best !,72
Netflix,363590051,AU,14231712047,2026-06-27T00:02:45-07:00,4,Algo gets in the way,I need less algo for what I like as I have a diverse interest and it keeps on feeding me the same thing,103
Netflix,363590051,AU,14228632871,2026-06-26T06:23:50-07:00,1,MICHEL JACKSON IS INNOCENT!!!!!!!!!!,MICHEL JACKSON IS INNOCENT!!!!!!!!!!,36
Netflix,363590051,AU,14228590313,2026-06-26T06:11:56-07:00,1,Yo,I hate the mj documentary but fnaf movie peak,45
Netflix,363590051,AU,14223857461,2026-06-25T02:08:41-07:00,5,The best,"Okay so I can literally watch so much movies on this thing. I can watch horror movies, thriller movies and action movies comedy movies everything it’s only the best.",165
Netflix,363590051,AU,14219709327,2026-06-24T00:54:38-07:00,5,So goooood,"I like the way, it remembers my progress",40
Netflix,363590051,AU,14219639360,2026-06-24T00:23:07-07:00,5,Easy one of the best apps,Gous,4
Netflix,363590051,AU,14216721855,2026-06-23T06:32:27-07:00,3,New “feature” sucks.,"The new feature where is forces you to add an additional email account to each profile is ridiculous. I can’t even log in to my profile without adding an email address. (There is already one linked to our subscription). My family uses multiple accounts and we don’t want to have 5 different emails linked to the same subscription. There is no way around it, you can’t even go into your profile.",394
Netflix,363590051,AU,14211948151,2026-06-22T00:34:11-07:00,5,I LOVE NETFLIX,This platform is so great,25
Netflix,363590051,AU,14211593302,2026-06-21T21:42:37-07:00,5,Microsoft,Great transit connection.,25
Netflix,363590051,AU,14211547924,2026-06-21T21:21:10-07:00,5,Netflix,I like movies,13
Netflix,363590051,AU,14207389726,2026-06-20T19:02:35-07:00,5,Best tv app ever,It’s amazing and everything but I think that they should speed the loading up but everything else is amazing!! Thanks to the creator ✨,134
Netflix,363590051,AU,14207007576,2026-06-20T16:27:50-07:00,5,Amazing!!!!,This app is so amazing it allowed me to watch Netflix on the plane to Europe and it had no glitches after i downloaded episodes 💖💖💖💖💖💖💖,135
Netflix,363590051,AU,14206954693,2026-06-20T16:05:36-07:00,5,Awesome,Perfect for binge watching me shows >:3,39
Netflix,363590051,AU,14206067133,2026-06-20T10:37:53-07:00,5,LingOrm,"What can I say they have done it again, incredible they are incredible actresses, and you really feel the emotions and I already dislike the mother-in-law. She’s just so mean and 3Plus once again brought us a masterpiece and I can’t wait to continue the story.",260
Netflix,363590051,AU,14204825565,2026-06-20T04:09:54-07:00,1,MJ,dont dis micheal jackson bro. stop making false alligations abt him.,68
Netflix,363590051,AU,14203669217,2026-06-19T20:08:35-07:00,5,Netflix is GOLD,Seriously I would not be able to survive without Netflix it is the literal best streaming service ever,102
Netflix,363590051,AU,14203620652,2026-06-19T19:49:32-07:00,1,Subscription and ads,I don’t mind ads but when they up the price and then you get more ads plus you can’t skip back and then forward again or you have to watch more ads. It could be done on a time watched instead of set parts in a tv show or movie. If that were the case we might decide to get our subscription back. We are stopping our subscription as other services are better less ads for similar amount and better content.,405
Netflix,363590051,AU,14203331422,2026-06-19T17:58:06-07:00,5,The Amazing Digital Circus,I really loved it a cant stop watching it Im loving it so much,62
Netflix,363590051,AU,14202982713,2026-06-19T15:39:41-07:00,5,JOJO,JOJO THIS JS THE LAST OF MY HAMON TAKE IT FROM MEEEE!!!!,56
Netflix,363590051,AU,14201655513,2026-06-19T08:14:58-07:00,5,I Will Find You,"Intriguing plot. Twists and turns have kept me guessing who has murdered child in such a brutal way, just to kidnap the son of David. For what reason ?? This movie is full of suspense, fast paced plot, I am thoroughly enjoying each episode.",240
Netflix,363590051,AU,14200986370,2026-06-19T04:53:57-07:00,5,Netflix,I love Netflix you can watch anything and everything,52
Netflix,363590051,AU,14200714745,2026-06-19T03:13:44-07:00,5,The best,It is so so so so so so so so so so good I love it,50
Netflix,363590051,AU,14200267544,2026-06-18T23:56:20-07:00,4,Too expensive,Too expensive,13
Netflix,363590051,AU,14196709992,2026-06-18T02:46:01-07:00,5,2 broke girls,We want  more Seasons and episodes of 2 broke girls,51
Netflix,363590051,AU,14196610036,2026-06-18T02:02:10-07:00,5,I love this😛😛,$$$$$$$$🤣🤣😛😛,12
Netflix,363590051,AU,14196185913,2026-06-17T22:45:17-07:00,1,Connect problems,Unable to connect my Netflix to my device,41
Netflix,363590051,AU,14192699597,2026-06-17T02:05:45-07:00,5,Good series,I love the Evil Lawyer. 🥰,25
Netflix,363590051,AU,14192218287,2026-06-16T22:23:38-07:00,4,PLEAE ADD THIS NETFLIX PLEASE,I PRAY ALL DAY THAT YOU ADD HAZBIN HOTEL AND HELLUVA BOSs! PLEASEEEEEEEEEEEEEEEEEEEEEEEEEEEEEEEEEEEEEEEEEEEEEEEEEEEEEEE,119
Netflix,363590051,AU,14191763019,2026-06-16T19:10:35-07:00,3,The cheapest plan - footage is so blurry.,"I thought I would opt for the cheap version, as I dont mind ads, but my gosh the footge on all shows is terribly blurry, so much so I had to change my plan to the full paying price just so I could watch something properly. Do better netflix ffs.",245
Netflix,363590051,AU,14191733930,2026-06-16T18:59:42-07:00,1,Prices just keep going up,"It is not user friendly when you add a member to your account due to us living in different states, only catching up every few months in our home. It’s not worth $44 a month, that’s for sure. The greedy cash grab is insane. We have cancelled subscription.",255
Netflix,363590051,AU,14189425167,2026-06-16T06:07:55-07:00,5,Bean,Greatest app on earth1,22
Netflix,363590051,AU,14188892144,2026-06-16T02:57:14-07:00,5,Netflix is great,Netflix is one of the best apps to watch movies on in my opinion. Five stars.,77
Netflix,363590051,AU,14188696616,2026-06-16T01:27:52-07:00,5,Sarah,Sarah,5
Netflix,363590051,AU,14187160134,2026-06-15T14:29:33-07:00,1,Zero content and wants minors to add email verification,X,1
Netflix,363590051,AU,14186189071,2026-06-15T09:15:18-07:00,2,Shows,Why is Netflix getting rid of all the good shows everyone loves watching like https like dragon lovers would be soooo annoyed like get rid of the least popular ones,164
Netflix,363590051,AU,14185121342,2026-06-15T03:40:41-07:00,1,Obviously making the ads too loud,"Netflix thinks it’s okay to make the ads jarringly loud I guess in an attempt to make you want to pay for a no-ad plan tier. Instead, it makes me want to quit the app altogether and leave a bad review. It’s disruptive to a family household to have an ad come on at full volume in the middle of a quiet show or movie. It’s unacceptable for a streaming service to do this.",370
Netflix,363590051,AU,14185082968,2026-06-15T03:25:21-07:00,5,Good,"What can i say, its just shows and movies. And reviewers, dont be that picky. I personally like it myself",105
Netflix,363590051,AU,14184684193,2026-06-15T00:24:47-07:00,3,Meh,Medium,6
Netflix,363590051,AU,14184546694,2026-06-14T23:19:13-07:00,1,Really good app I had to pay,5 star,6
Netflix,363590051,AU,14180828968,2026-06-14T00:32:27-07:00,5,Netflix,It is so good,13
Netflix,363590051,AU,14180630282,2026-06-13T23:05:24-07:00,1,Greedy business,"Charges way too much for terrible content.
Won’t let you screen share without charging you for more money.
Won’t let you screen share to a chrome-cast.
Better off getting Amazon’s Prime or Disney+",196
Netflix,363590051,AU,14180049787,2026-06-13T18:59:55-07:00,3,Language Issues Always,"Why is it that Netflix have become so cheap that they don’t buy all content in my chosen language. Its extremely annoying when you halfway or three quarters through a series and the language changes and no longer has my chosen language of English? I don’t understand why content streamed to Australia doesn’t always have an English language tab, you would think this would be a no brainer considering we speak ENGLISH in Australia. Netflix has become so cheap that these small details have no longer become a priority. I’ve started three series and each of them have reverted back to Japanese and I mo longer have the option to change the series to English. Not to mention the amount of shows that only have one language option, why are these even on Netflix in Australia. The only people that can watch these shows are the people who understand the language. It’s time to move on from Netflix, luckily I also use their competition and find I’m using their competition more and more. Think twice before you frustrate yourself with Netflix.",1039
Netflix,363590051,AU,14177406508,2026-06-13T04:02:10-07:00,5,Stargate SG1,"I was watching my program, it has suddenly changed to German instead of English. What do I do?",94
Netflix,363590051,AU,14177183731,2026-06-13T02:33:50-07:00,4,Nice,Very fine,9
Netflix,363590051,AU,14177171942,2026-06-13T02:28:59-07:00,5,The best,It is by for the best apps to watch on. I love it so much. It has so much good shows. It’s amazing.,99
Netflix,363590051,AU,14176577229,2026-06-12T22:15:01-07:00,1,That’s for Michael Jackson,Let him rest in peace now,25
Netflix,363590051,AU,14176429276,2026-06-12T21:09:56-07:00,5,Young Sheldon,Young Sheldon was something I wanted to watch for so long and so I figured it out where it was like what was it was on and I saw that it was on the adult Netflix account. I just had been using the kids Netflix account so I saw that it’s on there and now I’m at the stage where Mandy and Georgie having a baby and getting married so it’s a really good it’s a really good TV show and y’all should watch it,403
Netflix,363590051,AU,14175888116,2026-06-12T17:35:57-07:00,1,DISGUSTING,You don’t f with MICHAEL JACKSON.,33
Netflix,363590051,AU,14175682230,2026-06-12T16:14:39-07:00,1,This is for Michael,The one star review is for Michael Jackson. Shame on Netflix.,61
Netflix,363590051,AU,14175665483,2026-06-12T16:07:56-07:00,4,Hehehe,Sure Netflix is great well awesome but they added the 2 season of a show when the 2 season came in 2025 but overall Netflix is great,132
Netflix,363590051,AU,14173665796,2026-06-12T05:36:45-07:00,1,Too expensive,As above,8
Netflix,363590051,AU,14173600589,2026-06-12T05:15:55-07:00,1,That’s for Michael Jackson,Let the man rest in peace.,26
Netflix,363590051,AU,14173597012,2026-06-12T05:14:44-07:00,4,Amazing but…,"So don’t get me wrong Netflix is amazing it’s brilliant!😆 But… some movies aren’t really that good like the movie David. Like why did you put that on? Everyone I know has watched it and it’s not that good IT’S TERRIBLE!!!! But most movies are better like the new one swapped everyone likes it, everyone likes wicked 2 and 1. But it’s just that some movies are really swore to the eyes and ears… but thx for listening 💅💅💅🥰😃",422
Netflix,363590051,AU,14173567223,2026-06-12T05:05:06-07:00,5,Stranger things,I am just sitting around watching stranger things while doing homework and stuff and it’s the best of Stan and Disney,117
Netflix,363590051,AU,14173265597,2026-06-12T03:15:42-07:00,3,Ok but….,Why do my favourite movies keep getting removed? Please do not remove Spiderverse: Across The Spiderverse and add back Spiderverse: Into The Spiderverse…. I can’t watch it on any other movie platform because I only use Netflix.  🙏🙏🙏,232
Netflix,363590051,AU,14173130327,2026-06-12T02:18:26-07:00,3,Content,Content has become so limited that I watch much more on other platforms. Netflix used to be the leader.,103
Netflix,363590051,AU,14171916897,2026-06-11T17:25:54-07:00,3,Quality of shows,Netflix needs to have better quality shows.,43
Netflix,363590051,AU,14171472698,2026-06-11T14:27:05-07:00,1,Poor taste in ads,Why are you showing gambling ads… that’s deeply inappropriate.,62
Netflix,363590051,AU,14169016569,2026-06-11T00:50:01-07:00,5,Nice app,ITS THE BEST APP EVER!!!,24
Netflix,363590051,AU,14168985200,2026-06-11T00:34:59-07:00,5,Why Netflix is  awesome,Awesome movies / tv shows definitely recommend 5 stars,54
Netflix,363590051,AU,14167812597,2026-06-10T16:06:52-07:00,5,😍😍,❤️❤️,4
Netflix,363590051,AU,14166419848,2026-06-10T08:15:16-07:00,2,bad,just another greedy company!! no password sharing just to get crazy amounts of adds and forced to add my own personal info  to my family account totally defeats the point AND the catalogue isn’t even that good. 🏴‍☠️🏴‍☠️🏴‍☠️🏴‍☠️🏴‍☠️,231
Netflix,363590051,AU,14165577275,2026-06-10T03:51:52-07:00,5,Netflix,Netflix has been a few incredible years of entertainment and the movies are just spot on and I love how they make little kids feel included by doing a kids choice and yeah I love Netflix thank you so much,204
Netflix,363590051,AU,14165393950,2026-06-10T02:36:39-07:00,1,$30 a month for what?,"Netflix keeps increasing prices, but the content doesn’t seem to improve. Paying around $30 a month and struggling to find a decent movie to watch is frustrating. The selection feels limited, and many of the good titles are gone. For the amount subscribers are paying, there should be a stronger lineup of movies and shows. Right now, it doesn’t feel like good value for money.",377
Netflix,363590051,AU,14165282504,2026-06-10T01:46:14-07:00,1,Price,Price has become ridiculous,27
Netflix,363590051,AU,14164482001,2026-06-09T19:38:51-07:00,2,Too many ads,"I just want to know why there are too many ads even when i Pay for it every month like?? I am watching a kdrama and in an hour episode there are like 7 ads each of 65 second or more than that. Netflix is increasing their ad time every year like we dont already pay money to see it?? And even if you want to skip a little bit , there is another ad again. So whats the point of it? I seriously watch ads more than the content now. I am really really upset because of it. My friend has disconnected from netflix because of the same issue. I might think about it soon too because now its getting too much. Hope you do something Netflix team!!",638
Netflix,363590051,AU,14162717275,2026-06-09T09:00:24-07:00,5,Ok but...,Bring back FUBAR!!! Season 3 for FUBAR!!!! Please bring back FUBAR!!!,69
Netflix,363590051,AU,14161713341,2026-06-09T03:44:04-07:00,1,Can’t fast forward,"It’s been months and they promised me they would fix the fast forward. 
On Apple TV you can’t click the skip button any more. Every other app supports it, Netflix did, why did they take fast forward away. 
Using another interface until they do.",244
Netflix,363590051,AU,14160095737,2026-06-08T16:03:54-07:00,1,👎🏼👎🏼,Really disappointed with over the Michael Jackson verdict content. It felt one-sided and ignored important facts. Very disappointing.,133
Netflix,363590051,AU,13962191288,2026-04-15T17:23:33-07:00,4,My review,Absolutely awesome streaming service but it is a bit hard to find things,72
Netflix,363590051,AU,13959523471,2026-04-14T23:43:53-07:00,5,Love,I love Netflix. I’m starting to love it super much and I’m gonna start to watch it every single day with you guys so I love you so much.,136
Netflix,363590051,AU,13959183090,2026-04-14T20:42:39-07:00,3,HARRY POTTER,BRING BACK HARRY POTTER PLEASEE!!,33
Netflix,363590051,AU,13958368425,2026-04-14T14:33:34-07:00,2,Account sign in error,It’s really hard to sign in when we buy an account again and sign in Netflix. We can’t sign in because of error. Please fix the errors.,135
Netflix,363590051,AU,13956812414,2026-04-14T05:15:37-07:00,4,Pretty good,"I’ve been using Netflix for years now and love it but I have a couple of issues with it first up different countries get different shows movies it’s annoying I went to America not to long ago and they had way better stuff and they get stuff quicker not fair ok now my second issue crazy lag and a lot of bugs.on my mobile device I download things on to Netflix to watch on flights or when I have no internet when I go to downloads when on a plane or when I  have no internet  cause it goes have no internet connect to the internet then I finally get to downloads and it’s fine like huh also on mobile you can only switch to kids account and from there you can switch to different adult accounts now bugs and lag on my tv sometimes Netflix will start loading and never stop it will go forever I’ve left it on for a day and a half still going also last thing I promise on my tv sometimes Netflix times Netflix will just crash and I have to restart the tv then go into Netflix again some times it works sometimes it doesn’t 
Enjoy Netflix definitely worth it",1055
Netflix,363590051,AU,13956428038,2026-04-14T02:36:28-07:00,5,Netflix 🔛🔝,All im gonna say is NETFLIX IS AMAZING IT HAS LOADS OF GOOD SHOWS AND I LOVE ALL OF THEM!!!!,92
Netflix,363590051,AU,13956269035,2026-04-14T01:15:07-07:00,1,Ycty,Vuyuyggy,8
Netflix,363590051,AU,13956143296,2026-04-14T00:07:43-07:00,5,So good,Every movie u wanna watch is on Netflix and by the way you should make more of 17 again young Sheldon happy Gilmore and also the middle!,136
Netflix,363590051,AU,13955551118,2026-04-13T19:04:37-07:00,4,Good but we need twilight breaking dawn,Need it,7
Netflix,363590051,AU,13954988398,2026-04-13T14:55:31-07:00,5,RICK AND MORTY,Thank you for bringing Rick and Morty back,42
Netflix,363590051,AU,13952756785,2026-04-13T00:31:13-07:00,4,Trash and treasure,"Although I enjoy Netflix, it would be nice to see a broader selection of new product, as I find myself looking at other providers, wondering if I could swap to two smaller providers for a similar price.",202
Netflix,363590051,AU,13952279603,2026-04-12T20:12:53-07:00,4,Say say,Love the Salish show but please try to get unspeakable stuff for a tv series,76
Netflix,363590051,AU,13949503318,2026-04-12T02:39:25-07:00,2,Lose the AI search,"Firstly it doesn't work any better than the regular search. Secondly, the UX is hopeless and you can't exit out of it. And finally, you're forcing me to use the AI search and I object to wasting water to give money to billionaires",230
Netflix,363590051,AU,13948885829,2026-04-11T21:50:49-07:00,4,Needs more shows,The quality is amazing but it needs more shows,46
Netflix,363590051,AU,13948000649,2026-04-11T15:23:32-07:00,5,Best app ever,"So I’ve had Netflix for a long time and it’s so good the shows are all amazing and appropriate for all ages ranging from comedy to horror and cartoons to musicals the app is so good and I spend half my day using it 😅. I was so happy to see that just on Saturday (yesterday) Netflix had added Salish and Jordan matter to there range of shows and I watched them in one day I was just wondering as a question to the Netflix team is you could do your magic and add more episodes of Salish and Jordan because I love it so much. 

Thanks for reading 😀😀😀",547
Netflix,363590051,AU,13946196380,2026-04-11T05:03:42-07:00,5,Thanks,Thanks,6
Netflix,363590051,AU,13945853011,2026-04-11T02:44:37-07:00,5,Netflix,You can find lots of stuff to watch,35
Netflix,363590051,AU,13944736507,2026-04-10T18:15:01-07:00,5,The best program,Netflix is amazing and never lets me down always having good shows and movies,77
Netflix,363590051,AU,13944663921,2026-04-10T17:44:41-07:00,1,Let me use my VPN,"You removed the show I was watching halfway through my binge, then I proceed to use a vpn for a week then I can no longer use it, so I have decided to delete the app since this just petty and bs.",195
Netflix,363590051,AU,13944134946,2026-04-10T14:00:14-07:00,5,Paul,I’ve being with Netflix for years and love the content and selection. Very satisfied to stay with the company . Keep up the great work guys ..,142
Netflix,363590051,AU,13942630138,2026-04-10T05:25:21-07:00,1,Error title not working,This has happened to me a lot and it’s frustrating when my video doesn’t work.,78
Netflix,363590051,AU,13942078789,2026-04-10T01:36:37-07:00,5,Ginny and Georgia,Amazing quality and outstanding drama!,38
Netflix,363590051,AU,13941830525,2026-04-09T23:29:32-07:00,5,Netflix,Netflix is a reliable source if you can’t find movies/tv shows on and other website Netflix is the one to go to it has everything you name it!,142
Netflix,363590051,AU,13941616861,2026-04-09T21:37:29-07:00,5,Need more new stuff to watch,"Need more new stuff to watch . Documentary, life crime . New stuff . All old watched everything",95
Netflix,363590051,AU,13940099271,2026-04-09T10:52:07-07:00,5,Plis,Es una de las mejores aplicaciones para ver tu series o películas favoritas espero que Netflix vea esto y me regale 10000 robux jajaja por si acaso user de Roblox naruto123r575,176
Netflix,363590051,AU,13939452687,2026-04-09T07:21:02-07:00,5,Nothing,It feels so comfyyyyyy😭😭😭😭,26
Netflix,363590051,AU,13939317680,2026-04-09T06:38:41-07:00,3,Cheaper,Needs to be cheaper for long term customers,43
Netflix,363590051,AU,13938134169,2026-04-08T22:14:34-07:00,4,Give me back the changeing access accessibility,I can’t change my profile name to 다이시 from Daisyboo,51
Netflix,363590051,AU,13937272530,2026-04-08T15:46:27-07:00,5,The best!,You can watch any movie and there is no limits best app!,56
Netflix,363590051,AU,13937194707,2026-04-08T15:14:01-07:00,1,Doesn’t support older versions of ipad.,"All other streaming services support my ipad on ios 16, why can’t Netflix?",74
Netflix,363590051,AU,13935535224,2026-04-08T05:27:17-07:00,5,W,"This stuff is goated chat. Here me out, the possibilities are endless there is so much anime (it could do with more though, like end up filling the one piece gap) but other than that it’s FIRE",192
Netflix,363590051,AU,13934257982,2026-04-07T19:36:23-07:00,4,Good but could be better,"Hi! I’m here to ask you some things . So I watch my hero academia and spy x family, but both had one problem. So the s problem was that MHA has 8 seasons but it only shows season 1,2,4,and 5 and not even three . Same with spy family, it only showed 2 seasons . I’m very disappointed and upset about this. Is it because I have to pay money?  Am I doing something wrong? Please check this message and tell me what I or you did wrong, other than that I love it 😻 thank you!


(Edited)

Hi! And the problem has been fixed . I realised they made the seasons not come out all at once on purpose . I hope we get more great anime collabs and more seasons! Keep working hard Netflix !",675
Netflix,363590051,AU,13934191524,2026-04-07T19:06:53-07:00,5,Amazing,The best app ever! It lets you watch your favourite shows and movies offline if you download them,97
Netflix,363590051,AU,13933475632,2026-04-07T13:55:25-07:00,5,Diary of the whimpy kid,Love the movies on Netflix just please bring more kids movies and please please please add diary of the whimpy kid,114
Netflix,363590051,AU,13931615118,2026-04-07T02:44:34-07:00,5,I love Netflix!,Umm… I really love watching shows on here because it’s easy to see but sometimes it’s a bit confusing,101
Netflix,363590051,AU,13931246232,2026-04-06T23:33:35-07:00,5,Netflix,Great streaming service just I could still watch good boys,58
Netflix,363590051,AU,13930978807,2026-04-06T21:11:24-07:00,5,Goat,It is the best,14
Netflix,363590051,AU,13930885374,2026-04-06T20:25:05-07:00,4,Bring back the Nostalgic shows Please please !!!,"I really love using Netflix the app is super easy to use, smooth, and always has something good to watch. The layout and recommendations make it really enjoyable 👍

One thing I’d love though is if you could bring back more *Mako* episodes, especially since the later seasons were honestly the best! It would be amazing to see that continue.

Also, please consider bringing back *Ever After High*! It’s such a nostalgic show and I know a lot of people would be excited to see it again. As well as the og barbie movies and more of barbie life in the dream house (og)

Overall, I love the platform just hoping for a few favourites to make a comeback 💫",648
Netflix,363590051,AU,13930525655,2026-04-06T17:45:34-07:00,1,Bad,"Horrible, got rid of a Cinderella story, will never forgive",59
Netflix,363590051,AU,13930464310,2026-04-06T17:19:13-07:00,5,PLEASE,We need all seasons of Demon Slayer please and thank you😔,57
Netflix,363590051,AU,13930269144,2026-04-06T15:53:44-07:00,5,Netflix,Amazing shows,13
Netflix,363590051,AU,13930096226,2026-04-06T14:38:41-07:00,5,One piece,Please tell the one piece live action actors to keep up the good work and finish the entire. One piece story,108
Netflix,363590051,AU,13929886687,2026-04-06T13:13:12-07:00,5,Perfect,Best app,8
Netflix,363590051,AU,13929648294,2026-04-06T11:44:21-07:00,1,From bad to worse,"Wanted to watch the NASA live, had to update and the app locked me out because of the absurd ‘household’ rule WHICH DOESNT WORK PROPERLY! Just another load of rubbish just like the content Netflix dumps on us now. 

Nothing but corporate greed as usual. 
Unsubscribed and will now use pirating websites to watch anything Netflix offers.",336
Netflix,363590051,AU,13928766928,2026-04-06T06:52:32-07:00,1,Update your app,"Since 2 updates ago, I can’t find my list, and it wont play the next episode of the shows I watch, you guys fixed it, but then with the update last week the issue came back, so i had functioning Netflix for about 12 odd hours, then back to this hellscape you call a good app",274
Netflix,363590051,AU,13928557526,2026-04-06T05:42:43-07:00,1,Unnecessary limitation to Airplay support,"There’s no practical reason for this app to block AirPlay to Apple TV. It’s a simple, convenient feature that should work, and disabling it feels like unnecessary corporate control rather than a technical limitation. Every other major streaming app manages to support casting without issue. This restriction only hurts the user experience and makes the app less flexible for people who just want to watch content on their own devices.",434
Netflix,363590051,AU,13928548842,2026-04-06T05:39:43-07:00,2,Something is seriously wrong with this implementation of Netflix.,"I have been running Netflix clients for years on several different devices and not seen this problem until I started watching on a new IPad pro. Frequently loses sound and picture sync and subtitles. Have to force close the app and restart several times while watching an episode.
At the end of an episode it fails to start the next episode and is unresponsive. Have to force close and restart. 
Watching the same shows on my LG TVs works fine. Didn’t see this behaviour on previous Chromecast plus TV, Telstra TV box or older Panasonic TV.",540
Netflix,363590051,AU,13928409144,2026-04-06T04:49:23-07:00,5,The best streaming app,The best like every show is on this thing❤️❤️,45
Netflix,363590051,AU,13928219579,2026-04-06T03:33:10-07:00,5,Love,"Brilliant app, Great Tv shows and Movies",40
Netflix,363590051,AU,13927462047,2026-04-05T21:23:56-07:00,5,Great !,Netflix is a really good app. You can watch tv shows and movies and it’s really simple to use the app too !! Highly recommend,125
Netflix,363590051,IN,14204870024,2026-06-20T04:26:32-07:00,5,Best review,I love this and I am a big fan of it cuz it really help me not to stay bored 😝,78
Netflix,363590051,IN,14204526598,2026-06-20T02:08:48-07:00,5,LATENT,Thankyou Netflix Supreme Leader ko aur Ameer karne ke liye❤️,60
Netflix,363590051,IN,14203879550,2026-06-19T21:34:54-07:00,5,Great Experience,Great Experience but expensive 😅,32
Netflix,363590051,IN,14202877949,2026-06-19T14:59:02-07:00,5,Really good movie,I m watching the movie in the morning 3.28 am really good,57
Netflix,363590051,IN,14201600938,2026-06-19T07:59:23-07:00,5,Loli,Great,5
Netflix,363590051,IN,14201478849,2026-06-19T07:24:39-07:00,5,Good app,I love this app but I need parents approval cuz I’m under 13,60
Netflix,363590051,IN,14200929929,2026-06-19T04:34:29-07:00,1,Bombarded with nonsense movies,Lots of movies and shows are very boring and the boring movies keeps coming non stop,84
Netflix,363590051,IN,14199904768,2026-06-18T21:14:46-07:00,5,Good,Good,4
Netflix,363590051,IN,14199896486,2026-06-18T21:11:07-07:00,5,Love Netflix,I love Netflix but pls requesting you to not make or telecast shows like Desi Bling 😭,85
Netflix,363590051,IN,14198581483,2026-06-18T12:43:12-07:00,1,🥲,Worst app showing my favourite shows to me and keeping me busy whole day on Netflix only.,89
Netflix,363590051,IN,14198204396,2026-06-18T10:39:11-07:00,5,😘,Very good,9
Netflix,363590051,IN,14196058161,2026-06-17T21:45:47-07:00,4,Hindi,Some show are not in Hindi,26
Netflix,363590051,IN,14194585745,2026-06-17T12:12:25-07:00,1,Mind hunter new season,Read the fing title,19
Netflix,363590051,IN,14194118967,2026-06-17T09:47:30-07:00,1,Michael Jackson,I’m really disappointed because the way you guy’s showing MJ,60
Netflix,363590051,IN,14193936157,2026-06-17T08:53:15-07:00,5,Rate,I’m permanent membership of Netflix,35
Netflix,363590051,IN,14193817020,2026-06-17T08:18:12-07:00,5,I love Netflix,Awesome platform for all dramas and movies,42
Netflix,363590051,IN,14193754939,2026-06-17T08:00:14-07:00,5,Back movie,Ready player one please back the movie,38
Netflix,363590051,IN,14193002955,2026-06-17T04:08:49-07:00,5,nice,nice,4
Netflix,363590051,IN,14192939139,2026-06-17T03:45:19-07:00,5,Subject: Billing Dispute – Duplicate Charge Inquiry - thanks for sorting it out,"To Whom It May Concern,
I am writing to report a billing issue regarding my account. I have been charged twice for the same billing period.
On June 6, 2026, an autopayment of ₹199 was initiated, and the transaction was reflected in my account by June 10, 2026. However, I was prompted to make an additional payment for the same period. Despite this, I was unable to access the service until the second payment was processed.
I have attached screenshots of my payment history from ⁠image.png⁠ and ⁠image_2.png⁠ as proof of the duplicate transaction.
Please investigate these charges and advise on the process for a refund or a credit to my account.


Regards,
Nikhil",665
Netflix,363590051,IN,14192359371,2026-06-16T23:29:27-07:00,5,Iove it,Thanks,6
Netflix,363590051,IN,14190003878,2026-06-16T09:00:53-07:00,5,Must watch,I never leave this platform. I love Netflix.,44
Netflix,363590051,IN,14189866465,2026-06-16T08:20:00-07:00,1,Netflix walo ki Maa ki Chut,Netflix walo ki Maa ki Chut matherchod paise dene ke baad bhosdiwalo ke pass wo movies hi nahi hai jo trend kar raha hai or jo dekhna hai,137
Netflix,363590051,IN,14188084075,2026-06-15T20:36:35-07:00,5,Amazing app,I love the app all new series,29
Netflix,363590051,IN,14186479789,2026-06-15T10:42:46-07:00,1,Doomsday,"May be Netflix is using AI, Like a dead fish flowing with current. I see unexpectedly wrong movies are playing or suggested. Netflix just know that only dead fish can flow with current, I know Netflix for it’s quality content and I want  Netflix to be Quality not Quantity !",274
Netflix,363590051,IN,14185993477,2026-06-15T08:18:28-07:00,5,My favorite place,I have alone but Netflix my best friend,39
Netflix,363590051,IN,14183215402,2026-06-14T14:04:48-07:00,5,N,K,1
Netflix,363590051,IN,14182667603,2026-06-14T11:02:37-07:00,5,Love It,Just Love it ….❤️,17
Netflix,363590051,IN,14182526277,2026-06-14T10:19:00-07:00,1,Account keeps getting logged out,"Whenever I open the app it shows that this device is not the part of the household. My phone is the main device of the account. I have to log out everything to sign in over and over again. 
Such kind of service is not expected from a reputable company like Netflix. Terrible service",282
Netflix,363590051,IN,14182472952,2026-06-14T10:02:39-07:00,1,Constant Issues,"There have constant issues with the application, no matter the number of times you open. Can't this be fixed?",109
Netflix,363590051,IN,14181045613,2026-06-14T02:04:13-07:00,1,Pull the MJ docuseries,Stop promoting false claims. Take the docuseries down.,54
Netflix,363590051,IN,14180918387,2026-06-14T01:10:42-07:00,3,Language,They should work on getting other languages added as well specially in anime,76
Netflix,363590051,IN,14180639899,2026-06-13T23:09:39-07:00,5,😚😚😚😚😚,V.good😁❤️❤️❤️❤️❤️❤️,19
Netflix,363590051,IN,14180573132,2026-06-13T22:39:44-07:00,5,Loveeeeeeeeeeeee it,"Only app that doesn’t run ads , clarity is amazing and so is sound quality and also always brings out the best content.",119
Netflix,363590051,IN,14178642634,2026-06-13T10:24:14-07:00,5,Entertainment king,Without Netflix no entertaining 🧿✨,34
Netflix,363590051,IN,14177273455,2026-06-13T03:10:38-07:00,5,Wow,Chi so good,11
Netflix,363590051,IN,14177179847,2026-06-13T02:32:15-07:00,3,Quality,The interface is not in a way it has to be after paying that use it feels old and so common other then this every this is absolutely fine,137
Netflix,363590051,IN,14176933681,2026-06-13T00:49:06-07:00,1,Y,H,1
Netflix,363590051,IN,14176879055,2026-06-13T00:25:52-07:00,4,Optop Netflix,Very nice,9
Netflix,363590051,IN,14176292296,2026-06-12T20:12:38-07:00,5,🥰,Best 👌,6
Netflix,363590051,IN,14175107083,2026-06-12T12:40:23-07:00,5,Entertainment,Love it,7
Netflix,363590051,IN,14174951385,2026-06-12T11:48:51-07:00,5,BEST APP EVER!!!,"This is the best app a human could get cuz it’s soo good it has the best movies and series. I LOVE NETFLIX SOO MUCH, idk how will I ever live without Netflix. I always hope that nothing or no one does anything that might get Netflix destroyed, I swear if anyone dares……",269
Netflix,363590051,IN,14174582444,2026-06-12T09:52:47-07:00,5,Versatile,Just lots of love,17
Netflix,363590051,IN,14174351827,2026-06-12T08:46:05-07:00,5,Best of best,No-1 for me,11
Netflix,363590051,IN,14174288458,2026-06-12T08:28:26-07:00,1,Not Interesting content,Not Interesting Content,23
Netflix,363590051,IN,14173596082,2026-06-12T05:14:26-07:00,3,Make It Low Cost. Discounted Yearly Plans.,Very Much Expensive As Entertainment You Offering.,50
Netflix,363590051,IN,14173445143,2026-06-12T04:23:17-07:00,5,❤️,7*,2
Netflix,363590051,IN,14173422358,2026-06-12T04:15:11-07:00,5,#netflix love,❤️❤️❤️❤️❤️❤️❤️❤️❤️❤️❤️,22
Netflix,363590051,IN,14172964299,2026-06-12T01:03:38-07:00,5,Please add start over action,Bro i need to watch the movie from starting point please add that only resume and download is available.,104
Netflix,363590051,IN,14172001877,2026-06-11T18:00:32-07:00,5,Good,Nice,4
Netflix,363590051,IN,14170577102,2026-06-11T09:44:10-07:00,5,Liquid Glass,Need Liquid Glass interface in ios app,38
Netflix,363590051,IN,14101705636,2026-05-24T12:14:31-07:00,5,My absolute favorite app 🍿,"Netflix never fails to entertain me. The shows and movies are top-tier, and the variety is unmatched. I easily get my money's worth every single month. Highly recommend if you love great storytelling!",200
Netflix,363590051,IN,14100141031,2026-05-24T03:50:02-07:00,5,Awesome Netflix,Netflix is unimaginably amazing,31
Netflix,363590051,IN,14099591437,2026-05-23T23:54:04-07:00,1,Worrrstttt appp everrr,I had to make payment twice and i mailed the customer supports stupid people wont even reply,92
Netflix,363590051,IN,14099281873,2026-05-23T21:33:22-07:00,5,Review,Good review,11
Netflix,363590051,IN,14098041176,2026-05-23T13:13:42-07:00,1,Dhurandhar 2,Why it name two but it in one remove it from here otherwise i will file suit in consumer court on monday,104
Netflix,363590051,IN,14097594371,2026-05-23T10:40:12-07:00,5,Best,Very good,9
Netflix,363590051,IN,14097198238,2026-05-23T08:37:50-07:00,5,READD GTA San Andreas,Please readd gta san andreas .its a request .,45
Netflix,363590051,IN,14097108201,2026-05-23T08:11:32-07:00,5,Superb,Superb,6
Netflix,363590051,IN,14096335673,2026-05-23T04:08:08-07:00,4,Review,"While Netflix delivers a strong streaming experience and quality original content, its movie library still lacks many trending and iconic Bollywood and Hollywood titles. Popular films such as Aashiqui and several widely discussed classics are unavailable, which limits the platform’s overall value for regular movie audiences. For a leading global streaming service, the content catalog should be more consistent, diverse, and aligned with viewer demand.",454
Netflix,363590051,IN,14096051001,2026-05-23T02:10:36-07:00,5,Netflix,Very good,9
Netflix,363590051,IN,14095825935,2026-05-23T00:32:54-07:00,5,Wow,Super,5
Netflix,363590051,IN,14093368314,2026-05-22T08:38:29-07:00,5,I m motivated,Excellent 👍,11
Netflix,363590051,IN,14092922849,2026-05-22T06:25:20-07:00,1,Srihari,"Subscribe payment very expensive, and please extend one year time",65
Netflix,363590051,IN,14092343397,2026-05-22T02:57:10-07:00,1,MJ IS INNOCENT,Unsubscribing you if you are not taking MJ DOC down.,52
Netflix,363590051,IN,14092034610,2026-05-22T00:29:11-07:00,5,Amazing App,"There is no doubt that Netflix is the No.1 app across continents. It is so because of its diverse content and public friendly features. However, it must also bring in the classic movies of 90s n the 80s when star movies ruled with its extraordinary content. Would loved to see such content included. Thanks!",307
Netflix,363590051,IN,14090170584,2026-05-21T11:09:09-07:00,2,The new AI search feature is trash,"Give me back, my old search. The new implementation of the search functionality is super trash. You should give user to sign up for your trash ai search.",153
Netflix,363590051,IN,14089433362,2026-05-21T07:11:00-07:00,5,Awsome,This app is not just like other i have no words to talk about this app this is so awsome and amazing and wonderful app i love it,128
Netflix,363590051,IN,14089154742,2026-05-21T05:42:54-07:00,1,Poor customer service,"Extremely poor and rude customer service. Agent name CAT, called makes on 21/05/2025 at 4.29 pm",95
Netflix,363590051,IN,14088381163,2026-05-21T00:13:56-07:00,3,Add some knowledge,"Need to add some more knowledgeable series on reality base either non real but it should be for knowledge (like the good doctor, the lincon lawyer, lock and key as fiction )",173
Netflix,363590051,IN,14088250057,2026-05-20T23:07:06-07:00,5,Safinul,It’s osm,8
Netflix,363590051,IN,14085576305,2026-05-20T06:05:37-07:00,5,Worth it,Worth every second of watch,27
Netflix,363590051,IN,14085417944,2026-05-20T05:14:07-07:00,5,Kdramas,The best app ever.♥️♥️,22
Netflix,363590051,IN,14084332827,2026-05-19T21:00:44-07:00,2,Ai search: Pure Garbage,For gods sake take your ai search down it’s frustrating and produces no result !,80
Netflix,363590051,IN,14084297489,2026-05-19T20:43:35-07:00,5,"Netflix has great entertainment options, but I would love to see more newly released movies and more","I really enjoy using Netflix. The streaming quality is excellent, and the variety of shows and movies keeps improving. The recommendation system is very accurate and helps me discover new content easily. Please continue adding more regional and international content.",267
Netflix,363590051,IN,14083111542,2026-05-19T12:30:23-07:00,5,Once you pay for it you won’t regret,"All kinds of shows, movies, anime’s,k dramas. It’s literally a place for peace to me after a heavy day",102
Netflix,363590051,IN,14081518428,2026-05-19T03:29:54-07:00,2,Digvijay singh,Best app for time waiste,24
Netflix,363590051,IN,14081380433,2026-05-19T02:27:05-07:00,5,Love it,Love it just love it,20
Netflix,363590051,IN,14080847974,2026-05-18T21:52:25-07:00,1,Fraud,Fraud I taken basic plan but I am not able watch any movie,58
Netflix,363590051,IN,14080025511,2026-05-18T15:47:37-07:00,1,useless support team!,"a support team, no idea which company manages it. Never listens. So, I cancelled my family account and my parent’s account billing too. If you notice, people already left and still continues. Good job with dumb support team!",224
Netflix,363590051,IN,14079199633,2026-05-18T10:34:42-07:00,1,No active new shows,"Very bad experience for the new movies which they never show in options
..",74
Netflix,363590051,IN,14079040929,2026-05-18T09:41:18-07:00,5,Net Flix,Its stuck you always,20
Netflix,363590051,IN,14077993034,2026-05-18T03:56:47-07:00,5,Nice,Nice,4
Netflix,363590051,IN,14075676787,2026-05-17T11:05:06-07:00,5,Good app,it’s very good app as compared to amazone prime video i pay for both app subscriptions but netflix have good content and quality also and add free app but prime video doesn’t have add free feature i face lots off ads while watching content,239
Netflix,363590051,IN,14074849885,2026-05-17T06:53:23-07:00,5,About new search,New update on search new movie ls not good old style better and effective,73
Netflix,363590051,IN,14074602072,2026-05-17T05:35:37-07:00,1,Nothing to watch !!,"There is no stuff to watch on Netflix, it has got sooo boring !! No more Netflix and chill !!",93
Netflix,363590051,IN,14074498671,2026-05-17T05:00:31-07:00,5,Best companion while traveling,"It is best companion while traveling, keeping all your likewise series’s and movies with you and you can utilise your travel waiting and travel time with it.",157
Netflix,363590051,IN,14074312244,2026-05-17T03:50:21-07:00,3,Upgrade,Content is good but there is a problem of screen ratio issue coming to watch some movies if there is the full screen with out borders for the movie lovers also it will be very happy to those customers,200
Netflix,363590051,IN,14074034672,2026-05-17T01:54:15-07:00,2,Dr,"I feel like Netflix is brilliant platform to watch movies and tv shows of all kinds and genres. But being the cinema enthusiast myself i personally feel like the options aren’t enough, what l mean is that it does provide us with many classic options but whenever i choose a movie to watch on the internet its mostly never available here which indeed greatly  disappoints me. What l would like to suggest is bring more 2000s movie picks like the ones which are trending.",469
Netflix,363590051,IN,14073520016,2026-05-16T22:02:20-07:00,2,Not interesting,Your movies are not so interesting and boring to watch.   Not much Indian movies are available. Amazon prime is better I think so.,130
Netflix,363590051,IN,14073267744,2026-05-16T20:10:11-07:00,4,Good Experience,Better than others who show ads even on buying paid subscriptions . Also I love the quality of the shows and movies offered at this price!,138
Netflix,363590051,IN,14071260250,2026-05-16T07:53:18-07:00,4,Tenzin Tenpa 93,DorjeeTenpa93,13
Netflix,363590051,IN,14070537665,2026-05-16T04:05:42-07:00,2,Please add Kannada language in Netflix.,"Please add kannada language, audio and Subtitles. Many Kannada users are waiting for regional language support. It would improve the viewing experience for Kannada audiences.",174
Netflix,363590051,IN,14069889367,2026-05-15T23:29:43-07:00,5,Best OTT platform,"Love how user friendly it is, overall a great app.",50
Netflix,363590051,IN,14069735738,2026-05-15T22:17:55-07:00,3,More choices,Genres and choices need to increase. Also add some hbo web series,65
Netflix,363590051,IN,14068233933,2026-05-15T12:05:48-07:00,5,About Netflix-,GOATED ENTERTAINMENT STREAMING PLATFORM!,40
Netflix,363590051,IN,14067918205,2026-05-15T10:16:00-07:00,5,Nice,Nice contents,13
Netflix,363590051,IN,14067632601,2026-05-15T08:44:49-07:00,5,Excellent Design,I feel very smooth while searching movie as well as excellent streaming quality,79
Netflix,363590051,IN,14066986912,2026-05-15T05:29:15-07:00,1,Most worst app in india,"This app is fully scame 
they will think indians are foolishd kids 
they don’t have brains",90
Netflix,363590051,IN,14066770355,2026-05-15T04:16:05-07:00,5,Neat app,Best OTT EVER …,15
Netflix,363590051,IN,14066242502,2026-05-15T00:27:12-07:00,1,Froud,"Maine apni payment ki thi or yee app chl ni rha abb 

Or jab log in krte hai too dubara payment krne koo bol rhe hai yee
Maine abhii abhii payment ki hai or ye abb keh rhe hai ki payment kroo 

👎👎👎👎👎👎👎👎👎",203
TikTok,835599320,US,14314077435,2026-07-17T05:29:30-07:00,3,No search and comment button,So when I try to search i don't see the button and I can't comment?,67
TikTok,835599320,US,14314038633,2026-07-17T05:17:34-07:00,5,Perfect,Perfect perfect perfect 😛,25
TikTok,835599320,US,14313910532,2026-07-17T04:36:23-07:00,1,This app is ruining our generation,See there’s no real problem with TikTok in general but due to the fact it’s so addictive for our generation to spend most of our time doom scrolling like is heroin or something people no longer get to experience the world and all of its beauty,243
TikTok,835599320,US,14313879628,2026-07-17T04:26:04-07:00,1,We need human moderators again,The ai content has gotten out of control. There are too many accounts creating child fetish content. The ai moderation is not helping. Unless this is intentional corruption and exposure. Too much porn,200
TikTok,835599320,US,14313793331,2026-07-17T03:56:10-07:00,4,age system,i keep getting banned even though im old enough to be on this app please fix this i used my id to appeal and it said i was too young even with a government identification card,175
TikTok,835599320,US,14313717438,2026-07-17T03:28:22-07:00,1,Reporting doesn’t help,I reported a user spamming a shopping feed that was using inappropriate comments that were sexual and disgusting… a handful of comments reported and TikTok said there’s no violations. So obviously it’s a p3rv3rt33d promoted app.,228
TikTok,835599320,US,14313701133,2026-07-17T03:22:18-07:00,5,So good,It’s so good it almost made me gay,34
TikTok,835599320,US,14313639972,2026-07-17T02:59:03-07:00,1,:(,:(,2
TikTok,835599320,US,14313614434,2026-07-17T02:49:14-07:00,1,سيئه في إرسال التحديات,تأخر في التحديثات,17
TikTok,835599320,US,14313603470,2026-07-17T02:45:02-07:00,1,Very poor reviewing system,"When making videos or commenting on posts, I always come across hate speech, hateful words, and sexual stickers but when I try to report them nothing happens",157
TikTok,835599320,US,14313461830,2026-07-17T01:48:21-07:00,5,Love TikTok,Best app ever I love TikTok,27
TikTok,835599320,US,14313415551,2026-07-17T01:29:27-07:00,4,good,"Nice, but he treats people unfairly with his fame",49
TikTok,835599320,US,14313389866,2026-07-17T01:18:59-07:00,1,Very bad,It bans my texting for no reason and without any proper explanation whatsoever. This makes me very sad and emotional from TikTok and I have anxiety now .,153
TikTok,835599320,US,14313222955,2026-07-17T00:10:18-07:00,1,Thoughtless,The combination of the thoughtless user base with toothless moderation is too much. Almost as bad as Twitter or IG.,115
TikTok,835599320,US,14313152842,2026-07-16T23:41:34-07:00,2,My TikTok is gone and I can’t download the new version,I was trying to download the new version of my TikTok and update it and when I did my TikTok begin to crash and couldn’t do anything TikTok what are you going to do to us that uses old iPhone with 15.iOS please I need my TikTok back even if it’s to download the old version back,278
TikTok,835599320,US,14313152339,2026-07-16T23:41:22-07:00,3,too many ads,"as of june and now i have been getting ads after every tiktok. And its not all just sponsored ads, its people posting their tiktoks and putting it as add and it is really annoying for me to watch tiktok when a video not in my algorithm is in it. Tiktok please fix this.",269
TikTok,835599320,US,14313108305,2026-07-16T23:23:03-07:00,5,О,Спасибо,7
TikTok,835599320,US,14313102130,2026-07-16T23:20:30-07:00,2,Kicking me out,TikTok please fix this glitch it keeps closing me out when I go into it and I’ve tried everything and it just won’t work any suggestions?,137
TikTok,835599320,US,14313026523,2026-07-16T22:48:43-07:00,3,3/5,the amount of lag that i have from this app is insane. I can barely click on a message without it completely lagging or lagging and then not being able to show me any photos that i get sent after.,196
TikTok,835599320,US,14313010109,2026-07-16T22:41:45-07:00,5,Bad TikTok,I hate TikTok it posted my story twice instead of once and making an embarrassment as this has happen a few times. (I don’t really hate it.,139
TikTok,835599320,US,14313009029,2026-07-16T22:41:18-07:00,1,Bad review,TikTok is a bad app it gets you in trouble for no reason i might have to crash out,82
TikTok,835599320,US,14312980089,2026-07-16T22:29:11-07:00,1,They don’t care about us,Very time consuming and meant to have you on the app for concerning amount of hours!,84
TikTok,835599320,US,14312910013,2026-07-16T21:59:56-07:00,1,Ever Changing Algorithm,Sometimes my algorithm is great. Most of the time it’s straight trash that seems to promote videos that I’m actively reporting as “not interested”. This seems built in. A study of the human psyche. I have uninstalled this for the same reasons as I did Facebook. It’s not trying to be a good product. It’s trying to figure out how to manipulate you.,348
TikTok,835599320,US,14312881424,2026-07-16T21:47:57-07:00,1,Hate hate hate this app when I try to text it says it’s against the guidelines,Never get the app wast of time,30
TikTok,835599320,US,14312871246,2026-07-16T21:43:43-07:00,1,i love and hate tiktok,i’ve been wanting highlights but i never got them (mind you i have already updated tt to the max),97
TikTok,835599320,US,14312852745,2026-07-16T21:36:00-07:00,5,not letting me open tiktok,"So i have tried my times to get into tiktok and it wont let me i have i right ios its 15.8 on my ipad and its not letting me in tiktok, please fix this so i can do my streaks",174
TikTok,835599320,US,14312828997,2026-07-16T21:26:19-07:00,5,W,Need to change the background on message TikTok,47
TikTok,835599320,US,14312772596,2026-07-16T21:03:21-07:00,1,y’all suck,the age verification thing is so unfair that’s all,50
TikTok,835599320,US,14312746875,2026-07-16T20:53:00-07:00,5,Best app ever.,"Honestly, my experience with this app was so amazing It’s very addictive it has funny videos and things to entertain you.",121
TikTok,835599320,US,14312742487,2026-07-16T20:51:15-07:00,1,It banded me,It band me for no reason and It gave me no warnings,51
TikTok,835599320,US,14312737418,2026-07-16T20:49:15-07:00,5,Account Appeal,"So I’m scrolling on tiktok, right? All of a sudden.. I get a message saying my account is going to be deleted NEXT MONTH!! Why? Because apparently I’m not over 13, which, I AM. I tried to appeal, but it didn’t let me! I wasn’t able to appeal via taking a picture of my face or a picture of my ID. Please see this and do something about this, I don’t want my account deleted!!!",376
TikTok,835599320,US,14312696859,2026-07-16T20:33:19-07:00,4,Promotions,How about you promote me to make me $20 atleast before you try to milk me for $30 to get the exposure i should have the same chance for as literally anyone else instead of suppressing peoples content until they pay. Show that you can make me money then maybe ill give you some of mine🤯duh,288
TikTok,835599320,US,14312694420,2026-07-16T20:32:22-07:00,2,Way Too Many Ads - Now Use Instagram Reels Way More,"Ad, TikTok video, TikTok video, Ad. Often only two TikTok videos before I get another ad. I go to Instagram Reels much more now since it has much less ads, and some of the ads on Insta are of song recommendations which I actually like most of the time. Additionally, idk what happened to the algorithm but my TikTok feed is not entertaining, and I find a lot more interesting reels on Instagram now. Also hate seeing live streamed TikToks showing up on my feed as I never watch live feeds and they feel like another ad.",519
TikTok,835599320,US,14312674376,2026-07-16T20:24:36-07:00,5,Too good,Every thing is good and too addictive,37
TikTok,835599320,US,14312672953,2026-07-16T20:24:02-07:00,1,Closed caption not available,TikTok has taken cc away this is vital from deaf and hard of hearing individuals not to mention abelist many ppl have reach out to TikTok support and nothing has been done please fix this,187
TikTok,835599320,US,14312662865,2026-07-16T20:20:11-07:00,5,Hahahaha,TikTok is so fun to watch and like all of my creators and make my own videos as a little content creator,104
TikTok,835599320,US,14312622339,2026-07-16T20:04:44-07:00,1,AD HELL,too many ads. every other video is an ad or something being sold or promoted. its disgusting.,93
TikTok,835599320,US,14312571927,2026-07-16T19:45:47-07:00,3,community guidelines,they took my video down for “self harm topics” but i did absolutely nothing wrong the only thing is the song and u can’t punish MY video for tiktok having their own mistakes like having that song available on it..if you don’t want ppl to use that song the. remove it don’t remove me. ducking bs,294
TikTok,835599320,US,14312548924,2026-07-16T19:37:15-07:00,1,Racist,"TikTok has so muck racism on it, it’s truly disgusting how much racism it it and they aren’t doing anything about it.",117
TikTok,835599320,US,14312545358,2026-07-16T19:35:57-07:00,1,IT WAS AMAZING UNTIL THIS,so basically it was a regular day I went on my phone to scroll on TikTok but it said I had age restriction beware I am 13 years old so I was very confused so I asked my friends to verify me and even tho they did it said it didn't work. So I deleted the app hoping I could log back in my account but as soon as I got in I couldn't text anyone nine of my friends were there I couldn't text anyone I was so mad! I thought it was great until this happened!,452
TikTok,835599320,US,14312530581,2026-07-16T19:30:31-07:00,1,It do not look in pic,No,2
TikTok,835599320,US,14312473333,2026-07-16T19:09:39-07:00,5,tik tok,it’s good,9
TikTok,835599320,US,14312458353,2026-07-16T19:04:09-07:00,1,FIX THIS TIKTOK.,I downloaded the app called TikTok it’s maybe some weird videos and NO COMMENTS GREAT THANKS TO YOU TIKTOK NO COMMENTS WOW SO RUDE AND SCAMMING!,144
TikTok,835599320,US,14312440228,2026-07-16T18:57:35-07:00,2,As a loyal user,"I am requesting more respect for ASMR creators they genuinely are in your app to bring people together almost every night to release some stress and you still allow others to invade with loud gifts (even if temporary) to bother our community, truly disrespectful as this category is not a new one by now.",304
TikTok,835599320,US,14312421096,2026-07-16T18:50:28-07:00,4,Good,"I love TikTok I used it everyday but on my messages, my microphone don’t work no more and that’s overly a problem",113
TikTok,835599320,US,14312355234,2026-07-16T18:26:12-07:00,2,TT,"“____ liked a video you reposted!” I DONT CAREEEEEEEE🙏🙏🙏🙏🙏🙏🙏🙏🙏🙏 please remove that feature please please please please also the community guidelines is more strict with some creators than others. Like I’ve been flashed the video was never removed.

if you have political beliefs that are not right wing conservative, or republican and you don’t love Trump in Israel your account will get two strikes just for promoting a discord server. If you are an American thatvalues free speech you should be angry at this. Just because someone has a different opinion than you does not mean that they should not have the right to free speech.",631
TikTok,835599320,US,14312343629,2026-07-16T18:21:54-07:00,1,Disgusting!,"I clicked on a recipe video on google, and TokTok first pop-up a video of a horses penis…

The fact that you have to go extremely out of the way to block accounts that are this do this is disgusting, I shouldn’t have to go out of my way to block unwanted content that I never even ask for, no one I follow—- if you’re going to auto dice corner have it me accounts I actually follow rather than trying to force in approves content and account. 

 Instagram has NEVER force me to see content I don’t follow when signing on, and NEVER sent content like this- clearly TT doesn’t care if they allow this. 

It wasn’t even in my language, so there’s ZERO reason to send me this. 

Looks like I’ll be sticking to Instagram until TikTok lets us choose our content and who we see and make it easier to block content and accounts.",820
TikTok,835599320,US,14312331138,2026-07-16T18:17:14-07:00,1,Update,Can’t even update the app cause I have to go to settings 😡😡,59
TikTok,835599320,US,14312310575,2026-07-16T18:09:32-07:00,1,Can’t even log in after a new phone,Well I tried logging in and now we’ll ít just said I did too many attempts ITS BEEN A WHOLE WEEK SINCE I TRIED LOGGING IN😭✌️,124
TikTok,835599320,US,14312266975,2026-07-16T17:53:13-07:00,1,heavily unsatisfied,I have had several accounts banned because I was supposably under 13 but I am old enough to drink. It’s ridiculous for an appeal to be declined even if I’m over the age requirement. when my appeal isn’t accepted and I submit a ticket I get help from a AI robot and they don’t help AT ALL when I do get a team member they tell me the same steps but CLEARLY I already said it won’t let me log in and submit another appeal because the account was suspended and TikTok doesn’t care enough to help the people who enjoy using their app. But instead they care about money and content creators  so if u aren’t one the don’t GAF if u are  unsatisfied or not,648
TikTok,835599320,US,14310586514,2026-07-16T08:17:24-07:00,1,Worst Moderation Ever.,"You guys have the worlds worst moderation, all because you’re lazy and don’t wanna actually do stuff for your app. If someone in the comments is defending themselves from people, you hide their replies instead of the people who started it.

If someone says any random thing in the comments, you immediately remove it but y’all are not that quick to remove literally gore & child corn videos. Matter of fact, y’all don’t remove it at all!

The owners of Tiktok has to the most laziest POS’s ever. 

I really do hope this app get deleted.",536
TikTok,835599320,US,14310576692,2026-07-16T08:14:33-07:00,1,This update sucks!!!,Literally just trying to watch TikTok but they made a new update and Banned my account like,91
TikTok,835599320,US,14310555024,2026-07-16T08:08:28-07:00,2,Lame,"Its hard being famous without having to pay for views, this app money hungry af.",80
TikTok,835599320,US,14310483032,2026-07-16T07:48:17-07:00,1,Watch what you say…,Be careful what you say when commenting on anything as it will likely be removed for violating community guidelines.. Even though countless others can talk about committing violence against others and be racist i can’t even say anything like “should get the maximum punishment” without immediately having it removed… The double standard is real… But hey at least the left can be as racist and disgusting as they want to be….,424
TikTok,835599320,US,14310478177,2026-07-16T07:46:56-07:00,1,Censoring Facts,“Check your sources before sharing” means they don’t want you to share factual information with others. This app is contributing to genocide,140
TikTok,835599320,US,14310444514,2026-07-16T07:37:27-07:00,5,so good,so good,7
TikTok,835599320,US,14310419487,2026-07-16T07:30:24-07:00,1,N,The TikTok app won’t allow me on the app it has done this multiple times and this is not the first,98
TikTok,835599320,US,14310368713,2026-07-16T07:16:10-07:00,5,Ok,It is reallly nice to talk to friends and make new friends,58
TikTok,835599320,US,14310267901,2026-07-16T06:47:42-07:00,1,GET RID OF AI IN THE APP,Ai overview is such an unnecessary feature and a overall inconvenience. We don’t want ai stop forcing us to use it.,115
TikTok,835599320,US,14310267379,2026-07-16T06:47:33-07:00,4,So uhm...issue?,"Don't get me wrong, the apps GREAT but I just randomly got banned from my account? I've appealed multiple times but it just instantly denies. I can't even make a new account now so if SOMEONE could please get back to me about this, that'd be great",247
TikTok,835599320,US,14310238032,2026-07-16T06:39:06-07:00,5,Add calls plss 🙏,"Look I love this app but I appreciate if you add calls in the US it would be very nice for me and my friends and  for everyone I think if we are calls on TikTok, it would be more better 🙏🙏🙏🫶🏻🫶🏻🩷🩷",195
TikTok,835599320,US,14310141154,2026-07-16T06:10:48-07:00,5,Logo,I click on the app & it just has the logo on there & then it just disappears. It been like this for 2 weeks now. There s a bug somewhere.,137
TikTok,835599320,US,14310052477,2026-07-16T05:44:14-07:00,1,My views are low- I think im shadowbanned,I cant go viral EVER,20
TikTok,835599320,US,14310022180,2026-07-16T05:34:53-07:00,1,fix your app. bugs.,"app keeps resetting itself every other day. it starts giving me a tutorial on how to use the app when i’m definitely not a new user, putting me in light mode when i’m always set to dark mode, making the scrolling speed very slow, and i cant even change the speed of the video nor use the search bar next to the fyp because it no longer shows up. fix your app.",359
TikTok,835599320,US,14309945649,2026-07-16T05:10:34-07:00,2,FIX THIS,"I don’t think you should disable messages for people that are rated 13-15, I message important people on there that I can’t reach out too on other apps. Let 13-15 year old people have the same stuff as 16-18 rated people.",221
TikTok,835599320,US,14309941201,2026-07-16T05:09:05-07:00,5,Helps with my mental help :D,If it wasn’t here I would genuinely not be ok.,46
TikTok,835599320,US,14309915364,2026-07-16T05:00:39-07:00,4,"я люблю тик ток, это самое лучшее приложение в моей жизни НО","я не могу поменять пароль на аккаунте. МНЕ ПИШЕТ СЛИШКОМ МНОГО ПОПЫТОК, хотя я пробывала первый раз. и еще чтобы поменять паролл нужно помнить старый пароль. без пароля в акк зайти невозможно.ну и что мне делать мне в аккаунт срояно надо зайти",243
TikTok,835599320,US,14309863192,2026-07-16T04:43:19-07:00,2,Well,Ruined my mental health but it’s fun. Lot of racism tho.,56
TikTok,835599320,US,14309677874,2026-07-16T03:37:36-07:00,5,🎀,TikTok is Perfecttttiifdioskzixxjjxxjxj,39
TikTok,835599320,US,14309560342,2026-07-16T02:52:18-07:00,5,peak sonion,Lwky loved this app amazing and peak people tuff editors and most of all the interactive features✌️🥹 download it twin,117
TikTok,835599320,US,14309470389,2026-07-16T02:16:16-07:00,4,TikTok,It’s a good app but the searches be inappropriate like really really inappropriate,82
TikTok,835599320,US,14309439206,2026-07-16T02:03:39-07:00,1,No,I can’t have TikTok yet. I want it to be off of my PU page.,59
TikTok,835599320,US,14309434365,2026-07-16T02:01:41-07:00,5,Ad central !!!!!!!,"If you like ads please download this app. Every 4th video is an ad, which isn’t that bad but when you scroll from that ad depending on if you touch the small section that lets you scroll, if you don’t touch that hello safari and the ad link that you’re watching.",262
TikTok,835599320,US,14309404577,2026-07-16T01:49:45-07:00,5,I liked it,I loved the app but it got my age wrong I’m 13 almost 14 and they said I was under age and I couldn’t get back on my tick tock which made me upset but it is a good app,167
TikTok,835599320,US,14309116973,2026-07-15T23:47:35-07:00,3,why ?,"please fix your app, every time i try to favorite something. Like a video or something to add to my collection. it says you can't favorite this because you're clicking too fast even though I'm doing anything but clicking it fast and I wait for like 12 hours or so, and it still does not want to fix itself and it's doing the same thing with the like button and the repost button. I tried resetting my phone and I tried deleting the app, but it doesnt want to work.",464
TikTok,835599320,US,14309093151,2026-07-15T23:37:14-07:00,1,tik tok is trash,they banned my acc saying im under 13 but im literally 21 and then i make another acc with no videos and i get banned for the same thing this app is over rated,159
TikTok,835599320,US,14308950796,2026-07-15T22:35:43-07:00,1,i dont like it,tiktok keeps banning me for no reason at all and i feel targeted for nothing i been though 7 accounts for nothing,113
TikTok,835599320,US,14308929694,2026-07-15T22:26:30-07:00,2,Posts,It really sucks cause it said my account has nothing wrong with it but every time I try to post my videos get stuck under review for hours and know sees them,157
TikTok,835599320,US,14308888994,2026-07-15T22:08:50-07:00,1,Oh ok,Now there's overlapping audio issues that need to be resolved,61
TikTok,835599320,US,14308869823,2026-07-15T22:00:40-07:00,1,Literally horrible.,"Horrible moderation, thousands of videos with literal uncensored gore using TikTok’s ai cast feature.",101
TikTok,835599320,US,14308848075,2026-07-15T21:51:18-07:00,4,TikTok texting,"I love it but I can’t send videos or send texts or chat with anyone personally on the app, and I’m over 13, so it makes so sense. But over all, the app is amazing.",163
TikTok,835599320,US,14308838555,2026-07-15T21:47:15-07:00,1,1 STAR,I just rated it one star cuz why not,36
TikTok,835599320,US,14308811489,2026-07-15T21:35:47-07:00,3,Banned?,"I got banned for multiple times for being “underaged” when I’m not? But yet people don’t get banned for saying rude stuff to other people? And also I’m not underaged! I’m 15, and I’m allowed to have it. But TikTok thinks I’m under 12 when I’m not. I don’t even look twelve. TikTok please fix this issue.",303
TikTok,835599320,US,14308810802,2026-07-15T21:35:30-07:00,2,So sad,"I miss my Chinese spy, my Russian one makes too much noise.",59
TikTok,835599320,US,14308767097,2026-07-15T21:17:09-07:00,2,Unavailable gifts,"I am really annoyed that the 199 coin songs of LIVE interactive gifts aren’t available to me, when other people can send them. I thought it was a matter of updating the app but i still don’t have the option. This should be fixed",228
TikTok,835599320,US,14308735286,2026-07-15T21:03:56-07:00,1,Save your sanity,"Listen. This app is great and addicting. The people are unbearable, rude, selfish, annoying. They’ll gang up on you if you say anything they disagree with. They’re parasocial and strange and mean and bullies. People also love to post sad relatable videos. They love to be depressed and make others depressed. Just stick to YouTube shorts",337
TikTok,835599320,US,14308730128,2026-07-15T21:01:52-07:00,3,PROBLEMS,"I’ve been having this problem for about a year and I tried almost everything I could, which I can’t see if anyone is online or I can’t start a streak. So since I can’t see ppl online or start a streak I just feel a bit left out in things like group chats.",255
TikTok,835599320,US,14308720930,2026-07-15T20:58:03-07:00,1,Phone addiction,Designed to keep you hooked,27
TikTok,835599320,US,14308718689,2026-07-15T20:57:09-07:00,1,Epileptic content not blocked,"It’s turned on, it hurts my eyes, it got me a seizure because these filters aren’t fool proof.",94
TikTok,835599320,US,14308701019,2026-07-15T20:49:51-07:00,1,"Racist, bullying, app","You can be rude and disrespectful on this app! You can call people stupid, moron, say bad words whatever you want. Also half the adds the put up are literally borderline p o r n. It’s disturbing. And you can’t report anything that is overly sexual and if you do report someone for bullying you they’ll say it’s not against our guidelines. Even though all my comments are removed for the exact same thing.",404
TikTok,835599320,US,14308687457,2026-07-15T20:44:17-07:00,1,Why I don’t like TikTok,You guys aren’t letting me make. A new account nd is making me pay for it.,74
TikTok,835599320,US,14308621255,2026-07-15T20:17:54-07:00,5,Fix this TikTok,Keep banning me for no reason bro I was old enough,50
TikTok,835599320,US,14308577519,2026-07-15T20:01:03-07:00,1,No Comments,"Recently the comments have been censored on sooo many videos, some of which aren’t even remotely controversial. When I tap it, it will load the comments about 1/4th of the time, but the other times it just won’t show any comments. Will change to 5 stars after this is fixed",273
TikTok,835599320,US,14308548692,2026-07-15T19:49:47-07:00,5,Comments keep on saying “ Be the first one to comment “ even though there is comments,A problem i had with my comment section was that when i clicked on the comment section it would automatically filter out folded comments when i don’t want it to. Another is when i opened the comment section and it kept on saying “ Be the first one to comment “ Even there is like a thousand comments,299
TikTok,835599320,US,14308522028,2026-07-15T19:39:24-07:00,4,Annoying,Why every time I’m mentioned in a TikTok does it let me know my friends liked the video or when my friends comment on the TikTok I was mentioned in I don’t care if they liked the video or commented it’s really annoying and random notifications for what it’s so annoying literally get rid of this asap.,301
TikTok,835599320,US,14308509173,2026-07-15T19:34:28-07:00,1,Mal,No te deja mandar mensajes bien te los banean eso me pasó hoy tiktok se puso raro y no me dejaba enviar mensajes,112
TikTok,835599320,US,14308500360,2026-07-15T19:31:04-07:00,1,Banning,Keep getting banned and I was old enough for it,47
TikTok,835599320,US,14308425356,2026-07-15T19:02:35-07:00,3,Ever changing censoring,"I’ve loved TikTok for the last 6 years and like many others, it got me through covid. But since then it’s been change after change. My favorite part has always been the interaction and now that they’re filtering comments to this extreme it’s my last straw. I’m truly disappointed.",280
TikTok,835599320,US,14308421488,2026-07-15T19:01:09-07:00,4,⚠️PLEASE DO SMTH ABT THIS⚠️,"So I was on Tiktok scrolling (like usual lol) and then I realized there was an “on this day” feature, please make a button or something so we can toggle it off so it’s not there anymore. Some people including me find it annoying (sorry but I aint tryna be mean, Js tryna let yall know) Alr see y’all later, and please fix this Tiktok",333
TikTok,835599320,US,14308397994,2026-07-15T18:52:19-07:00,1,Inappropriate videos and adds,"There has been an abundance of sexual AI adds on my feed and no matter how many times I press not interested they keep popping up. I also have a problem with Tik toks strike system. I got a strike for retaliating after someone insulted me in messages, which was reasonable because i was being rude. Today at 7:13 PM I was supposed to be able to message my friends again but when I checked, I couldn’t. I thought it was a mistake so I tried to appeal my strike again, which just gave me another strike, which I’m assuming is because I tried to appeal too many times.
Another one of my problems is when TikTok gives me strikes about things I commented months ago, even nearly a year. I would understand if any of the things I commented were homophobic, ablest, racist, or sexual, but none of it was like that. TikTok has also given me a strike about something that I put on my story that another content creator made. Again, I would understand if it was inappropriate, but the post was awareness to Palestine and the amount of deaths. It is clear to me that TikTok prioritizes twerk videos and sexual AI ads rather than people spreading awareness about what is going on in the world. FIX YOUR APP‼️‼️‼️‼️‼️",1204
TikTok,835599320,US,14299880937,2026-07-13T16:08:10-07:00,5,ok,ok,2
TikTok,835599320,US,14299880686,2026-07-13T16:08:04-07:00,2,I can’t open the freaking app.,"Please TikTok, it’s not letting me open anything that’s associated with TikTok for some reason, not TikTok lite or pro. I can open TikTok on different devices but for some reason not on my iPad, the one I use mostly.😭 i got everything updated. I tried uninstalling and I’ve even tried clearing the data but I still can’t open the app at all. #Plshelp.",351
TikTok,835599320,US,14299861912,2026-07-13T16:00:40-07:00,2,Do better,When I’m on TikTok live I don’t want to get getting something about my age yall need too stop banding people until 2031 this not fair,133
TikTok,835599320,US,14299817990,2026-07-13T15:43:23-07:00,1,Terrible,Terrible app,12
TikTok,835599320,US,14299811697,2026-07-13T15:40:55-07:00,5,LOVEEE,"TikTok is one of the best apps because it has so many fun and creative videos to watch. People can enjoy dancing, singing, cooking, funny skits, sports, art, and learn new skills all in one place. It also lets users create and share their own videos using music, effects, and filters. Many people enjoy TikTok because it helps them discover new hobbies, follow their favorite creators, and connect with others who share similar interests. While it's important to use any social media app responsibly and take breaks from screen time, TikTok has become a favorite app for millions of people around the world because it is entertaining and inspiring.",648
TikTok,835599320,US,14299796729,2026-07-13T15:35:11-07:00,3,Too many breaks,"Literally everytime I waited for 20 or more minutes and it keeps saying I need to take a break from tapping 
And honestly annoying because why is there a break for freaking thing like yeah I love the app but it annoys of how many breaks there is.",246
TikTok,835599320,US,14299789003,2026-07-13T15:32:08-07:00,3,Nan,I got ban by using my edit and clip 😭,37
TikTok,835599320,US,14299775966,2026-07-13T15:27:02-07:00,1,Delete the app.,"The fact it’s full of people that aren’t human but are robots, these people are ruining everything, this app is full of bots, the comment section and videos are dead internet theory, pls delete this app, shut down this app, and never revive this app ever again.",261
TikTok,835599320,US,14299754307,2026-07-13T15:18:43-07:00,4,meh,meh,3
TikTok,835599320,US,14299719679,2026-07-13T15:05:26-07:00,5,Best app ever,This app is amazing and very funny!,35
TikTok,835599320,US,14299673760,2026-07-13T14:48:01-07:00,3,Amazing app but…,"For some random reason it’s not letting me repost ANYTHING??? It’s allowing me to still use the feature but if I head to check my actual reposts, nothing has saved for the past day? Even if I repost, scroll down a few videos, and then look at the video I reposted, IT WONT SHOW I REPOSTED IT !!! Please fix this TikTok I BEGGGGG 😭😭😭",332
TikTok,835599320,US,14299625559,2026-07-13T14:30:06-07:00,1,TikTok is trash for real,TikTok is a garbage app with racist owners. The Ellisons deserve to burn in hell,80
TikTok,835599320,US,14299615804,2026-07-13T14:26:26-07:00,1,Bad app,"TikTok restricts accounts for no clear reason, and their support is no help. Even after appealing, nothing gets fixed. The moderation system is unfair, and it’s frustrating when you can’t use the app because of mistakes. Definitely needs improvement",249
TikTok,835599320,US,14299610910,2026-07-13T14:24:39-07:00,3,I love TikTok BUT,"I truly love TikTok. It is an amazing app and I am learning so much from it. BUT I wish that when you hid topics said topics truly stopped showing up in my feeds. I’ve hid the keyword psychic, tarot card and all related topics and they continue to show up time after time. It’s almost to the point I want to delete the app. I’ve refreshed my feeds but that doesn’t help.",370
TikTok,835599320,US,14299586184,2026-07-13T14:15:32-07:00,2,Hate the send when holding option,"Lately I keep accidentally sending random videos to people I haven’t talked to in years. It’s very frustrating and I’d love it if TikTok took advice and changed it so it’s harder to do this. I’ll accidentally drop my phone and suddenly I’ve sent a video to someone who I don’t want to talk to and I can’t even delete it because they don’t allow that past a certain amount of time, I think an hour. Please get rid of these buttons showing up and just automatically popping up when watching a video, make it harder to send a video in app like Instagram does, and make it so share doesn’t pop up when holding the screen to make a video go faster.",643
TikTok,835599320,US,14299511697,2026-07-13T13:48:19-07:00,1,.,stop adding random ai descriptions and chats to the app!! WE DON’T WANT THEM,76
TikTok,835599320,US,14299501000,2026-07-13T13:44:23-07:00,1,They freaking suspended my account from being under 13 but I feel like every kid is allowed,"There will be five-year-olds on this TikTok, but they just wanna suspend me and all of my hard work that I’m trying to do for my mom it’s gone",142
TikTok,835599320,US,14299496681,2026-07-13T13:42:53-07:00,1,Bad,I got a thing that. Cannot txt anymore on TikTok bc I reported somebody that was 11 years old and I’m 33 and I can’t go live so imam give TikTok a 1,148
TikTok,835599320,US,14299492440,2026-07-13T13:41:21-07:00,1,Fuh u,Hates yumeshippers it deletes my messages,41
TikTok,835599320,US,14299439596,2026-07-13T13:22:35-07:00,1,Sorry report system.,"My comments get removed cause I mention how isreal is commiting genocide, but people post half naked videos, post videos with death in them, post comments with every swear word ever in it. But mine is removed cause you long nosed people are sensitive little babies. Tik tok needs to be owned by china again.",307
TikTok,835599320,US,14299406962,2026-07-13T13:11:00-07:00,1,Ads,I love TikTok but not enough to have ads every two TikTok’s.,60
TikTok,835599320,US,14299391637,2026-07-13T13:05:41-07:00,1,Crashing on IPad Gen 5,"Whenever I try to open the app it will crash for no clear reason and won’t actually open, I have tried restarting my iPad, uninstalling TikTok and reinstalling, but nothing works. Please fix it for iPad OS 16.7.10",213
TikTok,835599320,US,14299371194,2026-07-13T12:58:32-07:00,5,Fix my TikTok please,It’s doing it again it keeps kicking me out when I try to open it it do it when my phone die help it’s still doing it please fix this,133
TikTok,835599320,US,14299352831,2026-07-13T12:52:07-07:00,3,Problems,"Don’t get me wrong, good app, but for some reason I cant open it on my device cuz it wont stop crashing, the app wont stop at least",131
TikTok,835599320,US,14299315370,2026-07-13T12:39:13-07:00,5,The Moderation SUCKS,"Nice app after all, but the fact that many of my comments and videos get censored for no reason whilst videos and ads of people getting tortured and ai generated child porn is boosted to the algorithm. 

The report button barely works, too. Because when I see these ads, comments and videos the ai running the app completely ignores the actual issue and tells me to just block the creator. 

PLEASE fix the issue with the stickers! Instead of taking down my videos and comments for no reason, maybe run the moderation mostly on the advertising and stickers.

Sincerely, Xena",574
TikTok,835599320,US,14299252180,2026-07-13T12:17:45-07:00,5,Caporal,Corporal cito bañado,20
TikTok,835599320,US,14299167375,2026-07-13T11:49:25-07:00,1,Wierd,I tried to download but after I put my password in it takes me to a area where I have to put In billing info,108
TikTok,835599320,US,14299162480,2026-07-13T11:47:49-07:00,3,Glitch ?,"Every time I go to open the app, it never fully loads and it kicks me off the app. I sometimes work but then it stops working. It’s a great app and has many great qualities. This is so frustrating to me. I just want to enjoy the app without this glitch.",253
TikTok,835599320,US,14299141029,2026-07-13T11:40:40-07:00,2,"Way to much corn,ai slander",Title,5
TikTok,835599320,US,14299134647,2026-07-13T11:38:32-07:00,1,too many ads,i’ve enjoyed tiktok for years and this past year the surplus amount of ads and ai content have ruined the experience for me,123
TikTok,835599320,US,14299133969,2026-07-13T11:38:18-07:00,3,Please fix this !!,Hello! i've been updating my TikTok and i've been noticing i don't have the updates everyone else has. For example the commenting on reposts. At some point i did have it and then it got taken away from everyone. Then it gets brought back and i still don't have it. And sometimes it comes back but it's only for a couple of minutes and then it's gone. I would really appreciate if i could comment on my own reposts while also being able to see everyone else's. It would also be nice if i were able to see who all voted on my poll. I've been trying to check and ive asked the ai bot and i still cant find it. That'll be all. Thank you.,633
TikTok,835599320,US,14299092528,2026-07-13T11:24:37-07:00,3,OUR STREAKKK,TIKTOK… me and my cousin has a 29 day streak on tiktok and it says I can’t text her no more?? If you hate me just say so but my cousin sent me a video so I tried to text her and it said “account not available” please fix this,225
TikTok,835599320,US,14299015218,2026-07-13T10:59:49-07:00,1,Bad Bad,constantly seeing inappropriate pornographic images and there are children on her,81
TikTok,835599320,US,14298965281,2026-07-13T10:44:01-07:00,4,TURN OFF FOLLOWER COOLDOWN,its so annoying and i hate it it makes the app so much worse but in general the app is good,91
TikTok,835599320,US,14298935757,2026-07-13T10:34:44-07:00,2,Keep getting copyright restrictions when I’ve done nothing wrong,This app used to be fun but now it’s literally just trying to figure out what you’ve done and what you haven’t done I don’t recommend this app anymore and honestly I might be switching myself as a editor this really hurts because I’ve put so much hard into these edits just for them to get taken down for no reason,314
TikTok,835599320,US,14298923995,2026-07-13T10:31:05-07:00,2,TikTok keeps kicking me out,Every time I try to open the app it just kicks me out?!,55
TikTok,835599320,US,14298869514,2026-07-13T10:14:15-07:00,1,Why,Hello TikTokThis is nateAm I account is name Mr. orange but for some reason every time I try to go on TikTok it won’t work may you please tell me why,149
TikTok,835599320,US,14298866256,2026-07-13T10:13:13-07:00,1,This app is a scam,Dont download,13
TikTok,835599320,US,14298844937,2026-07-13T10:06:41-07:00,2,FIX THIS!!,"I’ve tried sooooo much times to get in TikTok and all those times, it never works! Someone tell me how to work this!!! And PLEASE fix this. I tried to update it and it still doesn't work, like it always crashes whenever i try to get in it!!!!!",243
TikTok,835599320,US,14298820732,2026-07-13T09:59:22-07:00,3,??,"It’s ok but I don’t really like getting banned and that’s a huge issue, and Im old enough aswell, but I like that you can shop",126
TikTok,835599320,US,14298811179,2026-07-13T09:56:28-07:00,4,Need help pls,"Hey I love you but I have no idea why my TikTok is telling me that I can’t be on it but my friends are having a good time in their s
Nd they are the same age as me so just want to know why it’s not working but love you .",220
TikTok,835599320,US,14298749892,2026-07-13T09:38:11-07:00,2,Tiktok’s Ai is horrible,"Apart for my videos randomly being “disqualified” from the creator rewards program for “unoriginal” content, this has happened twice within 2 months already, they rejected my appeal despite providing proof of me filming and editing the video on my phone, support chat is no where to be found, you will speak with an ai chatbot and open up tickets that are never responded to. No live support agents, ai randomly falsely reporting videos and Horrible app all around has gone to complete bull. 2 stars so the system doesnt erase me.",530
TikTok,835599320,US,14298715133,2026-07-13T09:27:54-07:00,5,the ap,it was scawy,12
TikTok,835599320,US,14298701524,2026-07-13T09:23:55-07:00,1,Good ap but your moderation is trash,You are bullying jtheslopfrog,29
TikTok,835599320,US,14298691642,2026-07-13T09:21:00-07:00,1,What the heck is this unfair system?,"I posted a story and I got a warning for it. It was even my content by the way it was something that I reposted. It was a Minecraft horror analog, and I still have a warning on my account even though that post is not gone because I’ve checked I had it reposted and I put it in my story, but why did I get a warning and get it taken down when that hasn’t happened to them and it wasn’t even my content it just makes no sense. These rules make no sense.",451
TikTok,835599320,US,14298680476,2026-07-13T09:17:45-07:00,5,It says I have unlocked live but is saying I have to do another request I’m am very annoyed,Fix this right now cause what is this like what is the point to accept me just to have to do another request just fix this cause I don’t know I really want to go like vir my giveaways on baddies and dress to impress,215
TikTok,835599320,US,14298658721,2026-07-13T09:11:24-07:00,1,Мусор,Найти контент хотя бы на троечку нереально. Очень низкое качество контента у 99% авторов. Комментарии оставляют также на 99% low iq образцы. Сплошная безвкусица,160
TikTok,835599320,US,14298589211,2026-07-13T08:51:14-07:00,1,Ai,I HATE THIS APP IT USES AI NOW,30
TikTok,835599320,US,14298577151,2026-07-13T08:47:45-07:00,3,.,"tiktok is amazing but sometimes it just doesn’t let me in the app I tried deleting, powerdown my phone and other stuff but it just doesn’t work",143
TikTok,835599320,US,14298462655,2026-07-13T08:14:54-07:00,2,"Screen making my face look weird on photos, I want to zoom out more","I'm trying to take a nice photo on TikTok of myself, the last time I used it it made my face look nice and not so huge, but a few hours later, today it made my face bigger because the screen looks for zoomed in rather than out. TikTok please fix this I dislike it VERY much, and it makes my face seem unpleasant.",312
TikTok,835599320,GB,14313749733,2026-07-17T03:40:26-07:00,4,Don’t load my tiktok,Help me devolopar when I’m open tiktok but tiktok don’t load in my phone pls how can I fix this problem,103
TikTok,835599320,GB,14312983444,2026-07-16T22:30:36-07:00,1,Junk,In fact I don’t wanna give you any star! Very terrible staff!,61
TikTok,835599320,GB,14312719128,2026-07-16T20:42:01-07:00,4,The 200 view prison,I post pretty much every week or everyday and I started getting average amount of views now everytime I post I only get 0-20 views and it’s not fair that you won’t push out videos how am I supposed to create content if no one sees it please take this in and look around my account is DXBGAMZ and it’s not nice I’m a streamer and I want to get bigger by progressively going slowly and I can’t even do that,404
TikTok,835599320,GB,14312694204,2026-07-16T20:32:17-07:00,4,Commenting stickers,I’ve been consistently updating the app and uninstalling it and redownloading it to try and get them but they never show up my region is available for stickers so I’m unsure if I still have to wait to get access to it,217
TikTok,835599320,GB,14312525957,2026-07-16T19:28:48-07:00,2,Bugs on the App!!,"Every time when I stroll through videos... swipe upward it accidentally sends videos out to my friends!!    
Please would you move the share button to the right hand side or to the top rather than on the bottom!  User swipe videos from the bottom of the page!!

Also user needs to be able to delete send videos for all and Not just  to me!",339
TikTok,835599320,GB,14312382819,2026-07-16T18:36:26-07:00,1,Add back ai cast,It was funny and everyone loved it so add it back,49
TikTok,835599320,GB,14312140989,2026-07-16T17:05:33-07:00,1,iPad,"For some reason they’ve now started to refused iPad users to use the app. Downloaded the latest software update, deleted and re-download the app. I have done this on my old iPad and new, no change. App crashes straight away. And clearly it’s not just me, everyone other user has been having the same trouble. For a multi billion dollar company, it’s a bit shameful that they make this mistake happen.",400
TikTok,835599320,GB,14311970208,2026-07-16T15:58:30-07:00,5,ai cast,Please roll out Ai cast to more accounts,40
TikTok,835599320,GB,14311899688,2026-07-16T15:30:58-07:00,1,Remove the share button!,Please remove the share button so we aren’t all sending random videos to strangers.,83
TikTok,835599320,GB,14311840846,2026-07-16T15:08:21-07:00,3,pleeeeeass stop,it’s so easy to accidentally send someone a video and my fyps so embarrassing help,82
TikTok,835599320,GB,14311717248,2026-07-16T14:21:56-07:00,5,Hi,I was on TikTok for years now it’s amazing it has built up my confidence so much thank you for everything,105
TikTok,835599320,GB,14311586627,2026-07-16T13:34:34-07:00,5,I cant delete messages,Yh i cant delete them TikTok pls fix this,41
TikTok,835599320,GB,14311556289,2026-07-16T13:23:43-07:00,5,Helpppp,My account got banned permanently I didn’t do anything,54
TikTok,835599320,GB,14311403778,2026-07-16T12:30:37-07:00,1,Worst moderation I’ve seen on any mainstream social media app,"There was literally an a whole page filled with sexist , Islamaphobic and Christian phobic videos and they made an ai video of Jesus impregnating Charlie Kirk  and I (and likely many others) reported it and it somehow had no violations 😭🤦 . Just forget how disrespectful and disgusting that is , imagine a young teenager or kid saw it . Idk how the moderation works , either the AI is complete bs or if not ai , the human moderation team are also sexist , racist idiots ?",471
TikTok,835599320,GB,14311229935,2026-07-16T11:32:32-07:00,1,ads,"hate you now
too many ads . one post one ad. you suck",53
TikTok,835599320,GB,14311181706,2026-07-16T11:16:45-07:00,3,Why?,Ok idk what age I am I just want everyone to just watch my videos that’s it and the age restriction in my opinion is ridiculous and being unable to go live when your under 18 is just ridiculous,193
TikTok,835599320,GB,14310974838,2026-07-16T10:11:28-07:00,1,Why can’t the app work on my phone?,"I’m using an iPhone 7, the TikTok app doesn’t open it constantly keep taking me back to the Home Screen",103
TikTok,835599320,GB,14310869738,2026-07-16T09:39:33-07:00,3,I’m mad😡,You changed the repost button..😡😡,33
TikTok,835599320,GB,14310863110,2026-07-16T09:37:33-07:00,1,Nah bro,Straight gore and corn,22
TikTok,835599320,GB,14310849044,2026-07-16T09:33:22-07:00,5,Great,It’s lovely to see funny videos and post my own!,48
TikTok,835599320,GB,14310753371,2026-07-16T09:05:15-07:00,2,Bad,I came back home to relax and I got banned for no reason and now I can’t text my friends or anything because of my ban I logged back in and I still haven’t been able to message my friend TIKTOK let me message people again,221
TikTok,835599320,GB,14309964900,2026-07-16T05:16:43-07:00,1,Addictive and sucks your soul,Waste of time,13
TikTok,835599320,GB,14309631775,2026-07-16T03:20:03-07:00,5,TIKTOK please helppppp,So basically all of my friends have highlights stories but for some reason I don’t it doesn’t give me option to and I can’t see other peoples highlights I have a private account and my account age is 16 what can I do?,217
TikTok,835599320,GB,14309473521,2026-07-16T02:17:31-07:00,1,Song gifts hell,Can’t hear the creators the new update is destroying the experience it’s ment to be about people not stupid music gifts get rid of them,135
TikTok,835599320,GB,14309471366,2026-07-16T02:16:39-07:00,2,The update is horrendous,There was no need to put the followers and activity in the same place. Please change it back it’s ugly asf,106
TikTok,835599320,GB,14309372539,2026-07-16T01:36:29-07:00,5,Siyam,Siyam,5
TikTok,835599320,GB,14309254237,2026-07-16T00:46:26-07:00,1,Awful,Follower count is broken and nothing is being done to fix it. They seem to hold people back from milestone goals especially when on a reward programmed,151
TikTok,835599320,GB,14308867548,2026-07-15T21:59:38-07:00,3,Issue,Overall 5 stars but my photos are 9:16 during slideshow posts but then automatically change to 3:4 and i can not seem to fix it,127
TikTok,835599320,GB,14308340507,2026-07-15T18:30:31-07:00,1,Crash app,"My ios version is 15.8.8 and when I open TikTok, it doesn't open! It keeps crashing. I'm going into depression because of this. Please solve this! My ios version is 15.8.8 and when I open TikTok, it doesn't open! It keeps crashing. I'm going into depression because of this. Please solve this! My ios version is 15.8.8 and when I open TikTok, it doesn't open! It keeps crashing. I'm going into depression because of this. Please solve this! My ios version is 15.8.8 and when I open TikTok, it doesn't open! It keeps crashing. I'm going into depression because of this. Please solve this! My ios version is 15.8.8 and when I open TikTok, it doesn't open! It keeps crashing. I'm going into depression because of this. Please solve this! My ios version is 15.8.8 and when I open TikTok, it doesn't open! It keeps crashing. I'm going into depression because of this. Please solve this! My ios version is 15.8.8 and when I open TikTok, it doesn't open! It keeps crashing. I'm going into depression because of this. Please solve this! My ios version is 15.8.8 and when I open TikTok, it doesn't open! It keeps crashing. I'm going into depression because of this. Please solve this! My ios version is 15.8.8 and when I open TikTok, it doesn't open! It keeps crashing. I'm going into depression because of this. Please solve this! My ios version is 15.8.8 and when I open TikTok, it doesn't open! It keeps crashing. I'm going into depression because of this. Please solve this!",1469
TikTok,835599320,GB,14307995148,2026-07-15T16:16:29-07:00,1,The new version is a mess,Due to the update the app now crashes when trying to be used by iOS 15 the app won’t even load up js shows the logo and exits the app please fix this bug,153
TikTok,835599320,GB,14307194549,2026-07-15T11:29:12-07:00,1,Tiktok not loading,Ive troubleshooted and troubleshooted and made sure my phone and apps are up to date but it seems no matter what tikok tries to load then closes itself. Its unusable,165
TikTok,835599320,GB,14307140583,2026-07-15T11:12:05-07:00,5,so love,I love TikTok❤️😍,16
TikTok,835599320,GB,14306862772,2026-07-15T09:46:35-07:00,2,TikTok app,Help me pleaseee every time I try to open the TikTok app it automatically closes and I have tryed resetting the app and my phone but it still doesn’t open. What should I do????,176
TikTok,835599320,GB,14306776575,2026-07-15T09:21:00-07:00,5,Motivation,Should work for me x,20
TikTok,835599320,GB,14306582111,2026-07-15T08:24:53-07:00,4,Riddled with ads,"Every third post is an irrelevant ad. 
I always tap “not interested/irrelevant”
I will not buy your products, especially if you ruin my TikTok experience which used to be so much better without ads.",198
TikTok,835599320,GB,14306490197,2026-07-15T07:59:10-07:00,5,PLS AUTO SCROLL,"I know we already have auto scroll but can you make it so when I go on someone’s TikTok account, I can also auto scroll there, it’s so sad that I can’t auto scroll on their account! Only outside their account on for you page or smth",232
TikTok,835599320,GB,14306444116,2026-07-15T07:46:20-07:00,4,I don’t know!!,i LOVE tiktok could stay on tiktok all day and do nothing. but that’s the problem you go on there for hours each day and get nothing done. i would say absolutely get it! but dont stay on it all the time.,203
TikTok,835599320,GB,14306438630,2026-07-15T07:44:50-07:00,1,new layout of accounts is hideous.,"basically what my title says, stop trying to be instagram. completely ruined the aesthetic and symmetry of the app",114
TikTok,835599320,GB,14306309340,2026-07-15T07:09:04-07:00,1,it takes your life away,"it rots your brain, doesnt do any good for u and is really unhealthy for u",74
TikTok,835599320,GB,14306052657,2026-07-15T05:56:01-07:00,5,This is peak,Peak,4
TikTok,835599320,GB,14305493463,2026-07-15T02:44:32-07:00,1,TikTok BROKEN for good on iOS 15,"Well I've been reporting that TikTok no longer works on iPad 2 Air now for over a month, and six or seven updates have not fixed it.
It seems i am not alone with many similar reviews on here.
The developer response has only been to tell me to report it… via the app the DOESN’T WORK!!! 😡
If they would only come clean and state the app is no longer compatible i would understand, but they would rather ignore the issue than admit that.
Come on TikTok, either fix it or admit we longer have access on older platforms.",516
TikTok,835599320,GB,14305308719,2026-07-15T01:29:27-07:00,2,ADS,ads have destroyed this app. bring back prime tiktok 2019-22. This era is garbage,81
TikTok,835599320,GB,14305296265,2026-07-15T01:24:18-07:00,5,James,Bone,4
TikTok,835599320,GB,14304260025,2026-07-14T18:19:34-07:00,5,Best goon,"Loved watching reposts and favourite, best part was when I watched overwatch characters give titty wanks",104
TikTok,835599320,GB,14304137081,2026-07-14T17:32:39-07:00,1,Following list,Please update following list count as it’s inaccurate and it’s a bug,68
TikTok,835599320,GB,14304029903,2026-07-14T16:50:59-07:00,4,.,"Love the app but over the past couple of days, I keep getting pop ups telling me how to use the app I’ve been using for the last 3 years, giving me pop ups that tell me how to swipe and why I should repost videos, I know how TikTok works and yet they’re still plastering me with tutorials on an account I’ve had for a year and a half.",334
TikTok,835599320,GB,14303987097,2026-07-14T16:33:55-07:00,1,Terrible FIX YOUR APP,"It wont open I restarted my phone, deleted the app re got it and yet still won’t work it’s been like it for a week now fix your app!! Every time I click it it goes to a black screen saying TikTok then takes it self off back to my Home Screen and won’t load at all!!",265
TikTok,835599320,GB,14303812183,2026-07-14T15:24:53-07:00,1,Unable to load,"I’ve been unable to launch the app on my iPad for over a week now. It crashes every time. I’ve tried uninstalling and reinstalling the app. I’ve tried switching my tablet on and off, nothing is working. It’s showing that my tablet is compatible but nothing is working. It works on my android, why not my tablet??",312
TikTok,835599320,GB,14303696438,2026-07-14T14:40:44-07:00,1,Will not run on iPad,"You state that this app will run on my iPad.
It doesn’t.",56
TikTok,835599320,GB,14303109668,2026-07-14T11:21:09-07:00,1,Sound cutting out and other things.,"Sound cuts out while wearing headphones, videoed aren’t playing. Ads working perfectly fine and I had 5 ads in a row.",117
TikTok,835599320,GB,14290442379,2026-07-11T07:53:45-07:00,5,help..,i have multiple accounts basically on one account i can see my friends stories on the other I can’t ?? like at all? they’re fully posted from like a day ago idk im sad i wanna view her stories,192
TikTok,835599320,GB,14290434432,2026-07-11T07:51:32-07:00,4,Opinion,Why is it 13 any ages actually 10 plus it’s interesting and cool,64
TikTok,835599320,GB,14289878591,2026-07-11T05:05:32-07:00,3,It’s great but few problems!,It’s pretty good but it’s takes too long to load and the moderation is not great. People post stuff that is not appropriate but the app ignores it like there was literally a video which was 100% not appropriate I reported it and when I got the response from the app it said it doesn’t break any rules like please update the moderation.,335
TikTok,835599320,GB,14289801891,2026-07-11T04:39:20-07:00,1,the stupid new layout,I HATE THE ENW LAYOUT everyone hates it change it back it's ugly and doesn't make sence what you tryna be instagram everyone knows tiktoks layout now everyone will tweak out iodits,180
TikTok,835599320,GB,14289616872,2026-07-11T03:31:56-07:00,3,phoebe,it is really good the shop the quality of the stuff of the shop but some videos are not acceptable for 13 there are inappropriate things that 13 year olds don’t need to be seeing,178
TikTok,835599320,GB,14289515088,2026-07-11T02:52:20-07:00,5,Tuff,Tuff,4
TikTok,835599320,GB,14289495038,2026-07-11T02:44:25-07:00,5,Help me please,"TikTok is amazing I’ve been going on it for month and months now but randomly 2 days ago  I tried to go on the app and it was loading with the TikTok logo screen and then it glitched off so then I tried again and it did the same. I have tried checking my internet connection which had been fine and I have also updated TikTok but it still glitches off the app every time I try to go on it and it has been going on now for the last 5 days I have also checked my storage and it cannot be it because my phone is new and I have hardly took up any storage. 

Can u please give me any help with what you think it might be.",616
TikTok,835599320,GB,14289477777,2026-07-11T02:37:30-07:00,1,Stop removing innocent comments for violations!😡,There’s a lot of things you can’t say on TikTok the comment and photo comments get removed for no reason for violating community guidelines how about stop violating free speech on here for God sake!,198
TikTok,835599320,GB,14289342444,2026-07-11T01:43:00-07:00,1,ANNOYINGGGG,EVERY TIME I ATTEMPT TO OPEN THIS APP IT SENDS ME BACK TO MY HOME PAGE HAVE BEEN TRYING TO GET ON FOR THE LAST 2 HOURS DELETING THE APP RESTARTING MY PHONE AND NOTHING HAS WORKED 😡😡,181
TikTok,835599320,GB,14289322336,2026-07-11T01:34:54-07:00,5,new bug on the ios 15,please fix this!! everytime i open tiktok it shows the logo for like about 10 seconds then closes the app and tiktok just won’t open!,133
TikTok,835599320,GB,14289296490,2026-07-11T01:24:20-07:00,2,It won’t let me update the app,😡,1
TikTok,835599320,GB,14289236281,2026-07-11T00:59:28-07:00,2,Bug issue,This app is overall great but recently its not working for me.Whenever i tap on the app it shows the tiktok logo then goes back to my home screen.I've  done everything i can to try fix this problem but nothings working,218
TikTok,835599320,GB,14289049490,2026-07-10T23:41:26-07:00,1,Won’t load,"After the last update I can not open TikTok on my iPad, I have the loading screen for 5 seconds then it shuts down",114
TikTok,835599320,GB,14287922274,2026-07-10T16:13:05-07:00,4,Great!,I love the new updates and the trends are nice the quality is great but the only thing is when I update things some things other people have I don’t get them please give me advice,179
TikTok,835599320,GB,14287841382,2026-07-10T15:40:43-07:00,3,Buggy and problems,"I can’t see the caption and translation options since the update. Furthermore, I’m unable to see or receive posts from accounts I follow. It’s frustrating to have to manually go into the profiles of the 100’s of accounts, to view their content.",244
TikTok,835599320,GB,14287697367,2026-07-10T14:44:34-07:00,4,⭐️⭐️⭐️⭐️,Tiktok id good but i had to delete a video for copyright when its a trend and it was not copy right i used a famous song and a entirely different story but 1 same photo and same song and someone copied my video and I’ve reported it no one has done anything they copied sound photos exact words they messaged me saying they copy and pasted it and i reported it but nothing so you better look at my reports and take the video down please because i am not having a good week at all and i don’t want to be a Karen but he is getting famous from my hard work and TikTok won’t do anything about it but it’s still a very good app.,622
TikTok,835599320,GB,14287695394,2026-07-10T14:43:46-07:00,1,Unacceptable!,"I’m very disappointed with TikTok’s new AI avatar feature. Despite deleting posts multiple times, it keeps reposting on my story without my permission. Even worse, it’s sending messages to my contacts without my consent. This is a serious invasion of privacy and completely unacceptable. Please fix this immediately or remove the feature.",338
TikTok,835599320,GB,14287013134,2026-07-10T10:48:50-07:00,2,Absolute,Wank,4
TikTok,835599320,GB,14286566568,2026-07-10T08:34:34-07:00,5,recent problem,please fix the problem of the glitch or whatever that is i cannot use tiktok properly its always kicks me out i only can use tiktok once after restarting and then it doesn’t work and it’s still not working please doo something for gods sake,240
TikTok,835599320,GB,14286327462,2026-07-10T07:27:46-07:00,4,Uh,"This app is pretty good but there are some problems I would have listed, but other users have beaten me to it<3",111
TikTok,835599320,GB,14285251103,2026-07-10T01:27:46-07:00,5,Ellie,Reviw,5
TikTok,835599320,GB,14285178621,2026-07-10T00:57:07-07:00,5,TikTok,This app is sick cures my boredom,33
TikTok,835599320,GB,14285011082,2026-07-09T23:45:15-07:00,4,It won’t let me on the app,"I love TikTok! I have many accounts and friends on there but for some reason no matter what i do for the last month, it just won’t let me on, whenever i click it it just kicks me out and i even deleted the app just to get it back again, that still didn’t work.",260
TikTok,835599320,GB,14284156230,2026-07-09T17:58:58-07:00,1,Won’t load on iPad,Never had a problem until the last 4 weeks when I try to get on the app I get the black TikTok screen which it’s stays on for a minute and then just shuts off. I’ve done all the updates I can and have even tried to un-install and then re-install but it just won’t work. Really frustrating when you read the comments and it seems to be a problem with iPads. You need to sort it,376
TikTok,835599320,GB,14283589357,2026-07-09T14:20:40-07:00,1,people been given links to hijack phones,ruining poeples lives,21
TikTok,835599320,GB,14283445786,2026-07-09T13:31:09-07:00,1,Not all Content btw,Too much Inappropriate videos,29
TikTok,835599320,GB,14283389188,2026-07-09T13:11:46-07:00,1,We need to pin comments,I need to pin my comments!!! Jhope commented on one of my posts,63
TikTok,835599320,GB,14283294276,2026-07-09T12:40:54-07:00,3,Drafts,Please can I get my drafts back I got a new phone and all of them are gone and they mean soo much to me my account it @mitski514 and it’s a private account with a flower pic,173
TikTok,835599320,GB,14283273856,2026-07-09T12:34:27-07:00,1,unable to add to story,"I can’t add any videos to my story, neither mine or anyone else’s. It just keeps saying ‘the content you’re trying to reuse is no longer available.’ Which makes no sense whatsoever. Please fix this!",198
TikTok,835599320,GB,14283141448,2026-07-09T11:50:58-07:00,2,Bug,For some reason any time I comment now it doesn’t appear for anyone,67
TikTok,835599320,GB,14283128402,2026-07-09T11:46:43-07:00,1,Fix ur App rn,"It could’ve been the perfect app and my first ever 5 star rating if only the app wouldn’t randomly not let u send messages like sometimes it actually pisses me off bc I have streaks to keep alive and the app just randomly decided to suspend for no reason at all and I lowk wanna report the app out of anger but other than that the app is good
The app is selling so hard it’s keeps giving me ads every 2 videos and also low liked videos and I believe low liked videos r low liked for a reason so I don’t watch them but all this stupid gives me now is ads and low liked vids now I consider 1 normal video rare 
They better change",627
TikTok,835599320,GB,14283028806,2026-07-09T11:14:30-07:00,5,I’m good,67 mango with the boys 67 67 with mustard mango mango mango mango mango mango 67 mango 67 67 nothing beats a jet 2holiday pack God 67 mangoes with the boys mustard nothing beats a jet to holiday steal a brainrot tung tung tung Sahore barber pot pee trailer trailer lab look Coco dealer looking Pringle Coca-Cola mustard Labubu,326
TikTok,835599320,GB,14282778838,2026-07-09T09:56:53-07:00,4,Idk what to say,Hi so I just got tiktok today and one problem I have is that when I was signing in and doing my phone number I didn’t realise that you were not supposed to do the 0 at the start so then I tried to redo it but it said maximum attempts reached try again later so now I have to wait 48 hours .,290
TikTok,835599320,GB,14282596814,2026-07-09T09:03:24-07:00,4,How to call on TikTok???,So I actually heard about people can now call on TikTok and I want to know how as well as that the vid said I needed to update the TikTok but my TikTok is already updated which I am pretty confused with. as well as that may I suggest an update that is actually instead of deleting messages for myself deleting messages for everyone because this would be very helpful!!!!😞,371
TikTok,835599320,GB,14282537641,2026-07-09T08:46:28-07:00,1,Get rid of the share with button,"I love this app! However, the share with button that pops up on every video I watch is the bane of my existence. I don’t want to send random videos to people all I haven’t spoke to in years. If you aren’t going to get rid of the share with button, at least allow us to delete for everyone, so that when we accidentally send a message we can delete it. Extremely disappointed this feature is still there. PLEASE GET RID OF IT!!!",427
TikTok,835599320,GB,14282476709,2026-07-09T08:29:09-07:00,1,Extremely jarring,Ridiculously glitchy. Complete pain in the neck to use in general and not to mention the fact the freaks and weirdos of society have free rein to comment their tripe everywhere to never receive a ban. Seriously gone down hill.,226
TikTok,835599320,GB,14282105505,2026-07-09T06:45:12-07:00,5,It’s so fun and entertaining!,I got a bit rude from watching TikTok but I love it! it entertains me a lot because I usually have nothing to do but.. the only bad thing is that I should delete disturbing content,180
TikTok,835599320,GB,14282049475,2026-07-09T06:29:21-07:00,4,can i pls have ai cast?,asking for a deal,17
TikTok,835599320,GB,14281905197,2026-07-09T05:47:13-07:00,4,elphaba orion doughtery ban her,same as title,13
TikTok,835599320,GB,14281904389,2026-07-09T05:47:00-07:00,5,Help,my TikTok account is Facebook account never connected why please help me,72
TikTok,835599320,GB,14281755173,2026-07-09T05:00:43-07:00,5,tiktok,i love the music,16
TikTok,835599320,GB,14281401675,2026-07-09T02:56:54-07:00,1,Endless underwear adverts and no way to turn them off,STOP WITH THESE ADVERTS THEY ARE SO ANNOYING,44
TikTok,835599320,GB,14281148265,2026-07-09T01:13:34-07:00,1,Unwanted notifications,"Despite turning off unwanted notifications, still receiving “friend reposted” notifications even when turned off. Ridiculously annoying!",136
TikTok,835599320,GB,14281051233,2026-07-09T00:30:09-07:00,5,Addiction,"I can’t help, i keep scrolling. If u are new here don’t install it if u install once then its over u gonna be scrolling all day all night. You are never gonna be bored.",168
TikTok,835599320,GB,14280993505,2026-07-09T00:05:33-07:00,1,advert galore,used to be such a good little fun app but now it’s just advert after advert and i’m getting so fed up i’m thinking of deleting this app,135
TikTok,835599320,GB,14280276123,2026-07-08T19:12:56-07:00,2,terrible support system,"i use tiktok every single day, i have done since tiktok first started. around 2021 i made an account that i no longer have access to and is public. this account is from a very embarrassing phase of my life and the account still being up and public is leading to bullying and taking a toll on my mental health. i had explained this all to tiktok, giving them the information i could only think would work, but apparently everything is incorrect, including the location which i know is 100% right. the emails i have been receiving back are obviously just bots repeating the same thing over and over again and not helping me get anywhere, if you have a problem with tiktok youll just have to move on with it because there are entirely useless",739
TikTok,835599320,GB,14279932526,2026-07-08T17:04:02-07:00,1,TikTok Shop advertising nude products,"Constantly bombarded with nude images in my fyp from tiktok shop, suggestions are completely unrelated. Clicking not interested does nothing. When going to tiktok shop, i am given suggestions like ‘nude top’ ‘knickers’ by default, when removing them they reappear. Absolute joke, difficult removing them, and even harder to report. Unsafe for children.",352
TikTok,835599320,GB,14279917672,2026-07-08T16:58:15-07:00,5,C,Needs to stop from letting me like posts,40
TikTok,835599320,GB,14279901478,2026-07-08T16:51:52-07:00,2,gimme voicenotes,i want the voice note option,28
TikTok,835599320,GB,14279803088,2026-07-08T16:12:49-07:00,4,Gggs,It was working but all of dividing it stopped Tik tok please fix it,67
TikTok,835599320,GB,14279590658,2026-07-08T14:49:36-07:00,4,"Absolutely great but can be bad on some occasions,","Really great, cures boredom but can see very disturbing stuff, like inverted g0re or just straight up NSFW.",107
TikTok,835599320,GB,14279428518,2026-07-08T13:48:48-07:00,1,horrible,horrendous,10
TikTok,835599320,GB,14279426387,2026-07-08T13:48:01-07:00,1,Tiktok is not opening,Why tiktok is not opening can you explain me ?,46
TikTok,835599320,GB,14279264931,2026-07-08T12:50:14-07:00,1,Updating it twice,"I just updated and it’s telling me to update it again, why do I need to do it twice if I’ve just already updated. The amount of updates this app needs is ridiculous. Every day it seems this app needs one, it’s beyond insane.",224
TikTok,835599320,GB,14278002225,2026-07-08T06:22:01-07:00,5,🫶মায়াবতী 🫶,❤️❤️,4
TikTok,835599320,GB,14277890530,2026-07-08T05:48:44-07:00,1,Stop making my videos unavailable,So i make a video and post i and then it’s apparently violating the guidelines and its not i made a video about my friends,122
TikTok,835599320,GB,14277675985,2026-07-08T04:40:24-07:00,1,Tiktok,Doesn’t work on my iPad no more it crashes for 21 seconds,57
TikTok,835599320,GB,14277462190,2026-07-08T03:23:20-07:00,1,average views 100k+ now i am trapped 300-1000 views,"Hi @tiktok, 
i am putting a lot of work on my videos and now i am near to monazite. My videos getting  stuck between 300-1000 views. this is not fair. i submitted to support ticket but i am always getting generic replies. Please fix this issue as so as possible. 
thanks",270
TikTok,835599320,GB,14275830845,2026-07-07T16:14:25-07:00,1,slow,"app is so slow out of nowhere past few weeks maybe months. ppls pages dont load, everything so slow",99
TikTok,835599320,GB,14275778695,2026-07-07T15:53:49-07:00,2,annoyed xxx,keeps banning me even tho I’m over 14 and it’s good,51
TikTok,835599320,GB,14275518827,2026-07-07T14:13:30-07:00,4,Glitching,The app is very good and effective but idk if it’s just my phone but i open tiktok then it just shows the logo for like ten secs and kicks me out and i have done it everything restarting the phone uninstalling the app but it still doesn’t work and even when it did for like the first time it did the same thing but worked on the second,335
TikTok,835599320,GB,14275470737,2026-07-07T13:56:13-07:00,5,Me yamin,Hi taktak im reporting a guy named LeBron James he started texting me and sending weird messages,96
TikTok,835599320,GB,14275338776,2026-07-07T13:09:57-07:00,1,Recommend share button is awful!,"The button which recommends to share keeps popping up either when I’m trying to scroll or reading the caption. It’s ruined tiktok for me and I am deleting the app until this is sorted. Either get rid of this feature, let it be switched off or let us delete videos (for both users) that we have sent. The only reason I think anyone thought this feature was a good idea is that it artificially increases amount of shares however now this statistic is meaningless since it’s so easy to happen accidentally!",503
TikTok,835599320,GB,14275290360,2026-07-07T12:53:27-07:00,5,So happy,It so nice but u can get addicted but  can u stop some random stranger on here,78
TikTok,835599320,GB,14275190622,2026-07-07T12:19:49-07:00,4,I do love TikTok but..,"A lot of inappropriate things have managed  to get  onto the plat form, like girls not wearing much clothing, filters where when you tap it pictures/ videos of naked people play, and so on. Considering the fact that SMALL CHILDREN are on this app I think security should go up a bit.",283
TikTok,835599320,GB,14275149194,2026-07-07T12:05:56-07:00,1,"Not what it was, getting worse and worse","I have TikToks for 6 years, and never TikTok was so pushy, to make sells on TikTok shop. Even I requested that I don’t want to have a shop they keep my account in business type, asking constantly to promote my videos so I won’t be in 50 views jail- when I paid for promotion I got fake likes and no  genuine engagement. Just waste my time and money. Constantly TikTok app removes my comments that does not make sense at all. Same with videos, and there is no explanation exactly what you did wrong, just vague guidelines. When I reapply against it “ I receive apology”. This is a joke ???",588
TikTok,835599320,GB,14275095479,2026-07-07T11:48:12-07:00,3,Complain,Please stop shadow banning my TikTok account please name-@jfb_curtains_duvets,77
TikTok,835599320,GB,14275057001,2026-07-07T11:35:30-07:00,4,review,a good app but every time I open it it closes for some reason tried resetting my phone and deleting and installing but still dose not  want to open .,149
TikTok,835599320,GB,14275016704,2026-07-07T11:22:18-07:00,1,Update,Since updating 18hours ago I can no longer get onto the app it doesn’t even load just cuts me off not happy,107
TikTok,835599320,GB,14274971529,2026-07-07T11:07:52-07:00,5,Uzzer_S02,Hello tik tok my tik tok keeps kicking me out I tried everything but it keeps kicking me out I updated deleted then got it back updated my IOS and everything but it didn’t do anything I even tried turning the power off but that didn’t do anything aswell please feedback me as soon as possible and make it stop kicking me out all of time.,337
TikTok,835599320,GB,14274884277,2026-07-07T10:38:41-07:00,5,Feature reccomendation,"Tiktok, i have and i think a lot of people want stickers to be in albums, say you know you have a sticker and you need to find it in your saved stickers but you cant, why not make it so that people can create sticker albums or folders where they can name it and put peoples or their own stickers in there, besides that the sticker feature is great.",348
TikTok,835599320,GB,14274799481,2026-07-07T10:12:06-07:00,5,Transparency,Please add a feature that lets users see who shared their video and who it was shared with. This would help creators understand how their content is being shared and reach a wider audience while maintaining transparency.,220
TikTok,835599320,GB,14274457938,2026-07-07T08:33:27-07:00,4,Features,"Overall the app is really good, fun and enjoyable but so,e features have not been given to me when my friends and other people have them for example the collage feature which I have not received yet. Please fix this",215
TikTok,835599320,GB,14272713257,2026-07-06T22:08:32-07:00,1,UI should got to hell!,Who else if fed up of sending a TT to a friend when they are simply trying to click 'more'? Absolutely abysmal design.,118
TikTok,835599320,GB,14272277159,2026-07-06T19:10:22-07:00,5,Please Help!,i can’t send or view pictures to/from my friends and they can,61
TikTok,835599320,GB,14272017886,2026-07-06T17:32:14-07:00,5,Good,It’d great but I have been shadowbanned for no reason whatsoever on every account even though I’m active on all of my accounts and dont break the terms of service,162
TikTok,835599320,GB,14271993372,2026-07-06T17:22:48-07:00,4,favourite sounds issue,"i love tik tok but recently there’s been an issue with my favourite sounds. All accounts on this specific iPhone model have missing favorited sounds, but they work on iPad. Cleared cache, offloaded, reset network settings, nothing works. Server data sync is completely broken for this hardware UUID",298
TikTok,835599320,GB,14271656422,2026-07-06T15:11:38-07:00,1,Can’t see my friends live any more,Can’t see my friends live any more,34
TikTok,835599320,GB,14271635894,2026-07-06T15:03:47-07:00,4,TikTok not opening,"Hi so I had TikTok for 5 years on my iPad and it’s been smooth sailing until recently as it isn’t opening anymore. I’ve updated the app and iPad so the app is compatible to it, I’ve restarted my iPad and I’ve deleted and re-download the app but it’s still not opening and keeps crashing. Is there anything else I could do? Thanks",329
TikTok,835599320,GB,14271486845,2026-07-06T14:08:57-07:00,5,I cant get all my songs,Bro i have 298 songs but i can only see 7 and i cant get all of them back,73
TikTok,835599320,GB,14271402486,2026-07-06T13:38:00-07:00,1,Very Annoying,Will I try to add a acc and it would not let met change the user and the pic at all and not let me login to my main acc on tt,125
TikTok,835599320,GB,14271240836,2026-07-06T12:43:53-07:00,5,TikTok,I couldn’t find the um 4 screen thingy if u could fix that pls TikTok,69
TikTok,835599320,GB,14271219380,2026-07-06T12:36:37-07:00,4,messaging from fyp is shocking,"why are we sending direct messages when trying to read a caption? it is, quite frankly, the worst feature on an app ever. i’m literally avoiding the app because of it.",167
TikTok,835599320,GB,14271146214,2026-07-06T12:12:58-07:00,3,meh,its great but whenever i delete it i cant get back the chat bubbles or photo comment option and my recommended audio is stuck to some weird ah songs.,149
TikTok,835599320,GB,14270783091,2026-07-06T10:19:42-07:00,1,Inappropriate TikTok shop ads,"I don’t plan to leave this review up I just need to get the attention of the developers. Every few scrolls, I keep getting weird lingerie ads and it’s really uncomfortable, I keep pressing uninterested so they would stop showing but they keep on appearing. For each one, the sound is called Sunsets With You by Vector Hold. I just want to be able to freely scroll again without getting flashed with these weird ads. And also it’s not even a specific product when it shows on the fyp, it comes as a search suggestion so I can’t even select the ad and report it",559
TikTok,835599320,GB,14270612910,2026-07-06T09:28:49-07:00,1,Doesn’t care about its users,Whenever i have an issue and try to submit a ticket it’s always ignored and i gr very stressed because of this,110
TikTok,835599320,GB,14270512471,2026-07-06T08:59:27-07:00,1,Doesn’t Work,"Requires a date of birth, but as the ‘next’ button never activates there is no way to proceed to using the app.",111
TikTok,835599320,GB,14269540200,2026-07-06T04:04:47-07:00,4,Great app!,"You may be wondering why I am giving TikTok 4 stars instead of 5, even though I have the title as ‘Great app!’ This is mainly because of the fact that everybody’s TikTok app is different, for example. My friends have had the Groups feature for a long time, with me only getting it a couple of weeks ago. I just find it a bit confusing. As well as my TikTok shop has just disappeared, which is strange, but I don’t really use it so It doesn’t matter. 

Overall I think that TikTok is a very good app with lovely UI, good moderation, and much more.",546
TikTok,835599320,GB,14268509817,2026-07-05T20:47:50-07:00,1,UODATE IS BULLOX,looks like instagram mate. sort it out.,39
TikTok,835599320,GB,14267237966,2026-07-05T12:43:36-07:00,1,Why does it keep kicking me out?,TikTok is great but keeps kicking me out and lagging,52
TikTok,835599320,GB,14266725767,2026-07-05T10:00:35-07:00,3,"Ghd, i",Ppl  I’ll hccc,14
TikTok,835599320,GB,14265989013,2026-07-05T06:27:07-07:00,1,i dont get it.,"just to let you know somebody was being RACIST to me, kept swearing at me and even told me what my adress is. he said he would bang me out and when i reported him NOTHING happened. apparently it wasn't a viplation but HE WAS SAYING ALL SORTS OF SWEAR WORDS. I DONT GET IT TIKTOK FIX YOUR MODERATING. YOU GUYS ARE CLOWNS",319
TikTok,835599320,GB,14265904795,2026-07-05T06:01:29-07:00,4,I can’t send pics yet,I like this app but the only problem is no matter how much I update it I still can’t send pics to my friends on chat and it’s quite annoying,140
TikTok,835599320,GB,14265683942,2026-07-05T04:49:07-07:00,1,now,give me ai cast fatti,21
TikTok,835599320,GB,14265662863,2026-07-05T04:41:42-07:00,1,js no,whys the new update look like that i dont like how the layout of my new profile page looks and no one else likes it either changed it immediately this is absolutely disappointing!!,180
TikTok,835599320,GB,14265557102,2026-07-05T04:03:19-07:00,5,Isaac,Davies,6
TikTok,835599320,GB,14265496914,2026-07-05T03:40:33-07:00,1,HORRIBLE,"DISGUSTING app , people post highly innapropriate videos and talk about illegal topics and do NOT get any warnings. but i post a story on tiktok saying my friend smells as a joke? nope! i get TWO ACCOUNT STRIKES! if another app is released im deleting tiktok instantly its unfair and horrible i also got an account strile for telling an 11 year old they shouldnt he on the app LIKE WHAT? WHY AM I BEING PENALISED FOR THIS  absolutely sickening",443
TikTok,835599320,GB,14265302934,2026-07-05T02:24:51-07:00,3,PLEASE CHANGE THE LAYOUR BACK,"The new profile layout is so ugly, the old one was perfect. This layout is horrendous and looks like a knock off instagram. Please please please stop changing things that don’t need to be changed. It looks horrendous",216
TikTok,835599320,GB,14264852233,2026-07-04T23:21:00-07:00,3,liking reposts,"PLEASE make it so if you accidentally like someones repost, the notification vanishes after you unlike it 😭😭 im gonna die of embarrassment",138
TikTok,835599320,GB,14264813501,2026-07-04T23:04:27-07:00,5,animated pictures in comments,you guys need to give me access to it i need it so badly would be nice if i had it,82
TikTok,835599320,GB,14264379368,2026-07-04T20:00:35-07:00,1,my review,"tiktok=horror app. ban peoples accounts without providing justified reasoning. when i was accused of being under 13, i provided proof of ID, yet my request was ignored and i received automated emails from a bot repeating the same thing.",236
TikTok,835599320,GB,14264361482,2026-07-04T19:53:27-07:00,1,“Share with” button is the worst,Used to love this app but that share with button popping up is the worst level of aids. Get rid of it,101
TikTok,835599320,GB,14264027569,2026-07-04T17:37:45-07:00,4,Problem,"Its a good app but the AI is ruining it stop making AI ads its the main problem of the world, Ai is using clean water. STOP USING AI",132
TikTok,835599320,GB,14263837198,2026-07-04T16:17:58-07:00,3,Get rid of the instant share button!,"Nothing bad to say about this app except from the instant share button! Why, when I like a video and I want to expand the caption or scroll, that massive button just pops up. And it picks the most random people to share stuff too! Like I haven’t spoke to you in months and I’m accidentally sending you an AI video it’s so embarrassing. I swear people must think I’m doing it on purpose but I hate this button so much. Please make an option to remove or make an unsend video button!",481
TikTok,835599320,GB,14263535461,2026-07-04T14:12:24-07:00,1,lock in,i failed my gsce’s because of this app. honestly it ruins ur attention span and your smartness don’t fall for the brainrot and lock in,134
TikTok,835599320,GB,14263294904,2026-07-04T12:41:24-07:00,5,Its great but,I was live playing piano and was talking about the xbox 1 and got age restricted and now cant go live although im 18!,117
TikTok,835599320,GB,14262929133,2026-07-04T10:37:09-07:00,2,Remove the share with option under videos,I cannot believe some Einstein thought it would be a genius feature. My suggestion is to take the designer and throw them into the pits of mount doom,149
TikTok,835599320,GB,14262918037,2026-07-04T10:33:38-07:00,1,Grooming,I got groomed and when i reported no action was taken.,54
TikTok,835599320,GB,14262615336,2026-07-04T09:02:11-07:00,1,TikTok,I have got age restrictioned for no reason,42
TikTok,835599320,GB,14262574266,2026-07-04T08:50:06-07:00,5,TikTok,Love it excellent,17
TikTok,835599320,GB,14261936385,2026-07-04T05:46:05-07:00,1,"Protect your mental health by avoiding this harmful, addictive app.","It might feel good in the moment, but our brains are not built to constantly receive pleasure this easily. Every time you see a new video, dopamine is released. Now imagine seeing 500 videos in under 30 minutes. Imagine what that does to your brain. Ever wondered why the things you used to love no longer interest you? Why you dont watch movies anymore? Why you cant focus on anything? Its because brains adapt. Our brains adapt to the constant influx of pleasure by increasing the “baseline”. This baseline means that things that once made you feel good dont give the same effect, because it doesn’t compare at all to the dopamine (happy hormone) that you get in the same span of time. So you end up neglecting the things that really matter. Real dopamine. Please, protect your mental health and don’t download this. If you already have, delete it. And never get it back.",873
TikTok,835599320,GB,14261877976,2026-07-04T05:27:48-07:00,3,BAD UPDATE,IT CHANGED THE PROFILE LAYOUT ITS DIFFERENT ITS BAD THEY SHOUKD CHANGE BACK BAD BAD BAD :(,90
TikTok,835599320,GB,14261775414,2026-07-04T04:54:22-07:00,4,Tiktok,Tiktok won’t let me gat viral right now. And it’s not letting me reach tiktok right now,87
TikTok,835599320,GB,14261478431,2026-07-04T03:06:49-07:00,5,age restriction,"please take the age restriction off both my accounts please i am over 18 , adzotr0 and adzotr1",94
TikTok,835599320,GB,14261441724,2026-07-04T02:52:40-07:00,3,Issues,"Having issues with the new update (done this morning), I keep getting no internet connection but there’s absolutely nothing wrong with it I’ve ran a speed test my side, it’s the app it just isn’t running properly at all can you fix this ?",238
TikTok,835599320,GB,14261376293,2026-07-04T02:27:07-07:00,1,one star at the minute for one reason,"my recommendation sounds are very…. roboty.
they are glitching and now i have bad songs when i used to have really good ones . it has been ages since it came and ut wont go",172
TikTok,835599320,GB,14261354736,2026-07-04T02:18:44-07:00,2,Bruh,Not opening i loved this app so annoying closes when I try open usually after seven or five or ten seconds it’s annoying fix this please,136
TikTok,835599320,GB,14260993851,2026-07-03T23:54:54-07:00,2,Gross,"This is an ok app and fun to use but it NEVER pays attention to my needs!! I have reported countless things including an adult man joining a little girls (7-10 years old) live and telling her he loves her and not leaving when she said many times to go away. It was disturbing and gross to watch and I really hope she’s ok but I’m almost as angry at this platform. It was plain to see he was a horrible person but you didn’t listen to me, you probably didn’t even check. Update: I saw NSFW art, reported it, and somehow it didn't get removed?! There are children on this app! You people are sick and greedy!",606
TikTok,835599320,GB,14260962136,2026-07-03T23:42:03-07:00,1,The Worst Customer Service,"possibly the saddest excuse for customer service on any app ever? first of all the concept of AI generated customer service is absolutely insane to me, but these support tickets just take too long. i have tried using these support tickets before and never had any problems be resolved. but those were with small issues, however my account was hacked so i submitted several support tickets, thinking maybe if it’s a bigger issue like this they’ll respond, only to have them all ignored and the problem wasn’t resolved even after 2-3 days of waiting for responses. and the fact this is the only point of contact when dealing with issues?  no live chat or even human contact, just AI generated responses that never actually resolve the customers issues, this is genuinely inexcusable.",781
TikTok,835599320,GB,14259957285,2026-07-03T17:10:21-07:00,1,Assault,This app RAPED me,17
TikTok,835599320,GB,14259738859,2026-07-03T15:44:28-07:00,2,Protect disabled people,Go back to Musically guidelines you get warning for saying be kind for disabled people when people on livestream do hate when it’s a crime and laughing in comments,163
TikTok,835599320,GB,14259736984,2026-07-03T15:43:41-07:00,1,Tiktok,It’s really glitchy and bugs out a lot it’s not letting go into the app nd is bugging,85
TikTok,835599320,GB,14259454619,2026-07-03T13:57:28-07:00,3,logged out,i have just been logged out of my account but overall this app is extremely fun and i could sit on it all day it’s insane,121
TikTok,835599320,GB,14259409401,2026-07-03T13:40:41-07:00,5,Amazing app,I think you should give me the update (I’m in the uk and the update hasn’t came yet and idk if it’s just me but yeah),117
TikTok,835599320,GB,14259338897,2026-07-03T13:15:44-07:00,3,Could be better?,"So, every time I try to go into Tiktok, I have the problem of it kicking me out. I try the same thing and everything that YouTube tells me. Please try to fix this",162
TikTok,835599320,GB,14259304500,2026-07-03T13:03:52-07:00,2,User services,My account was permanently banned I had so much on it and when I asked why I had been banned they said that they wouldn’t tell me it’s such a joke it’s a real shame as I actually enjoyed using the app but this has just made me feel like they don’t care,252
TikTok,835599320,GB,14259060015,2026-07-03T11:42:30-07:00,1,Patrik,No bloc,7
TikTok,835599320,GB,14259004917,2026-07-03T11:24:54-07:00,2,To many sluts,Stop the naked girls,20
TikTok,835599320,GB,14258892895,2026-07-03T10:49:58-07:00,1,Share with button,Terrible function at the bottom of videos which sees a “share with” icon with people you follow that can be accidentally pushed if you try to click on the more description icon for the video. Needs removing completely. I don’t want to accidentally share videos with people I don’t know just because I happen to follow their content.,332
TikTok,835599320,GB,14258634896,2026-07-03T09:33:27-07:00,4,TikTok,Excellent app but a bit hard to navigate,40
TikTok,835599320,GB,14258303925,2026-07-03T08:02:42-07:00,3,"Incredibly fun app, terrible moderation.","I’ve noticed a problem with TikTok’s moderation lately. I believe it’s somewhat homophobic. I have left a few COMPLETELY harmless comments which TikTok has removed and denied my appeals of for seemingly no reason.

These comments are not sexual in nature, are not violent or attempting to scam people nor do they bully anyone. The only possible “wrongdoing” of these comments is that they vaguely link to the LGBTQ community. 

Do with that information what you will.",467
TikTok,835599320,GB,14258206776,2026-07-03T07:36:41-07:00,1,tiktok crash,Tiktok keeps crashing the moment I get onto the app it takes me out of it I’ve deleted the app and re downloaded it but it doesn’t work I’ve even seen my phone storage and it’s nothing on my phone it’s just the app and I’ve tried everything but nothing works,258
TikTok,835599320,GB,14257704742,2026-07-03T05:15:38-07:00,1,My app not open,What happened to my TikTok application not open,47
TikTok,835599320,GB,14257331335,2026-07-03T03:09:09-07:00,1,Not opening on iPad app,"Uninstalling was the best way to go, but by doing that I would lose all my drafts on my iPad. I even offloaded it, and then re installed but it still wouldn’t open. 

I finally tried uninstalling it completely, then reinstalling it, and it still won’t open.",257
TikTok,835599320,GB,14257180287,2026-07-03T02:10:41-07:00,1,Could do with some moderation and less bias towards pushing hate,Really not what it used to be when china owned it. New owners have a lot to answer for and are clearly agenda driven to cause division and spread miss-information.,163
TikTok,835599320,GB,14256929265,2026-07-03T00:28:55-07:00,5,Hello,Hello all I love this app think you should get it’s such a babe,63
TikTok,835599320,GB,14256886731,2026-07-03T00:11:30-07:00,1,Awful moderation,The app allows obvious dog whistles and literal gore tags but god forbid you try to dm someone because you’ll get banned,120
TikTok,835599320,GB,14255829629,2026-07-02T17:26:30-07:00,2,Took away my add to story button but only for my own posts and keeps suppressing my views,I opened a ticket to resolve this issue but all I got was the same advice I’ve been given before even after I said that I tried thier advice I just rlly want my add to story button back,185
TikTok,835599320,GB,14255563110,2026-07-02T15:46:13-07:00,3,everyone has this but me.,"for months and months i’ve been waiting for the photo update, every update i hope i get it and end up not getting it on a specific account. on every account but 2 accounts have it specifically my main account. i don’t want to keep changing accounts just to send a picture, please fix this.",289
TikTok,835599320,GB,14255301011,2026-07-02T14:08:50-07:00,3,TikTok not working,"All of a sudden TikTok has stopped working on my tablet Dispite it’s compatible for this app. Works fine via android on phone
1 star rating for tablet issues. 5 star for phone so 3 star.
I’ve tried uninstalling app and reinstalling it. Rebooted Tablet
Anything else I can try ?",277
TikTok,835599320,GB,14255146631,2026-07-02T13:15:26-07:00,1,App crashing on iPad2 iOS 15.8.8,"App keeps crashing, even after offloading and deletion/reinstall of app. Even reset iPad but still not working. Reading up on various forums online suggests this is a wider issue for some time. When can we expect this to be resolved?",233
TikTok,835599320,GB,14254989982,2026-07-02T12:23:45-07:00,5,Just won’t goon!!!,"There is no goon content, absolutely ridiculous - one star",58
TikTok,835599320,GB,14254959199,2026-07-02T12:13:43-07:00,1,I love TikTok,"I love TikTok and I use it to promote my art all of the time. However, recently the app has not been working for me at all. I click on it and it just comes up with the logo before crashing. This has been happening for days. I don’t know how to fix it as when I went on the website it only said how to fix issues while in the app… which will not open. Other than the fact that it won’t work, great app.",401
TikTok,835599320,GB,14254804562,2026-07-02T11:24:52-07:00,5,So good!,Brilliant!,10
TikTok,835599320,GB,14254286719,2026-07-02T08:54:15-07:00,4,Pleaseeee helpppp meeeeee!!,Tik tok is great but recently when I don’t wanna open messages and I accidentally do it’s a bit frustrating I really want there to be this button to say “ un read message” I would really appreciate that and also again if I accidentally send a message to someone that I wasn’t ment to send them I can’t undo it please listen to this because it will be very useful,362
TikTok,835599320,GB,14254112051,2026-07-02T08:07:25-07:00,1,Fix AI Moderation,"i got banned for apparently being an AI. They believe this because  of me sspam posting images on my story like no tf im not hello?  and when i appealed they made the ban permanent.. and they still think im ai. fix your stupid moderation, and unban my account! (pearly.whiteszz)",278
TikTok,835599320,GB,14253751889,2026-07-02T06:32:26-07:00,3,TikTok,Hi I have had TikTok for ages now and it worked fine but now I cannot open the app on my iPhone 7 it just stopped opening and I don’t know why I think this needs fixing Luther than that TikTok is a great app,207
TikTok,835599320,GB,14253664025,2026-07-02T06:08:11-07:00,1,H,Were the fuco is my highlight,29
TikTok,835599320,GB,14252999759,2026-07-02T02:33:18-07:00,5,Viewing comment issues.,Everything for me it working but whenever I go into the comments and press more to carry on reading underneath someone’s comments when I get off it I can’t see anyone else’s comments. It just goes blank.,203
TikTok,835599320,GB,14252452418,2026-07-01T22:52:17-07:00,3,Unable to open,"My TikTok keeps on lagging and it resets when i press on it,
I’ll press on the app and wait and it’ll show me the TikTok waiting screen and then go back to my Home Screen 

Please fix this TikTok",195
TikTok,835599320,CA,14293057366,2026-07-11T23:44:41-07:00,5,Comfort zone,"TikTok was my comfort zone, before my mother thought it was toxic and took it away from me. I felt happy and free, I reposted relatable content and I felt happy!",161
TikTok,835599320,CA,14292486550,2026-07-11T19:47:03-07:00,4,Ok,So it’s ok but there is this new mode and it calling and I didn’t get it 😓😓😓,76
TikTok,835599320,CA,14292451857,2026-07-11T19:33:58-07:00,1,J’arrive ps à l’ouvrir,Quand je l’ouvre il me fait attendre et me fait sortir alors que avant j’avais pas de problème,94
TikTok,835599320,CA,14292370983,2026-07-11T19:03:39-07:00,5,Report,Hello there has been a video made by a user sintresting 😭😭or how I remember their user/ nickname one of their videos is a inverted picture of a man who got his face ripped off and it is very disgusting that they posted that video when there are minors / young teenagers 13-15 on this app. But I sadly Didnt report it on a account IVE reported with no account sorry if it didn’t go through as easily as if it was made with a account because i couldn’t access my main it has been on this app for a long time and sometimes children younger than the age requirement can access that it is very disgusting because my cousins that have access who are younger than 13 can see it and I’m worried for their mental health,710
TikTok,835599320,CA,14292227463,2026-07-11T18:10:35-07:00,1,gay gay,i’m so gay,10
TikTok,835599320,CA,14291710302,2026-07-11T14:50:52-07:00,1,Bugs and glitches,Won’t let me do anything and treats me like a baby. There are lots of glitches and bugs. It’s pretty brutal,107
TikTok,835599320,CA,14291317642,2026-07-11T12:28:11-07:00,1,Bruh,TikTok whys my fyp keep changing language and you keep deleting my comment but not the nasty post of haft naked girl or OF account showing kids 🤷‍♀️😒,149
TikTok,835599320,CA,14291064754,2026-07-11T11:02:13-07:00,1,It is so glitchy,It was soooooo much better with the old owner it also whenever I try to go into it the tick took logo comes on and then it just closes again,140
TikTok,835599320,CA,14290506542,2026-07-11T08:12:05-07:00,3,Tiktok,Every time I press on the app it goes on it and then it closes so I really don’t know what’s going on with it,109
TikTok,835599320,CA,14290036596,2026-07-11T05:55:46-07:00,5,Why,Don’t get me wrong I love TikTok but every account if mine gets banned and I’m 14 I just look younger cause of my height,120
TikTok,835599320,CA,14289132482,2026-07-11T00:16:14-07:00,2,Please fix,It says you need ios 14 to use but I ios15 and it doesn’t work,62
TikTok,835599320,CA,14288842772,2026-07-10T22:13:16-07:00,5,awesome sauce 👍,Awesome 👏,9
TikTok,835599320,CA,14287972494,2026-07-10T16:33:02-07:00,1,IT WONT LET ME UPDATE,I tried updating but I can’t update TikTok,42
TikTok,835599320,CA,14287800335,2026-07-10T15:24:28-07:00,1,WHATS GOING ON,the app won’t open anymore everytime I press on it it loads then puts me back in to Home Screen,95
TikTok,835599320,CA,14287605758,2026-07-10T14:10:23-07:00,4,What’s wrong with my TikTok,My TikTok will not allow me to open nor in TikTok on my phone it kicks me right off the app,91
TikTok,835599320,CA,14287558376,2026-07-10T13:53:17-07:00,1,How to get my friends tab back?,Every time I open TikTok where it should say friends it says discover! How do I get my friends tap back??,105
TikTok,835599320,CA,14287473727,2026-07-10T13:22:41-07:00,1,IA,"My video has been labeled as containing AI-generated content, but this is incorrect. The content is completely original and belongs to me. The photos used in the video were taken by me and uploaded directly from my gallery.

I did not use any artificial intelligence tools to create, generate, or edit these images. I kindly request that you review this label and remove it, as it may misrepresent my original content.

Thank you for your help.",444
TikTok,835599320,CA,14287403647,2026-07-10T12:58:24-07:00,3,Please Ban Kids Under The Age Of 10 to 16,"I think you should release an update where our children under the age of 10 to 16 will automatically get banned and from TikTok for lying about what their age is, but if their description says their d.o.b. is different, they will still get banned",246
TikTok,835599320,CA,14287148287,2026-07-10T11:32:43-07:00,2,Tako,Get rid of this tako ai thing please it’s genuinely so annoying,63
TikTok,835599320,CA,14286357028,2026-07-10T07:35:58-07:00,4,Fix it please!!!,I keep favouring my favourite videos so I can listen to the music and stuff but every time I go back to my account and I go on the favour button there’s nothing there so I really want you guys to fix the problem because I tried so many times even on my other account it doesn’t work. It keeps deleting the videos like you favoring. and I just made this new account and now it’s just having problems with me like And I tried putting my username in it kept saying I already put a username in when he was saying put a username in and it was empty and after I needed to restart TikTok over and over again and after a joke and I really want you guys to fix this problem because I am tired of this. It’s been a couple of days and this review is due on my last review. I’m gonna leave,777
TikTok,835599320,CA,14284188716,2026-07-09T18:11:19-07:00,1,I’m gay,Chiken,6
TikTok,835599320,CA,14283796804,2026-07-09T15:38:22-07:00,2,Not properly watching reported videos or content,"I reported a person for hating celebrity/idols in a disrespectful way and when I got an update on the situation, they said that there is no violation of the creator, being hateful and disrespectful, even though clearly people have been complaining about this person due to their disrespect, disrespectful and rude behaviour",323
TikTok,835599320,CA,14283091361,2026-07-09T11:34:38-07:00,3,Please fix the age issue,TikTok says that you are allowed to have an account when you’re 13 I am 14 and I have had multiple accounts deleted because I look young and even if I appeal the appeals never work please fix age issue,201
TikTok,835599320,CA,14282313314,2026-07-09T07:43:24-07:00,1,Filtre are bugging and sound generating doesn’t update,"This app is getting worse, my sounds aren’t generating, filters bugging and when I submitted a ticket they said ah because we are testing on accounts, why would u test with a bugging system ? Will delete soon",208
TikTok,835599320,CA,14281264836,2026-07-09T02:01:58-07:00,2,2026 profile update,"TikTok what the hell are you thinking? This might be the worst update I have ever seen an app make, the new profiles look HORRENDOUS. Change it back before you lose 80% of your users, this is horrible, looks disgusting, it was literally perfect before.",252
TikTok,835599320,CA,14280911763,2026-07-08T23:30:19-07:00,2,Обрезается последняя секунда видео,"Из-за какого-то нового обновления обрезается последняя секунда каждого видео, невероятно frustrating. Куча видео где на последней секунде панчлайны а теперь пол тт несмешные",173
TikTok,835599320,CA,14280759887,2026-07-08T22:25:05-07:00,5,TikTok comment section,"Lately when I post videos only some of the comments show up. Example I have 7 comments on my newest video and only 3 show up. I have everyone friended so I don’t know why it’s doing this. I have updated my phone, restarted it, etc… I’m not sure how to fix it. TikTok help out please. But other than that glitch/bug it is a fun app.",331
TikTok,835599320,CA,14280355067,2026-07-08T19:41:47-07:00,1,kicks me out,every time i try to open the app i se the loading screen for 20 seconds and then it kicks me back to home screen. this is very annoying and has been happening to me for the past few days. please fix this. other than this problem this is a very entertaining and fun app. please do anything to fix this issue. thank you.,318
TikTok,835599320,CA,14279694776,2026-07-08T15:29:58-07:00,5,no stickers,tiktok's an amazing app but for some reason i can't see other peoples stickers as in comments. even if i update the app i can't see them but all my other friends can,165
TikTok,835599320,CA,14279412047,2026-07-08T13:42:46-07:00,5,Best app ever!,Love this app so much!!!,24
TikTok,835599320,CA,14279401106,2026-07-08T13:38:43-07:00,5,The best,So good best app,16
TikTok,835599320,CA,14279396084,2026-07-08T13:36:53-07:00,1,HATE,Lots of hate and harassment,27
TikTok,835599320,CA,14278791288,2026-07-08T10:13:23-07:00,1,Stupid app!!,"Every time I search up something I really need,a WHOLE next thing pops up what’s wrong with your app fix it.",108
TikTok,835599320,CA,14278634887,2026-07-08T09:25:17-07:00,4,Love y’all,"Your all awesome, but I have to say I really love tt but every time I open the app it kicks me out",98
TikTok,835599320,CA,14276091630,2026-07-07T17:56:09-07:00,2,Can’t make an account,I can’t make a account because I’m not eligible I’m literally trying to get help from my friend and nothing is working pls fix the glitch or whatever but pls!!!,160
TikTok,835599320,CA,14276048264,2026-07-07T17:39:27-07:00,1,App Doesn’t Open,"App refuses to open no matter what on iPad Air 2, iPadOS15.8.8 just shows the logo for a few seconds before crashing. I’m unable to write a report within the app because I cannot access it.",189
TikTok,835599320,CA,14275301220,2026-07-07T12:57:06-07:00,2,it’s was lwky good,on the iphone 7 plus which i got it dont work,45
TikTok,835599320,CA,14274739290,2026-07-07T09:54:31-07:00,1,.,.,1
TikTok,835599320,CA,14274539980,2026-07-07T08:56:40-07:00,2,It want let me on the app,I got TikTok on my new iPad and it just  want let my open the app,65
TikTok,835599320,CA,14273520546,2026-07-07T03:49:01-07:00,1,Raising MB space,It used to be 909 mb now it’s 917,33
TikTok,835599320,CA,14272631251,2026-07-06T21:32:41-07:00,5,TikTok,Just amazing,12
TikTok,835599320,CA,14271828409,2026-07-06T16:18:34-07:00,1,Work app oat,"This app is literally a cesspool of hate and malicious intent. People get bullied on here for being black, gay, “ugly”, etc. People will send death threats to others over small things and addresses get leaked. We have 10 year olds with a horrible attention span worse than a 1 year old.",286
TikTok,835599320,CA,14271819912,2026-07-06T16:15:17-07:00,3,Amélioration à faire.,"TikTok est bon en général mais il y aurait quelque amélioration à faire. Comme pouvoir supprimer en un coup nos followers qu’on veux enlever et non un à la fois. Ensuite, avoir un bouton qu’on puisse supprimer nos republication. Et c’est pas mal sa merci.",255
TikTok,835599320,CA,14271678916,2026-07-06T15:20:16-07:00,3,Nice but…,"I love this app and all but every time I want to use the app, it only shows me the loading screen and after like a minute, it kicks me out! No matter what I do, it still kicks me out! I would rate this app 5 stars if you fix this glitch. Hope you read this :)",259
TikTok,835599320,CA,14270948529,2026-07-06T11:10:56-07:00,5,Please help,Well I downloaded it yesterday and it’s still not on my iPad,60
TikTok,835599320,CA,14270603922,2026-07-06T09:26:09-07:00,5,This is so gooddd,10/10,5
TikTok,835599320,CA,14270354464,2026-07-06T08:14:24-07:00,5,Kifah,Mahad,5
TikTok,835599320,CA,14270336815,2026-07-06T08:09:25-07:00,1,They ruined my favourite app.,Nothing but ai slop. Will the real tiktok please stand up.,58
TikTok,835599320,CA,14270299568,2026-07-06T07:58:55-07:00,3,It’s decent,Whenever I look at my notifications from the app it says I have like 30 notifications but when I go into TikTok I only have 2,125
TikTok,835599320,CA,14269250921,2026-07-06T02:10:51-07:00,5,Good,NYC,3
TikTok,835599320,CA,14124816040,2026-05-30T14:01:02-07:00,1,awful,horrible ai moderation,22
TikTok,835599320,CA,14124456520,2026-05-30T11:51:28-07:00,1,Bad,Bad,3
TikTok,835599320,CA,14123412772,2026-05-30T06:41:49-07:00,5,Read this pls,This a mid app Becuse u need to pay as soon as u open so it’s a scam but the vids are mid follow this guy[twinr0x,113
TikTok,835599320,CA,14123127769,2026-05-30T05:13:34-07:00,1,Caca,Cacacacacacacacacacacacacacacacacacaca,38
TikTok,835599320,CA,14122667877,2026-05-30T02:18:47-07:00,4,Comment section,Can we get a popular/recent tab in the comment section or top/recent or something,81
TikTok,835599320,CA,14121865838,2026-05-29T20:29:23-07:00,1,Remove the pop up share with button,"This “feature” is obnoxious. All I want is to open the caption but instead the share with button pops up just as I’m about to, so I send a video I never intended to. I understand that this app is about “engagement” but this kind of fake sharing makes me want to delete the app again. Remove this monstrosity, nobody likes it",324
TikTok,835599320,CA,14121811867,2026-05-29T20:06:54-07:00,1,Reporting system,"There is basically no reporting systems, while people are posting very inappropriate things.",92
TikTok,835599320,CA,14121630321,2026-05-29T18:54:45-07:00,1,found child porn.,yeah bad place on this app,26
TikTok,835599320,CA,14121417510,2026-05-29T17:32:33-07:00,1,They can now use your video ms voice and your pictures if  you don’t unclick the privacy settings!,"For every video now they can legally take your voice pictures and videos for ai if you don’t click on the three dots while you’re making the video, swipe right till you see a lock that says privacy and unclick give permission to ai to remix on every single video every time!",274
TikTok,835599320,CA,14121277920,2026-05-29T16:37:13-07:00,3,TikTok,"In my opinion I love tiktok and it’s a place to enjoy stuff, but why isn’t my streaks working? I’ve been texting 2 people for about 5 days straight and I still don’t have it? In my opinion it is pissing me off.",210
TikTok,835599320,CA,14121164320,2026-05-29T15:51:58-07:00,1,SAME JUNK OVER & OVER,"Nothing but ads and spam and junk. I hit ""not interested"" CONSTANTLY but it keeps showing me the same content. The filters are a joke I still get videos with tags I've filtered out, and I even get videos on my fyp from accounts I've blocked! Ridiculous! Fix this! Stop showing me junk I hate!",292
TikTok,835599320,CA,14118512645,2026-05-29T00:28:27-07:00,1,Stupid story thing,Stupid app won’t let me delete my stupid story draft that I ain’t even want button too high and my stupid screen is broken up there omg and this girl giggling under my bed is Annoying like be quiet stupid app better lower that button down why is it so high bugged applications app omg.,285
TikTok,835599320,CA,14117629458,2026-05-28T17:53:15-07:00,1,NO MORE SYNC WITH USERNAMES,I HAVE HAD THIS SO MANY TIME WHERE MY USERNAME I CHANGE TO SYNCS UP WITH MY NICKNAME AND ITS SO ANNOYING CHANGE THIS.,117
TikTok,835599320,CA,14117588322,2026-05-28T17:36:34-07:00,1,Fix the web,The website is so annoying you can only watch two reels and every two interactions it takes you to the app or it's spam say Download TikTok but like what if the app doesn't work on my device it's really annoying just let me peacefully use the web pls,250
TikTok,835599320,CA,14117580101,2026-05-28T17:33:14-07:00,1,Banned all my accounts.,TikTok banned all my accounts for no reason!! Now I can’t do anything even use the app! Please fix it! :(,105
TikTok,835599320,CA,14116743517,2026-05-28T12:14:06-07:00,4,Some problems,"The app is awesome but every time I found any bugs when I’m writing a comment in any video the comment NO ONE can see it, it’s so annoying so please try to find bugs early so I can’t see them",191
TikTok,835599320,CA,14116683116,2026-05-28T11:53:26-07:00,1,bug,cant even double click to like a video👎🏾👎🏾👎🏾👎🏾,46
TikTok,835599320,CA,14116675811,2026-05-28T11:51:01-07:00,1,New update,"The new update where it looks like Instagram, and when you go to share videos it covered the whole screen with profile pictures STINKS. It is impairing my view. Also when you hold down on the video for more options and can send it to people? Gone. No more of that. Why? I don’t know because nobody asked for it to be gone.",322
TikTok,835599320,CA,14116641018,2026-05-28T11:39:09-07:00,5,Awesome!,"While it's a very good app where I feel like I can belong and be myself, it's a VERY toxic community and the appitself has a bad moderation service. Overall, I enjoy it!",169
TikTok,835599320,CA,14115934842,2026-05-28T07:55:43-07:00,1,wtf?,"Edit: your reply was useless. Your “help centre” is just ai slop. You were not helpful in the slightest and I literally just said the account doesn’t exist anymore because YOU got rid of it. Do you understand??! I will NOT be making a new account. It’s just trash and I’m so sick of these automated responses. I want to talk to a real human being. 0 stars absolute garbage app. Do not download. 
I used this app for almost 5 years, the last 3 years I’ve posted my art and TikTok had no problem with my videos. This month, May 2026, I get a notification that my most popular video was reported (11k likes 90k+ views), appeal was approved and then immediately after I get a message that I’m “permanently banned from commenting” because I was “manipulating the algorithm” by “posting promotional content”. I have never done anything of the sort. Ever. I comment on dog videos. And instead of getting answers TikTok’s garbage AI system just sends me in circles. Wake up one day to see I’ve logged out of my accounts. When I try to log back in it says the account no longer exist. All I can say is, I hate Ai, I hate what the new owners have done to TikTok, if I could give 0 stars I would. Really, really disappointed with the way this was handled and I will NEVER make a new account. Not that you care. Your Ai system is absolute trash and a waste of fresh water.",1360
TikTok,835599320,CA,14114637839,2026-05-28T00:05:37-07:00,1,comments are deleted without notification,my comments with no explanation are completely shadowbanned and unviewable from any device that isn’t mine. this happens with no warning and it still shows up on my end. most of the time i genuinely cannot think of a single reason that the comment would be banned and because it’s not technically banned theres absolutely no appeals process,340
TikTok,835599320,CA,14114602787,2026-05-27T23:48:48-07:00,3,What a change ownership can make.,Meh,3
TikTok,835599320,CA,14114400474,2026-05-27T22:10:46-07:00,3,ok,tiktok is great and i love it but i hate how it always has some sort of bug. i used to always be able to make photo slide videos where you could swipe between photos now i suddenly can’t.. there’s literally ALWAYS something with this app.,238
TikTok,835599320,CA,14113046489,2026-05-27T12:53:06-07:00,1,Hate,All there is in this app is hate and harassment,47
TikTok,835599320,CA,14112782266,2026-05-27T11:20:13-07:00,2,titkok changed my audio without my permission and I need to change back cause I’m embarrassed,help me,7
TikTok,835599320,CA,14112357216,2026-05-27T08:59:18-07:00,1,Not Showing Highlight Option,"Respected Sir/Mam
My highlight option is not showing please solve that glich/problem as soon as possible….",106
TikTok,835599320,CA,14112211646,2026-05-27T08:14:07-07:00,1,TikTok has too many bugs,My date of birth shows I was born in 1992 but my account is locked because it thinks I’m under 16 and I lost 500+ day streaks and followers I can’t do anything anymore this is messed up and support won’t even do anything,220
TikTok,835599320,CA,14111078354,2026-05-27T01:30:24-07:00,1,Ai sucks,Why add a useless ai feature if you aren’t allowed to disable it.,65
TikTok,835599320,CA,14110387026,2026-05-26T19:58:55-07:00,1,TikTok is a murderer .,I am tremendously disappointed in TikTok. Because my voice was taken by TikTok. They banned me from talking to my family and friends without reason. When I went to submit an appeal they said they would get back to me in a WEEK my child cheese ball will perish. All because of ai systems. ONE STAR.,297
TikTok,835599320,CA,14110360256,2026-05-26T19:47:24-07:00,1,Too much forceful AI integration,"Been using TikTok since 2018 but I’ve officially deleted it

I’m so sick and tired of these social media apps shoving AI chat bots down our throats",147
TikTok,835599320,CA,14109644253,2026-05-26T14:55:37-07:00,1,sleep mode,why the hell did y'all add a sleep mode? We didn't need that just because we do scroll. Does not mean we need a sleep mode. Y'all better remove it before. Almost almost everyone deletes the app.,194
TikTok,835599320,CA,14109489885,2026-05-26T13:55:32-07:00,4,Funny app,Spoony spoonicus is funny,25
TikTok,835599320,CA,14109365854,2026-05-26T13:09:51-07:00,1,Gone downhill,Heavy moderation and ads,24
TikTok,835599320,CA,14108999587,2026-05-26T11:01:35-07:00,1,scam,"i paid for a promotion and they denied it because it didnt pass the review and thats fine but i figured that i would get my money back because i didnt get the  promotion but they kept my money, scammers",202
TikTok,835599320,CA,14108256963,2026-05-26T07:07:48-07:00,1,Share popup,They have a popup to share videos at the bottom of the screen. When you go to look at the write up you inadvertently share the post with a random friend. This is intentional. Bs,177
TikTok,835599320,CA,14107851851,2026-05-26T04:59:54-07:00,1,TikTok Guidelines,"The most useless app ever. Constantly platforming p3d0philes but because I used the word ""murdered"" I am in the wrong ??? Your app is absolutely pathetic.",154
TikTok,835599320,CA,14107209925,2026-05-26T00:27:32-07:00,1,Annoying,Still no friends tab,20
TikTok,835599320,CA,14106480503,2026-05-25T18:44:00-07:00,5,TikTok,It’s fun to relate to people and make videos,44
TikTok,835599320,CA,14105740475,2026-05-25T13:47:53-07:00,1,Its saying that is update but its not i wanna do highlight on TikTok all my friends have but i cant,.,1
TikTok,835599320,CA,14104960987,2026-05-25T09:27:09-07:00,5,Top,I love TikTok. It gave me confidence to start my business and showing off more of me doing my work !,100
TikTok,835599320,CA,14104724402,2026-05-25T08:16:23-07:00,5,Video,Very good,9
TikTok,835599320,CA,14103842102,2026-05-25T03:31:20-07:00,5,Your excellently,Ninety years,12
TikTok,835599320,CA,14103579468,2026-05-25T01:36:32-07:00,1,Age Verification Still Not Fixed After Months,"Won’t even let me go live, even after I confirmed my age with my ID. Said it would be fixed within 48 hours and nothing changed. I can’t even view some people’s accounts because of “age restrictions,” and my second account has been stuck on “account not recommended” for MONTHS. Tried appealing multiple times and it either won’t let me or nothing happens. The support system is honestly terrible and no one seems to actually help. What is going on.",449
TikTok,835599320,CA,14103157150,2026-05-24T22:13:46-07:00,1,Fix it dummy,Can’t even follow people eating my brain,40
TikTok,835599320,CA,14103151584,2026-05-24T22:11:01-07:00,1,App is broken,"I have ‘standard video playback’ turned on, which is meant to turn off the super bright HDR videos however it’s not working.",124
TikTok,835599320,CA,14103039530,2026-05-24T21:16:38-07:00,2,Nightmares,"Something about the Tik Tok app feels very user unfriendly. Audio was added to my video when I uploaded it but my video already had a song in it. When I deleted the video and re edited, I found the added audio but it wasn’t in an obvious place within the upload process. Other frustrating things include getting notifications about new posts from accounts I’ve apparently interacted with. That’s an awkward type of notification to get especially on a shared work account. Also, I haven’t been able to follow back my work account from my personal account which I’ve had for a few months…I’ve tried several times. It always shows I’ve followed successfully but the next time I refresh I no longer follow them. ALSO, I went to change the name of my personal account in the app and a pop up box with a small ticked “merge” option actually changed the name of my work account instead, which I couldn’t change back for 30 days. The app is a nightmare.",945
TikTok,835599320,CA,14102571239,2026-05-24T17:54:27-07:00,1,Glitchy,I love til tok but lately it so glitchy videos won’t play fully they freeze . They need to update it,100
TikTok,835599320,CA,14101922987,2026-05-24T13:32:55-07:00,3,Yes,Ok,2
TikTok,835599320,CA,14101528110,2026-05-24T11:14:18-07:00,1,Bought out by scammers,TikTok used to be great. Now it's a tool of the far right.,58
TikTok,835599320,CA,14100689572,2026-05-24T06:57:53-07:00,4,It’s a pretty good app,Yes there is hate but that’s at your own cost I personally love it my account is private so I don’t get as much hate and the feed is very personalized,150
Instagram,389801252,US,14312404122,2026-07-16T18:44:13-07:00,5,Ok,Not bad,7
Instagram,389801252,US,14312399658,2026-07-16T18:42:36-07:00,5,Wow,Love you,8
Instagram,389801252,US,14312382848,2026-07-16T18:36:27-07:00,1,Privacy nightmare,Pirated all my contacts even after I explicitly denied access. Wouldn’t allow me to load content with a vpn. Only good thing about this app with the amount of Jonathan Haidt content telling me to delete the app. So I did.,221
Instagram,389801252,US,14312350021,2026-07-16T18:24:17-07:00,1,smh,my account of (idk how many years but def over 10) got suspended then disabled after appealing for child exploitation??? i didnt even do anything like that bruh smh,164
Instagram,389801252,US,14312343172,2026-07-16T18:21:45-07:00,1,Problem,"The app doesn’t allow me to use the new features. I’ve updated the app, but I still don’t have Friends Reels, and I’m also missing some of the new tools.

I hope I can get some help. I reported this issue over a year ago, but I still haven’t received any response.",264
Instagram,389801252,US,14312312330,2026-07-16T18:10:11-07:00,1,I wish I can give them 0 stars,"So this app change in a matter of days. I don’t know what a meta is. So I’m guessing it’s ai. My account @iamtokyoleee,which I had for many years got disabled for no reason. Saying I was asking for money when I haven’t and I be doing my zoom class. I use my platform to post funny memes. It’s so annoying at this point. One thing for sure. I’m not making another ig account. Once someone come with a site. I’m signing up. I had to deactivate my Facebook in fear of losing that too. If I was you, I wouldn’t download the this. And if u do. Don’t post, the meta what ever it is, is AI AND WILL DELETE YOUR ACCOUNT. ig is not the same and I’m happy they took my account. Ig has been depressing lately. You see fighting post, girls gone wild, drunk ppl on their, etc. But yet they didn’t take their page down.",805
Instagram,389801252,US,14312296235,2026-07-16T18:04:11-07:00,5,Still a great Tool,Was ready to start selling on line and IG was awesome till they changed the rules... can’t remote my cocktail shaker lamps because they promote alcohol! WTH?!?,159
Instagram,389801252,US,14312294295,2026-07-16T18:03:27-07:00,1,MUSIC NOT WORKING,Why can’t I add regular songs to my stories any more or connect my Apple Music,78
Instagram,389801252,US,14312246475,2026-07-16T17:45:28-07:00,1,.,It keeps suspending my account for no reason saying I showed inappropriate content and I have not showed anything Inappropriate on social media and I guess it’s a ai meta thing so I don’t like instagram anymore and I will not be using this app ever again .,256
Instagram,389801252,US,14312232731,2026-07-16T17:40:15-07:00,4,Ayuda,"Estoy teniendo un problema con la función de Instantáneas. Cuando intento usarla, aparece el mensaje: “Esta función no está disponible en tu dispositivo”, aunque uso un iPhone 13 Pro con iOS 26.5.2 Además, ya cambié la región de mi Apple ID y App Store a Estados Unidos, pero el problema sigue igual. He actualizado la aplicación y el sistema, pero la función continúa sin aparecer o no me permite usarla agradecería que revisaran mi cuenta o este problema y, si es posible, me indicaran cómo solucionarlo",505
Instagram,389801252,US,14312202949,2026-07-16T17:29:07-07:00,5,Live,Amazing,7
Instagram,389801252,US,14312189931,2026-07-16T17:24:11-07:00,5,Part time Entertainment,Best app for daily life,23
Instagram,389801252,US,14312171880,2026-07-16T17:17:11-07:00,1,Insta,Very overwhelming,17
Instagram,389801252,US,14312158824,2026-07-16T17:12:17-07:00,1,AI,The AI assistance is make this application so bad by disabling accounts for no reason and if this keep continues you will lose all of your users for tiktok and snapchat application so hire some real person and solve your problems depend on human not on AI Thanks.,263
Instagram,389801252,US,14312157260,2026-07-16T17:11:42-07:00,5,This make me chill,This is so cool I like this app and I’m gonna to buy something on here thank you very much Instagram,100
Instagram,389801252,US,14312103592,2026-07-16T16:50:56-07:00,1,Password incorrect,"I can’t log in my acc in the app because it says that my password is incorrect but when i log in in safari it let me, fix your app, im not the only one with this problem.",170
Instagram,389801252,US,14312090567,2026-07-16T16:45:45-07:00,5,Inspired,The posts here on Instagram are so inspiring and informative,60
Instagram,389801252,US,14312085287,2026-07-16T16:43:38-07:00,1,Addictingly Negative,"If you want to live a peaceful life, delete this app, just nothing but negativity in every single facet of everything. I just want to laugh but all I get shown is peoples negative experiences and worst case scenarios. Get your time back, delete this and all other social media. It’s made to be addicting",303
Instagram,389801252,US,14312083427,2026-07-16T16:42:54-07:00,1,Meh,Meh,3
Instagram,389801252,US,14312081385,2026-07-16T16:42:06-07:00,3,"The ads, the algo",Still enjoy it as long as I stay on the “following” page only,61
Instagram,389801252,US,14312048044,2026-07-16T16:29:04-07:00,1,App works fine but the AI moderating and appeal system is atrocious,Instagram will ban you for absolutely no reason and you cannot appeal it due to no humans being on the review team. The AI will ban you for something you never did and you cannot appeal it. I lost my account of 10 years and my account of 2 years for a lie by the META flagging system. Terrible app,297
Instagram,389801252,US,14312045612,2026-07-16T16:28:08-07:00,5,Love it,Number one app on my phone for sure for sure,44
Instagram,389801252,US,14312021941,2026-07-16T16:18:51-07:00,1,Notifications,"Why instagram is limiting the notifications? I’m not able to reply to the comments on my content, what y’all trying to do? This is not good for content creators…",161
Instagram,389801252,US,14312005858,2026-07-16T16:12:28-07:00,2,Editing and making content could be improved,"When posting videos, the video from your draft and current video will both play at the same time. If you make a post, then delete it. It deletes the draft! I had to start all over because I wanted to edit something. Very clunky and tedious from all aspects. Not an enjoyable experience for an app made for sharing content.",322
Instagram,389801252,US,14311979206,2026-07-16T16:02:03-07:00,1,Not user friendly,You should be deciding who gets to see my posts. If I post it all of my followers should see it. I shouldn’t have to pay you for that. Shame on you.,148
Instagram,389801252,US,14311955587,2026-07-16T15:52:45-07:00,1,ONE STAR,ONE STARRRRRR,13
Instagram,389801252,US,14311947120,2026-07-16T15:49:25-07:00,5,Brand,Great branding and marketing platform.,38
Instagram,389801252,US,14311945943,2026-07-16T15:48:57-07:00,5,"Filtered, Sexist, and Steals","Many people were against their stance on ai and now that people are having to their work stolen or defaulty taking are work based on a the fact that we probably don’t go out of our way to change the settings without permission (everyone is struggling with their work being taken without their permission (stolen)). As for the sexism, when a man is using words to avoid the algorithm, a lot of women cannot defend their stance when it’s clear they’re being sexist towards a particular group and it’s clear that the app is making it easier for them to this. We can’t even talk politics or humanitarian rights without pointing out a marginalized group’s struggles without the system flagging it as hate. I mean tbf I hated the app already when they kept changing the ui of it but now it’s blocking our words and content, even if we’re talking about war. Look before I would have given you 3 stars even if your app sucked but it’s clear you don’t want to even defend those who need it.",981
Instagram,389801252,US,14311935652,2026-07-16T15:44:54-07:00,1,Kept getting suspended for no reason (fix yall meta Ai.!!),I give this review a ONE out of five because y’all kept suspending my Instagram account. I didn’t do nothing. I didn’t put my face on there. I’m 13 years old. My birthday is July 2 July 13. I just turned 13 and I’m old enough to have Instagram and I kept spending my Instagram account like I did something I didn’t do anything y’all need to fix your AI so I could keep my Instagram because it’s getting out of hand. I made too many accounts just for y’all to suspend it,469
Instagram,389801252,US,14311888986,2026-07-16T15:26:53-07:00,5,Super,"Con el nuevo líquid Glass se ve mejor, solo falta mejorar que ahora todo se vea en ese misma forma",98
Instagram,389801252,US,14311850372,2026-07-16T15:12:02-07:00,1,It did not work,It did not work for me,22
Instagram,389801252,US,14311824407,2026-07-16T15:02:05-07:00,1,Auto scroll,Me quitaron el autoscroll 😭,27
Instagram,389801252,US,14311736813,2026-07-16T14:29:11-07:00,1,Rule,"I don’t have the updates, bad app.",34
Instagram,389801252,US,14311715897,2026-07-16T14:21:26-07:00,1,Help,I have instants in all my accounts but not in my main account 😭😭help me pleaseeeeeee i need instants,100
Instagram,389801252,US,14311711682,2026-07-16T14:19:55-07:00,5,مشكلة بسيطة,اتمنى اخفاء من اتابع ومن يتابعني,32
Instagram,389801252,US,14311701979,2026-07-16T14:16:25-07:00,4,Problemas con las historias,Estoy teniendo problema con las historias porque se repiten la misma historia  indefinidamente a menos que manualmente pase una por una,135
Instagram,389801252,US,14311698379,2026-07-16T14:15:06-07:00,5,Marvin Rosa Drums,Lo mejor que hay es Instagram libra por libra aquí puedo tener acceso a todo y comprar y dar promo a mi música,110
Instagram,389801252,US,14311644681,2026-07-16T13:55:40-07:00,1,AI slop everywhere,Yuck,4
Instagram,389801252,US,14311599700,2026-07-16T13:39:17-07:00,3,Silence/Hide notifications on comments/posts won’t work,"When I tap the 3 dots next to a notification, it won’t let me see the options. I want to shut off and hide notifications for certain posts so I don’t keep seeing them, but it won’t let me. 

I have some comments that are getting lots of likes and I don’t need to keep seeing the same notifications on top of my list every time a new like happens in perpetuity.",360
Instagram,389801252,US,14311560308,2026-07-16T13:25:05-07:00,1,Horrible app,"They’re meta ai software is the worst thing in the world and there is absolutely 0 human support, these ai systems will flag your account over any and everything and once your flagged it’s impossible to get it corrected everyone rate this app 1 star until they actually do something about this
Insta please give the account back @345.flako_",340
Instagram,389801252,US,14311476066,2026-07-16T12:55:26-07:00,1,HORRIBLENESS,"The Ai meta reviewers are HORRIBLE, they ban my accounts within a day even tho i don’t even get to post. Instagram FIX IT!!!!",125
Instagram,389801252,US,14311475644,2026-07-16T12:55:17-07:00,1,Привет,Почему я не могу репостить историю других к себе в историю !!!!,63
Instagram,389801252,US,14311448782,2026-07-16T12:45:59-07:00,1,I had to take a break from this app,"The newer updates to the “for you” has it so that there are photos that would actually interest me and that are related to tags I follow, then the other half of the page is the “trending” photos and pics from pages I’ve never even followed, but they are there because the Insta user is popular. So many ads and the format is terrible for my hands. I can’t open up someone's caption on their photo, the app jumps down to the next pic. The reels page is so dull and monotonous. The algorithm is terrible every time I’ve got it so that the app knows what I’m interested in there’s a new update to the app and it’s ruined.
Message notifications arent sent out until hours later. 
The tabs on the story are switched without my knowing and the constant shoving-in-my-face of the ""newest AI feature!!1!!1"" is tiring. The constant buffering and promise of better faster performance, when all the app does is clog up my systems memory.
I can't even post my pictures on my own story now, which is top 3 reasons I've kept the app around.",1026
Instagram,389801252,US,14311436007,2026-07-16T12:41:37-07:00,1,All ads and reels,Scrolling through users feed is an ad or reel for every post from someone you follow. Can’t see my friend’s content anymore.,124
Instagram,389801252,US,14311423079,2026-07-16T12:37:13-07:00,5,Instagram,"I want to know why you are saying that my instagram
account is deleted from my phone. Please help me recover my account back immediately. You have the wrong person and I tried someone has hacked my account. Instagram is still not working fixed the problem now please. It is not letting me login to instagram. I am still having issues with instagram account. I am still having trouble with my instagram account why is it disabled again. I want to download instagram.",465
Instagram,389801252,US,14311396799,2026-07-16T12:28:12-07:00,5,Love Instagram,Love using this app it’s so amazing,35
Instagram,389801252,US,14311395526,2026-07-16T12:27:45-07:00,1,Personal account,Why I can’t get the transparent update ? I still trying but nun happening,73
Instagram,389801252,US,14311362536,2026-07-16T12:16:40-07:00,1,restricted my account for no reason,"i rarely open instagram to begin with and when i do i scroll through reels and stories, tell me why instagram is restricting my account for the third time now",158
Instagram,389801252,US,14311340537,2026-07-16T12:09:18-07:00,5,Growing fast,Instagram gives great tools for growing social media presence!,62
Instagram,389801252,US,14311275552,2026-07-16T11:47:39-07:00,3,Great app terrible maintenance,I’ve been using this app for multiple years for personal & business means. I lost access to getting my photos so I can’t post anything I just updated it wtf,156
Instagram,389801252,US,14303467060,2026-07-14T13:17:02-07:00,1,ads,i am tired of seeing that stupid alright alright ad with this woman saying alright and then doing random sport stuff. i hate the other ad of this probably same woman going now you see me now you dont. its repetitive. how could you possibly only have 2 ads to use? ur rich as hell change it up. also the instagram comments suck. people are so toxic and nothing is being reinforced to get rid of toxic comments.,409
Instagram,389801252,US,14303463526,2026-07-14T13:15:49-07:00,1,REPOST??!!,Nobody that has Apple can see my Repost on my page. Android users can though. 🫤🤨,80
Instagram,389801252,US,14303449953,2026-07-14T13:11:10-07:00,1,All AI garbage,"Almost unusable. So many useless AI options, an algorithm that completely buries your posts, and on top of that a system where they can steal your work for their AI with no way to opt out. The only way this app is still functioning is through sheer monopoly over social media. Feels like it’s dying.",299
Instagram,389801252,US,14303415522,2026-07-14T13:00:10-07:00,5,🌿💞💞💞,عالی,4
Instagram,389801252,US,14303359128,2026-07-14T12:41:16-07:00,1,Stop showing sexual comments and pics,stop it,7
Instagram,389801252,US,14303336612,2026-07-14T12:33:42-07:00,3,frustrating,i wish that the algorithm would let more of my friend’s posts and creative work be seen. i wish that the algorithm would let more of my own posts and work be seen. i wish that my page would stop attracting bots.,211
Instagram,389801252,US,14303313856,2026-07-14T12:26:19-07:00,5,Instants not available,Instants are not available in my account sadly.,47
Instagram,389801252,US,14303312641,2026-07-14T12:25:56-07:00,1,Not showing my post to everyone,I posted but it only showed up for some people. Others it said “not available”. I checked my account and found no problem with my privacy settings and my account status. I filled out a report but still nothing!,210
Instagram,389801252,US,14303272658,2026-07-14T12:12:36-07:00,1,I am disappointed,I’m extremely disappointed that you suspended my Instagram and Facebook without giving me a definitive reason on why? I use it to communicate with family and how I even lost the memories I had on insta this is extremely disappointing and I dislike how you take what meta ai flags as actual threats knowing that there’s people who are doing worse on ur apps,356
Instagram,389801252,US,14303166137,2026-07-14T11:39:09-07:00,1,Paying for verification is a scam,"They will not let you talk to a human. I constantly receive errors, try again later messages. There is no way to contact them on desktop only through the app. I’ve reinstalled it several times, cleared the cache and it’s still not working. I’ve spend hundreds of dollars for this and I can’t use the one thing they promise when you pay for it. Complete scam",357
Instagram,389801252,US,14303158988,2026-07-14T11:36:53-07:00,1,Stop auto-resetting my feed,"I can’t imagine advertisers are happy with a company like yours that resets our feeds the moment we minimize the app. The amount of things I wanted to buy, but couldn’t, is virtually everything I’ve ever wanted to buy from Instagram because they reset my feed.",260
Instagram,389801252,US,14303132188,2026-07-14T11:28:22-07:00,2,Instagram,Instagram keeps suspendin my Instagram accounts for no reason n I had that acc for 12 years n they banned n I tried my best to keep that account but they took away n now I have to make a hole new account n they will never tell you why you got your account banned!,263
Instagram,389801252,US,14303064643,2026-07-14T11:06:59-07:00,1,Spam,Demasiadas publicaciones y notificaciones de hilos para que te unas.,68
Instagram,389801252,US,14303047974,2026-07-14T11:01:47-07:00,5,Ebiw,Ebiw,4
Instagram,389801252,US,14302983534,2026-07-14T10:41:38-07:00,3,Features,"Some people I know who have the same phone as I do have features that I don’t? like sending comments via dm, pausing reels. My app is up to date and so is my phone..",165
Instagram,389801252,US,14302907024,2026-07-14T10:18:09-07:00,1,Camera is horrible,No its not my phone just got the new iphone 17 pro max and when i use the instagram camera the video sucks makes the video like spazz out the focus on the insta app is horrible like stop focusing on the video just makes it all go crazy hate it,243
Instagram,389801252,US,14302888907,2026-07-14T10:12:30-07:00,5,Rating,I honestly like instagram and the available resources & tools they have definitely will recommend for businesses and creative professionals.,140
Instagram,389801252,US,14302878249,2026-07-14T10:09:20-07:00,5,Dope,Great app for marketing,23
Instagram,389801252,US,14302846443,2026-07-14T09:59:43-07:00,5,Good app,Very nice,9
Instagram,389801252,US,14302841910,2026-07-14T09:58:22-07:00,5,Thank you,100,3
Instagram,389801252,US,14302754448,2026-07-14T09:32:22-07:00,1,.,Instagram AI banned my instagram account for no reason 0/10,59
Instagram,389801252,US,14302746781,2026-07-14T09:30:06-07:00,1,Support doesn’t exist. Meta subscription for nothing,I’ve been trying for 8 months with an issue for my meta glasses that won’t work because it thinks I’m in another country and it has said error for an entire 8 months. I have not been able to chat to anyone. Broken. Waste of money,229
Instagram,389801252,US,14302656473,2026-07-14T09:03:45-07:00,3,Improvements,You guys indeed to make your Algorithm friendly to artists and Writers and not manipulators,91
Instagram,389801252,US,14302616835,2026-07-14T08:52:29-07:00,1,Garbage app,Nothing but celeb trash and people paying to advertise their posts. Doesn’t help business and does not get your ideas out there.,128
Instagram,389801252,US,14302616118,2026-07-14T08:52:16-07:00,5,I did like temu. But it will not take my new card only the old one. Please fix this ! It took to of,Randa Lynn,10
Instagram,389801252,US,14302602441,2026-07-14T08:48:19-07:00,1,UI COMPACT AND TERRIBLE,"TERRIBLE UI - CANT SEE CONTENT “Visit this profile,” AI search suggestions, “11/19” pictures — all of these are examples of features that are meant to be informative and engaging actually getting in the way of being able to fully see the video, reel, or image I’m looking at. Reconsider how this is set up",305
Instagram,389801252,US,14302577882,2026-07-14T08:41:16-07:00,2,Hide Suggested Reels and Post Not Working,The hide options of suggested reels and posts does not work and even though it is toggled on to hide them for a certain number of days they keep showing up.,156
Instagram,389801252,US,14302527723,2026-07-14T08:26:56-07:00,1,.!,"Esto está mal, Instagram va de mal en peor, está deshabilitando cuentas sin motivo (que porque infringimos las normas) eso es totalmente falso, habemos personas que no cometemos errores y nos las están quitando, espero que esto tenga solución ya! Si no poco a poco se va llenar de reportes y malas reseñas.",306
Instagram,389801252,US,14302370219,2026-07-14T07:42:54-07:00,1,Instagram will rot your brain,"Don’t use this app or anything like it. Social media is all filled with AI generated garbage. The algorithms are there to keep you addicted and detached from the real world. Delete your accounts. Give people your phone number instead of your social. Get out while you can. This stuff is slowly killing you. You’ll spend years of your life looking through a little screen at a virtual reality. The real world is out in front of you and you’re letting it slip away. Your kids will do the same as you. And their kids. Be the change. Boycott AI and social media. Live a real life. Enjoy food and people and moving your body. The government wants to keep their people dumb, poor, and sick. It’s time to wake up.",706
Instagram,389801252,US,14302330438,2026-07-14T07:31:51-07:00,5,Cómo dijo Luis Lizárraga en la madre,Gran Entrenador recomendado al millón,37
Instagram,389801252,US,14302290156,2026-07-14T07:20:41-07:00,5,Help !,Can yall please fix the messages failed to send problem I beg you .,67
Instagram,389801252,US,14302281437,2026-07-14T07:18:18-07:00,3,its good but,good app and all but keeps adding unnecessary updates nobody asked for,70
Instagram,389801252,US,14302251651,2026-07-14T07:09:55-07:00,1,Unreasonable account suspension,They suspend any account made after the first one suspended and there’s never a real reason given to why .,106
Instagram,389801252,US,14302234883,2026-07-14T07:05:14-07:00,5,5 stars,It the best app,15
Instagram,389801252,US,14302193861,2026-07-14T06:53:40-07:00,3,Age restriction,I love using Instagram but I hate that the app age restrictions me even though I’m well over the age. I tried fixing it but it doesn’t work. I don’t want to have to delete my account but this is starting to get really annoying.,227
Instagram,389801252,US,14302162636,2026-07-14T06:44:49-07:00,5,Fantastic,Amazing,7
Instagram,389801252,US,14302127515,2026-07-14T06:34:45-07:00,5,😊😊😊,Me gusta,8
Instagram,389801252,US,14302113034,2026-07-14T06:30:32-07:00,1,الولايات المتحدة,غير جيد ولا يتحدث لدي,21
Instagram,389801252,US,14302106951,2026-07-14T06:28:45-07:00,5,Good For Daily Use,"This is good for daily use, you can post stuff and stay in touch with friends. You can also promote your content on it which is what I do",137
Instagram,389801252,US,14302099190,2026-07-14T06:26:29-07:00,5,👳🏾‍♂️💣💥,Ur such a fing o i luv it,25
Instagram,389801252,US,14302029074,2026-07-14T06:05:55-07:00,2,Search is awful,"The search function is basically unusable at this point. Hashtags are useless. Can’t search for anything concrete, you’ll only receive what the algorithm wants to give you. Want to find a specific post? Too bad. Try your luck at the AI lottery again tomorrow. If you search for a hashtag, you’ll get a bunch of posts from 10 years ago that don’t even contain the hashtag and aren’t related at all.",397
Instagram,389801252,US,14301994254,2026-07-14T05:55:25-07:00,2,UPDATE,Update update update update update after update,47
Instagram,389801252,US,14301967726,2026-07-14T05:47:23-07:00,5,Love this app,It’s the dominant social media app,34
Instagram,389801252,US,14301942949,2026-07-14T05:39:59-07:00,5,Me,It’s so nice here,17
Instagram,389801252,US,14301867945,2026-07-14T05:17:05-07:00,1,Instagram glitch,It’s not letting me follow anyone it keep telling me to wait please help @unknownuser556ss_,91
Instagram,389801252,US,14301824737,2026-07-14T05:03:20-07:00,5,Option to add more than 20 photos,Thankful we can add 20 photos. But 30-40 would be nice. We went on a long trip to Portugal and I wanted to share more without making 3 separate posts,149
Instagram,389801252,US,14301775100,2026-07-14T04:47:25-07:00,1,Errores,No se puede acceder a los links a otros perfiles en las bios. No se puede acceder a ciertos links de sugerencias en el feed.,124
Instagram,389801252,US,14301719717,2026-07-14T04:28:41-07:00,4,.,"It’s a good app but , I don’t like how it limits the people I follow. The app doesn’t let me follow anyone back , and I need to connect with everyone.",150
Instagram,389801252,US,14301522908,2026-07-14T03:16:54-07:00,1,Please Restore My Wrongfully Disabled Account,"Instagram keeps suspending accounts that haven’t actually violated the Community Standards. This has happened to me twice. I completed the appeal, selfie verification, and identity verification, but my account was still permanently disabled. This account meant everything to me. I had a 109.1K professional dashboard reach and one of my original reels reached over 67K views. It contained my hard work, creativity, and precious memories. A misunderstanding led to my account being suspended, and I truly believe this was a mistake. It feels very unfair to lose an account I worked so hard to build. Please review my case again and restore my account. It would mean so much to me. Thank you.",690
Instagram,389801252,US,14301477742,2026-07-14T02:59:16-07:00,4,Bru,Okay so like I've been trying to change my age on Instagram because WHEN I set it up awhile ago I accidentally put in the wrong stuff and it GLITCHED and now my age is NOT accurate and I CANT even change it because I don't have WHATSAPP don't play with me right now bro. Why do I have to have WHATSAPP TO CHANGE MY AGE! Oh and istants are annoying,347
Instagram,389801252,GB,14274456729,2026-07-07T08:33:06-07:00,1,Araz,"Instagram has asked me for my videos, photos, and ID card more than a hundred times. Why? Why should I give you my personal information for you to misuse? I would never do that. I left instagram",194
Instagram,389801252,GB,14274449009,2026-07-07T08:30:54-07:00,5,Update problems,I have updated my instagram to version 437.1 But it’s still crashing  I can’t open the app please fix the problem fast. Thanks,126
Instagram,389801252,GB,14274398270,2026-07-07T08:16:31-07:00,5,Smashing it!,Love the Instagram set up bringing the world closer together and inspiring us all. Let's make it a platform of kindness and support with giggles and joy!!!🙏♥️🌈,159
Instagram,389801252,GB,14274159755,2026-07-07T07:09:33-07:00,5,Thank you,Excellent,9
Instagram,389801252,GB,14274083568,2026-07-07T06:48:02-07:00,4,Keeps crashing these past two days,I’ve always been a big user of IG but these past two days it has shut down as soon as I’ve pressed the app - have tried all available advice but nothing working,160
Instagram,389801252,GB,14273664379,2026-07-07T04:39:22-07:00,5,More engagement needed,"I love Instagram , over the last two months I have been getting a few followers. Which has been nice considering the work I put into my posts. I find Instagram helps me escape into a world interiors to share inspiration and get inspiration. I’m still only at 6100 followers. I deserve more . So please give me more followers. Thank you",335
Instagram,389801252,GB,14273640615,2026-07-07T04:31:16-07:00,1,broken update,Updated to the most recent version. The app crashes and closes to the homepage instantly on launch. It won’t open at all,120
Instagram,389801252,GB,14273625010,2026-07-07T04:25:59-07:00,5,Crash,"Hello, I am an iPhone X user currently running on IOS 16. Instagram started crashing when I open the app exactly after I updated it three days ago and the follow up update didn’t help either.When I open the app it instantly force closes with no error messages. I have tried reinstalling it,offloading it,powering off my phone and Turing it back on again and nothing has worked. I have 14.5GB of free storage so I know that it is not to do with that.Every other app that I use including Facebook and WhatsApp work fine so I know it’s not my Wi-Fi either and the instagram web version works fine aswell. Could you please make another update for IOS 16 people please as I would like to continue using instagram via the app.",720
Instagram,389801252,GB,14273544733,2026-07-07T03:57:42-07:00,3,Stopped opening!,Instagram App stopped working after version 436.0.0 did not work on 437.0.0 or 437.0.1 - my iPad version is 16.7.16 😥,117
Instagram,389801252,GB,14273349029,2026-07-07T02:43:05-07:00,1,New update,"New update broke the app, doesn’t even open anymore",51
Instagram,389801252,GB,14273288259,2026-07-07T02:18:12-07:00,1,Constantly glitching,"Doesn’t work you contact instagram but they still don’t fix the problem, I don’t use it to make content but I like to watch videos on subjects I enjoy. New update & it’s just crashing not even opening & all the robot responses are remove app reinstall turn your phone on & off make sure you have Wi-Fi, do they honestly think I’ve not tried everything pointless since they joined meta",384
Instagram,389801252,GB,14273106419,2026-07-07T01:01:41-07:00,1,CROSS DEVICE TRACKING CROSS DEVICE TRACKING CROSS DEVICE,WHAT IS THIS APP PLEASE AD I AM CONFUSED IS IT SNAPCHAT IS IT TIKTOK NO I DONT EVEN RHINK THIS APP EVEN KNOWS WHAT IT IS CAN YOU STOP ALL THIS NONSENSE 😂SO YOU ARE REMOVING THE FAKE ENCRYPTION THAT NEVER EXISTED FROM THR BEGINNING 😂YOU REALLY ARE A SHOW AINT YOU 🤡WHEN ARE PEOPLE GOING TO WAKE UP TO SEE WHAT THIS APP IS 🐑 SO YOU ARE COLLECTING DATA FROM ALL MY DEVICES EVEN THOUGH I HAVE EMAILED YOU MONTHS AGO INFORMING THAT YOU AND YOUR INJECTED ILLEGAL COOKIES THAT YOU PUT IN PEOPLES PHONES I DO NOT ACCEPT! YOU AND THAT NEVER-ENDING HOLLYWOOD SCRIPT YOU HAVE PLACED IN SETTING THAT YOU EXPECT PEOPLE TO CARRY ON A CRYSTAL MAZE TO TRY AND MAKE USERS LIFE IMPOSSIBLE TO CONTACT YOU IS A FAKE PRIVACY WE CARE ABOUT YOUR DATA SCAM! YOUR POLICY IS NOT CLEAR NEITHER IS THE FACT THAT YOU JUMP ON ALL MY DEVICES AND THINK IT EXCEPT-ABLE TO DO SO! BOTH YOU AND APPLE ARE WORTHLESS WITH FAKE PRIVACY POLICES THAT DO NOT EXIST!,923
Instagram,389801252,GB,14273073476,2026-07-07T00:47:29-07:00,1,working insta for business,my posts don’t get pushed to non followers so my business can’t grow and when i search for a song it never works it’s always the same music to pick from,152
Instagram,389801252,GB,14272929180,2026-07-06T23:44:04-07:00,3,Instagram is crashing,idk why after updating the app it keeps crashing,48
Instagram,389801252,GB,14272860703,2026-07-06T23:13:44-07:00,1,A danger to this world,150 million fake accounts and hate comments everywhere. Not recommended,71
Instagram,389801252,GB,14272793366,2026-07-06T22:44:04-07:00,1,Doesn’t work,Latest update no longer works on iPhone 11 and crashes while trying to open,75
Instagram,389801252,GB,14272388383,2026-07-06T19:52:43-07:00,1,Good but,"Instagram app is not work properly in my iphone x. I use latest version. Keeps crashing instagram .,,,",102
Instagram,389801252,GB,14272165615,2026-07-06T18:28:18-07:00,1,Instantly closes,"Every time I press on the app, it instantly closes. Literally cannot get into my account.",89
Instagram,389801252,GB,14271743521,2026-07-06T15:45:12-07:00,1,DO NOT GET,i’ve been using instagram for years now and i’ve loved it till my account that i had for 6 years had been banned for no reason. i made an appeal and they didn’t bother sorting it out. i also tried making new accounts but they also got suspended after a couple minutes. sort this out asap!!!!!,292
Instagram,389801252,GB,14271322198,2026-07-06T13:10:19-07:00,1,No use to the new filter gallery,Annoying as hell,16
Instagram,389801252,GB,14270720348,2026-07-06T10:00:47-07:00,5,Buraq horse riding school review,Awesome,7
Instagram,389801252,GB,14270645724,2026-07-06T09:38:23-07:00,5,Unable to open Instagram App,I have deleted and reinstalled the application twice but the problem persists..,79
Instagram,389801252,GB,14270243059,2026-07-06T07:42:59-07:00,5,Fix the crash in iphone,Well after the update I reinstalled instagram and it started crashing no matter how much I re-install. From youtube video it’s said that it’s out of our hand. Only the developer can fix this. We have to wait until the developer give next update. But I want now please help,272
Instagram,389801252,GB,14270051400,2026-07-06T06:48:33-07:00,2,My rewiew,I like watching reels on it But after the last update i cannot acces the app,76
Instagram,389801252,GB,14269893063,2026-07-06T06:01:35-07:00,1,iPhone X : Latest Version 437.1 Not working,"Cleared Storage cache and reinstalled, not working with IPhone X with iOS 16.7.16.",82
Instagram,389801252,GB,14269646948,2026-07-06T04:42:25-07:00,5,Not working….?,Used Insta the whole time…. But since the new x2 updates it’s not working…..?,77
Instagram,389801252,GB,14269536755,2026-07-06T04:03:31-07:00,2,Disappointed,"Well I honestly do not know what you have done with Instagram but I cannot get on the app, I click on it and it opens but then it closes straight away. I’ve tried everything but I cannot get on it. Also, I seem to have lost all my followers and people I follow, seems I have to do it all again. Well I won’t be, I HAVE COMPLETELY DELETED THE APP AND IT CAN STAY DELETED TOO.",374
Instagram,389801252,GB,14269295911,2026-07-06T02:29:15-07:00,2,Blury,Insta stories are blury when you add music and posts become blury after a couple weeks,86
Instagram,389801252,GB,14269188941,2026-07-06T01:44:51-07:00,1,I GOT HACKED AND INSTAGRAM DOESNT CARE,"so my account got
hacked out of nowhere, and I’ve been trying to recover my account for so long",95
Instagram,389801252,GB,14269078913,2026-07-06T00:57:52-07:00,4,Very,Good,4
Instagram,389801252,GB,14268579221,2026-07-05T21:17:04-07:00,3,Logged me out,"Instagram logged me out, I have tried everything for the past three days but it isn’t working.",94
Instagram,389801252,GB,14268463317,2026-07-05T20:29:01-07:00,5,Content,I love this platform it’s the best and wish the virals,54
Instagram,389801252,GB,14268453463,2026-07-05T20:25:01-07:00,1,id ban,no reson id ban 💔,17
Instagram,389801252,GB,14268154799,2026-07-05T18:26:51-07:00,1,App crash,The app won’t open its closing when I clicked on it,51
Instagram,389801252,GB,14267990260,2026-07-05T17:24:25-07:00,1,The latest update didn’t help,"I have updated Instagram to its latest version and I still can’t get into it. I tried uninstalling and reinstalling the app but it didn’t work, and I tried shutting off my phone and turning it back on and it still won’t let me in.

Please PROPERLY FIX THIS ISSUE",262
Instagram,389801252,GB,14267722952,2026-07-05T15:40:46-07:00,3,Opening the app,It’s a great app don’t get me wrong I use it to communicate with friends sometimes however I come to find when I have it on my iPad it doesn’t seem to open sometimes and takes me back to my Home Screen please can we get this sorted,231
Instagram,389801252,GB,14267531162,2026-07-05T14:25:35-07:00,1,Glitch,"When I want to open my instagram it closed 
I try so many ways…",63
Instagram,389801252,GB,14267500923,2026-07-05T14:14:30-07:00,3,Problem,Can’t open my instagram it’s keep crashing,42
Instagram,389801252,GB,14267500423,2026-07-05T14:14:20-07:00,1,"Instagram does not work on iPhone X,app does not open",I updated my instagram to versio n437.0 and when it’s updated o cannot open the app.Please Fix,94
Instagram,389801252,GB,14267414641,2026-07-05T13:44:19-07:00,1,Broken update,"On an iPhone XS running iOS 16.6.1, and after todays app update the app fails to launch, and just instant crashes to the home screen. This exact issue happened before around 6 months ago to people using older iPhones / iOS, de ja vu.",233
Instagram,389801252,GB,14267230665,2026-07-05T12:41:11-07:00,1,Terrible app managment,"I've had several accounts completely removed without a trace including memories and things I really cherish.

I had built up thousands and thousands of followers and then Instagram decided to steal it for absolutely no reason and there's nobody to contact or customer service absolutely nothing you can do.

Second of all right now I can't even open the app as soon as I click into the app it just takes me straight back out and there's absolutely nothing I can do or anybody to call or anything.

 it's great when everything is working but as soon as something goes wrong or hell will break loose",597
Instagram,389801252,GB,14267218570,2026-07-05T12:37:16-07:00,1,Auto closes on iphone 8 +,As soon as i open the app it closes straight away even after deleting and restarting phone. Since the last 2 recent updates,123
Instagram,389801252,GB,14267138191,2026-07-05T12:10:48-07:00,5,Great for keeping memories,I love IG as an album of memories & as a reference for different timepoints. You look back and think “ooh I remember that”!!,124
Instagram,389801252,GB,14267081907,2026-07-05T11:52:19-07:00,3,Great and mid,"It’s super smooth but when I updated it to the newest version, it wouldn’t let me in. Please fix this issue",107
Instagram,389801252,GB,14267019001,2026-07-05T11:31:55-07:00,4,My account is disabled without any issue,"Dear Instagram Team, my account @ydkmeg._ has been deactivated.
I believe this is a mistake as I have always followed all community guidelines and terms of service. I request you to please review my account and reactivate it as soon as possible.
Thank you for your time and assistance.",285
Instagram,389801252,GB,14266974158,2026-07-05T11:17:30-07:00,1,Suggested profiles now in stories,"Since the new update I have been getting suggested profiles in my stories row. Please remove the suggested profiles from my stories, if I wanted to follow these people and see their stories I would already be following them.",224
Instagram,389801252,GB,14266938998,2026-07-05T11:06:17-07:00,1,App still crashes on startup!,Even after the latest update 437.1 still crashes on startup on IOS. Fix fix fix,79
Instagram,389801252,GB,14266866474,2026-07-05T10:43:29-07:00,5,Five Star,Perfect place to place your memories,36
Instagram,389801252,GB,14266420382,2026-07-05T08:31:15-07:00,1,Can we change audio after posting,Can we change audio after posting,33
Instagram,389801252,GB,14266278875,2026-07-05T07:51:12-07:00,2,Pictures,Really finding Instagram a waste of time. I see very few posts of people I follow and all because of the algorithm’s and I know my posts barely get any views much for the same reason,182
Instagram,389801252,GB,14265917251,2026-07-05T06:05:20-07:00,1,Recent Update,"Something’s gone badly wrong! This update (437.0.0) has caused Instagram to stop working entirely. The opening screen appears, then the app abruptly exits. Please sort this out ASAP.",182
Instagram,389801252,GB,14265610597,2026-07-05T04:23:05-07:00,1,Massive copyright extortion going on right now…,"Massive copyright extortion happening on Instagram at the moment, so many accounts being wrongfully suspended due to these people filing false copyright claims then demanding money to remove the strikes. This is a crisis and Meta needs to fix these issues asap",260
Instagram,389801252,GB,14265511285,2026-07-05T03:46:00-07:00,4,App won’t open after update,I’ve just updated the app to the latest version. I can’t open it as it crashes as soon as I tap the icon.Everything was fine prior to the latest update. App states compatible with my iPad and download was fine. Can you advise or provide a fix please.,250
Instagram,389801252,GB,14265068089,2026-07-05T00:50:59-07:00,5,Social interaction,"I generate artwork on TikTok as a familiar platform, but I post onto Instagram, threads and facebook. I find myself dipping into lots of different subjects and even at 69, I am absorbing so much totally different material, that I find myself on here for increasingly longer periods of time, science, art, music, opinions, there is no end to it…!",345
Instagram,389801252,GB,14265058648,2026-07-05T00:47:07-07:00,5,Awesome,Great way waste your life doom scrolling.,41
Instagram,389801252,GB,14264957244,2026-07-05T00:05:18-07:00,2,dont,just dont. u will get addicted and u will loose control. and u will face academic downfall. pls if ur student do not do that. I beg you.,136
Instagram,389801252,GB,14264858231,2026-07-04T23:23:32-07:00,1,Acc banning,I honestly hate cause why are my accs being banned and suspended for absolutely no reason,89
Instagram,389801252,GB,14264775429,2026-07-04T22:48:07-07:00,1,Disappointed,This app ain’t opening. It’s crashing before it loads anything .  Fix this problem if its possible,98
Instagram,389801252,GB,14264532874,2026-07-04T21:03:50-07:00,5,Big bug,"After updating, it is closing when start to use!",48
Instagram,389801252,GB,14264502118,2026-07-04T20:50:52-07:00,5,Why I can’t enter Instagram,I have been dented of my password more then once and I changed it and now I’m trying to enter Instagram and it’s exiting every time I open it and I don’t like that I have to use my laptop to use Instagram and call my friends and this need to be fixed cuz I want to use Instagram on my phone,290
Instagram,389801252,GB,14263708408,2026-07-04T15:22:23-07:00,1,I don’t like the algorithm.,They took away chronological posts and made it a business.,58
Instagram,389801252,GB,14263517471,2026-07-04T14:05:13-07:00,1,Confusing,Confusing,9
Instagram,389801252,GB,14263446581,2026-07-04T13:38:13-07:00,3,Sla,Minha conta foi desativada DO NADA,34
Instagram,389801252,GB,14263358493,2026-07-04T13:04:51-07:00,5,Trendy and classic,Enjoying every bit of it.,25
Instagram,389801252,GB,14262572803,2026-07-04T08:49:39-07:00,1,2026 new,"Update stilll banning accounts for no reason im
Thinking irs so they make extra money from you do you have to pay for meta pro accounts then actually talk to a real person 

They just keep banning accounts for no reason and there is no real people resolving issues anymore 

Probably time people start to boycott meta completely till they actually help resolve issues rather then use Ai",386
Instagram,389801252,GB,14262414381,2026-07-04T08:04:09-07:00,1,Terrible,"New update means it won’t open 👎🏻

Click app, immediately closes down",69
Instagram,389801252,GB,14262341511,2026-07-04T07:43:43-07:00,5,Amazing,Greta app for my Manjaro journey,32
Instagram,389801252,GB,14262187163,2026-07-04T07:00:18-07:00,1,Account deletion,"The account deletion functionality in the iOS app doesn’t work, no support",74
Instagram,389801252,GB,14262026803,2026-07-04T06:13:31-07:00,1,Deception and manipulation,"How cowardly is it of someone to post a story about a person yet block them from seeing it!
Sorry but instagram is built for hateful content and systems.
The only people who say they “like instagram” are the sort of people who nobody normal would want to talk to. 
Built for manipulation and deception…
Above all monetary gain!
Bye bye zuckerburg",346
Instagram,389801252,GB,14261992037,2026-07-04T06:03:07-07:00,3,Why are saved posts so underpowered?,"Please add sort Saved posts by year, search within Saved posts and the ability to move saved posts out of All posts into collections!",133
Instagram,389801252,GB,14261721157,2026-07-04T04:35:49-07:00,1,I said 1 star not 5!,"Why is it whenever you click 1 star it automatically disregards what you say and puts 5 stars?!
I said 1 star! ONE STAR!!!
😡🤬",125
Instagram,389801252,GB,14261665859,2026-07-04T04:16:38-07:00,1,Backslid,Insta has backslid again ..when I get a notification that a person or people have liked my post or reel unless I’m on that account I lose the notification..by that I mean to see which post or reel someone has liked or commented I have ti move to that account first to actually see the post they commented/liked..if I’m on another account and I tap on a notification for another account I don’t get transferred I stay on the same account..very time consuming..I’m an Instagram girlie but this is off putting and is I’m a bigger than average account it’s frustrating,564
Instagram,389801252,GB,14261604470,2026-07-04T03:54:28-07:00,1,Strange inhumane platform,"Do yourself a favour and don’t install or go down this strange path of self destruction displaying your life to strangers and immersing your self in vacuousness. Doom scrolling other people’s false corporate representations of themselves. If you enjoy becoming a living advert and eroding the core meaning of what it is to be human, here is your opportunity.",358
Instagram,389801252,GB,14261281597,2026-07-04T01:49:50-07:00,5,I like it (⸝⸝⸝ᵒ̴̶̷ᴗᵒ̴̶̷ꕤ),"I like the app, this is a good social media app. Altho i might have a problem if weirdos try to send me inappropriate stuffs and as well as, if i get logged off, i wont use it no more.",184
Instagram,389801252,GB,14261060990,2026-07-04T00:21:54-07:00,3,Not bad,"HDR disabling toggle doesn’t work, hope it will be fixed and HDR will be disable everywhere within app",102
Instagram,389801252,GB,14260979804,2026-07-03T23:49:12-07:00,1,account suspended.,"i have done everything, my account was suspended for child sexual even tho i was hacked. i tried appealing didn’t work, i asked meta, didn’t work. What will work? i don’t even know what happened! i was only gone for a few hours because someone was in my account. You need humans for this. NOT ai. meta is the worse ever. I don’t understand WHAT child sexual? i’m only 14 and im trying to live my life until i get banned. don’t get it.",434
Instagram,389801252,GB,14259732358,2026-07-03T15:41:50-07:00,1,Disabled my account,"I wish I could give Instagram 5 stars because it has always been my favourite social media app. Unfortunately, I recently had my account permanently disabled after being accused of violating one of Meta’s most serious policies—something I strongly believe I did not do.

To the best of my knowledge, I followed Instagram’s Community Standards and did not intentionally violate any of its rules.

I completed every step Instagram asked of me, including the appeal process, video selfie verification, and ID verification. Despite this, my account was permanently disabled. I was never told which specific photo, message, or activity allegedly violated the policy, making it impossible to understand or challenge the decision.

To make matters worse, I can’t even download my own information because the feature repeatedly says “Something went wrong.” I have also found it extremely difficult to contact a real person, as almost every support route redirects me back to my disabled account.

Losing memories, conversations, and connections has been devastating. I understand that Instagram must enforce its Community Standards, but there should also be a fair and transparent process when mistakes happen. I sincerely hope Meta improves its review system and provides users with meaningful human support when accounts are permanently disabled.",1340
Instagram,389801252,GB,14259724605,2026-07-03T15:38:51-07:00,5,Asleep Talking,Listening to this leaves me so contented ✨,42
Instagram,389801252,GB,14257570253,2026-07-03T04:33:03-07:00,5,The best of best,It is truly the best and user friendly social media platform,60
Instagram,389801252,GB,14257264806,2026-07-03T02:43:41-07:00,2,Bad update,"Labels for ads have disappeared, forcing you to watch the ad without realising 10/15 seconds in the video",105
Instagram,389801252,GB,14257149294,2026-07-03T01:58:28-07:00,1,Make the home page just posts from friends,"Instagram has become such a toxic platform, full of adverts and no connection to the original design. Instagram, please make at least one area for updates from friends. Example how the homepage only showed posts from followers and following accounts rather than anyone else.",274
Instagram,389801252,GB,14256758392,2026-07-02T23:18:41-07:00,5,l plese help me,Im instragam user i open account but account desebel plese help me,66
Instagram,389801252,GB,14256671608,2026-07-02T22:42:57-07:00,1,Buggy,"For the last 2 months I keep getting a message notification when I have no message, getting so annoying now, I’ve checked and cleared hidden messages too",153
Instagram,389801252,GB,14256035636,2026-07-02T18:42:22-07:00,2,Issue,My first account was banned for no reason and so I made one but this time it didn’t get banned but instead nothing is loading when I tried everything to fix it and yes my WiFi is good,183
Instagram,389801252,GB,14255658687,2026-07-02T16:22:03-07:00,5,Perfect for Living,Helps in keep life alive,24
Instagram,389801252,GB,14255532206,2026-07-02T15:34:22-07:00,1,They should rename it to “here’s ads”,Every other post is some spam advert AI slop. Actually seeing posts from friends is annoyingly hard now.,104
Instagram,389801252,GB,14255398171,2026-07-02T14:44:15-07:00,5,Insta love,I love posting memories,23
Instagram,389801252,GB,14255159872,2026-07-02T13:19:55-07:00,1,Can’t even download it 🤨,Bad,3
Instagram,389801252,GB,14254919081,2026-07-02T12:00:54-07:00,1,It’s broken,It’s not possible to manage and unsave sadly,44
Instagram,389801252,GB,14254846052,2026-07-02T11:37:52-07:00,5,Gladly for verification,i miss meta facebook it no reason disabled my id,48
Instagram,389801252,GB,14254661774,2026-07-02T10:41:25-07:00,5,Instagram account suspend,"My Instagram account syed_shipu_was suspended for 180 days. I believe this is a mistake because I have always followed Instagram Community Guidelines and Terms of Service.
I request you to kindly review my account again. If any issue was detected, please let me know so I can correct it.
I value my account and assure you I will strictly follow all rules.
Thank you for your support.",383
Instagram,389801252,GB,14254224209,2026-07-02T08:37:20-07:00,5,The goat of social media,Best app there is,17
Instagram,389801252,GB,14254109730,2026-07-02T08:06:49-07:00,5,Parrot,Amazing insta feeling and amazing videos reelsss,48
Instagram,389801252,GB,14254081417,2026-07-02T07:59:26-07:00,3,Restrictions,I love Instagram and have build various businesses on the platform but I’m losing trust after constantly finding even my personal account restricted let along my business  ones. I’m slowly moving to YouTube,206
Instagram,389801252,GB,14253911848,2026-07-02T07:14:54-07:00,1,wrongful mass bans on artists and anime collectors,"Instagram has recently switched from humans agents to an ai moderation, the ai is falsely flagging hundreds of accounts as “sexualising minors” for collecting anime figurines and posting art. I have lost my account of 6 years solely because i post my collection, and this has happened to so many friends of mine and it is destroying communities. There is no way to contact a human agent for a review unless you pay a subscription, even if you try to appeal a ban the same broken ai that falsely banned you is going to review it and deny it since it is unable to determine the difference between a japanese cartoon and sexualised children.",638
Instagram,389801252,GB,14253509042,2026-07-02T05:23:40-07:00,5,Lats,5 stars,7
Instagram,389801252,GB,14252605089,2026-07-01T23:54:51-07:00,1,"Predatory, AI-riddled and buggy","Designed to addict its users, especially young people. Full to the brim with AI slop, including adverts that definitely shouldn’t be legal. Buggy as anything, especially at the moment where you get phantom notifications. Probably as a way to get you to open the app. Shameful",275
Instagram,389801252,GB,14251647439,2026-07-01T17:49:53-07:00,5,Insta,Nice filters,12
Instagram,389801252,GB,14251451469,2026-07-01T16:37:24-07:00,5,Peak,Application,11
Instagram,389801252,GB,14251355032,2026-07-01T16:00:47-07:00,5,Is what it is,Lies but juicy,14
Instagram,389801252,GB,14251153519,2026-07-01T14:44:43-07:00,5,Crated,U may want to close ur eyes,27
Instagram,389801252,GB,14250580009,2026-07-01T11:32:08-07:00,1,awful,used to be an amazing app now it doesn’t even work when i try opening it,72
Instagram,389801252,GB,14250531797,2026-07-01T11:17:16-07:00,1,Taking up too much storage,I think there must be a huge glitch because the app is taking up 27GB of storage!,81
Instagram,389801252,GB,14249825335,2026-07-01T07:57:55-07:00,5,Instagram Review,"Instagram is a great app for sharing photos, videos, and connecting with people around the world. The interface is easy to use, and features like Stories, Reels, and messaging make it fun and engaging. It’s a great platform for staying updated, expressing creativity, and discovering new content.",296
Instagram,389801252,GB,14248801125,2026-07-01T02:52:13-07:00,1,Time to spare?,"It’s the perfect way to waste time and lead a life exempt of actual substance. If you like the sound of spying on the lives of others (well, the bits they want to be seen by everyone) while sitting on your sofa, this app is superb. Additionally, the masters at Meta have set it up so that you’ll be able to scroll - almost endlessly - through pretty funny little clips; this is ideal when it comes to filling the social void in your life caused by the above. A superb experience.",479
Instagram,389801252,GB,14248755117,2026-07-01T02:34:53-07:00,1,Need to fix their AI moderation,"Myself and many of my friends have been wrongfully banned for ridiculous reasons and rules we never broke. They just let their AI moderation systems ban whoever it likes and you don’t ever get to speak to a real person to appeal. Tired of seeing people loosing accounts with thousands of followers and having no way to get them back, having posts taken down for no reason etc because they can’t be bothered to get a real human to verify things before they go and ban people",473
Instagram,389801252,GB,14248721576,2026-07-01T02:22:01-07:00,1,"Bots, Trolls, fake influencers, narcissists and propaganda.",About 5% of the stuff on here is authentic. It’s a cess pit,59
Instagram,389801252,GB,14248495760,2026-07-01T00:53:22-07:00,2,Fix the search function,"Make the settings in the search function begin from recent post! I’m sick of seeing post from last year when it’s not revelant to the things I’m looking for!

You also can’t scroll down freely, you have to tug at it to force it to release more pictures.",253
Instagram,389801252,GB,14246506578,2026-06-30T12:51:08-07:00,2,my account is suspand without any reason,account back please,19
Instagram,389801252,GB,14246471233,2026-06-30T12:39:53-07:00,2,No notification on lock screen,Can you bring DM notifications on lock screen back please?,58
Instagram,389801252,GB,14246102075,2026-06-30T10:47:03-07:00,1,Original content guidelines,Trash app. The original content guidelines are useless. All my original carousels get stolen by copycats with more followers and i am the one who gets less likes. The entire timeline is just stolen posts from original creators and instagram fails to take any action against them,278
Instagram,389801252,GB,14245926230,2026-06-30T09:57:17-07:00,1,Paying for Meta verified but can’t access support!,"I’ve never written a review before but I’m so frustrated I feel I have to.

I pay every month for Meta Verified because I needed support with my disabled Facebook account. I’ve been charged again this month and still have my blue tick, but the Meta Verified section has completely disappeared from my Instagram app and Accounts Centre, so I can’t access the support I’m paying for.

I’ve reported the bug every day for weeks , updated the app, reinstalled it and tried everything I can think of. Nothing has worked. Even the Meta AI Help Assistant won’t let me send a message because the send button is greyed out.

I’m paying for a service that I can’t actually use. It’s so disappointing that there’s no way to contact anyone when the support feature itself has disappeared. I just want someone at Meta to fix my account.",823
Instagram,389801252,GB,14245636755,2026-06-30T08:40:05-07:00,4,"Le Tooth Dental Practice, Tg Tokong, Penang, Malaysia","It was worthwhile to patronise the neat, spacious and clinical Le Tooth Dental practice for separate single dentures. Le Tooth is a modern well equipped practice with modern technological equipments, example, the use of a hand held intra-oral scanner to make precise 3D digital model of teeth and gums. This replaces the traditional messy silicone to make impressions. It was encouraging for the friendly and conscientious proprietor dentist who works meticulously to take on my request to have my dentures made in good time during my one month visit to Penang.",561
Instagram,389801252,GB,14244507038,2026-06-30T03:21:31-07:00,3,Restriction,I cannot boost my posts because I have some sort of restriction and I don’t understand why ? I didn’t post anything inappropriate. And it is very difficult to get in touch with anyone that can help me with this issue.,217
Instagram,389801252,GB,14244373853,2026-06-30T02:33:25-07:00,5,Topnotch,Feels amazing,13
Instagram,389801252,GB,14244203607,2026-06-30T01:30:51-07:00,5,Epic,App,3
Instagram,389801252,GB,14244162796,2026-06-30T01:13:48-07:00,4,Great app,Enjoy using insta and have a great following of insta friends. Positive network however the algorithm has a mind of its own and tough one to figure out,151
Instagram,389801252,GB,14243186963,2026-06-29T18:44:18-07:00,1,Photo format resized,With the latest update I noticed that all the pics have been resized to the square format. It’s a nightmare and the pics don’t look all right.,142
Instagram,389801252,GB,14242581611,2026-06-29T14:51:54-07:00,1,Ai moderators banning people,"Instagram is using ai to scrub the site, it falsely flags figure collectors pictures as minors, to be clear this has happened too fully clothed photographs of anime figures, any character that is flat chested atm seems to be flagged as a minor, the ai cannot understand flat chested women exist in anime figures

Worryingly the ai once it’s flagged a post automatically bans the account as a danger too the community, figurine photography accounts with years of history on the platform are being wrongfully banned without warning

Then to make it worse when you appeal their is no indication that you will speak too a human, so your most likely having your case reviewed by the same ai that thinks flat chested = minor

By the ai’s reasoning singers like Ariana grande should be banned for showing her flat chested body in little clothing as that seems to =minor 

The same with short adult male characters, if the ai detects a short anime male character figurine in a photograph it automatically flags it as a minor, if this was applied to every picture of man all short kings or twinks would be wiped from the platform but it only goes after pictures of figurines atm

The ai can not distinguish art, it has no nuance & it will likely come for art accounts next",1263
Instagram,389801252,GB,14242513304,2026-06-29T14:26:25-07:00,1,please sort yourself out,"past couple of weeks i’ve noticed that a lot of my online friends and myself have been banned for posting “sexualised pictures of minors”. First of all that is absolutely not the case. secondly, why is it just a ban if someone is posting inappropriate pictures of minors? surely that should be passed onto authorities of some sort. Third, when your post does get removed/ when your account gets banned there is absolutely nothing you can do. It is extremely difficult to actually talk to a real person. The AI review system is clearly not working as i’ve seen multiple posts of people promoting their onlyfans account and others making extremely unfunny “jokes” about racism, homophobia, rape, sexual assault and posts sexualising minors! 
i had a post which was removed for “showing children in a sexual way” 
When i trying to  request an appeal the answers i had to choose from were so stupid, these answers included; 
-it was to raise awareness 
-it’s about an important issue
-it’s not offensive in my religion 
-i was responding to someone else 
-it was a joke
Are we serious? no option saying “this isn’t a child, you’ve made a mistake”. Does this mean that actual pedofiles can post explicit images of children and just choose one of these options and get away with it? If they’re posting explicit pictures of minors then WHY aren’t they being investigated??? If their account gets removed WHAT is stopping them from making a new account and starting all over again. 
There also seems to be a way to bypass this system is you label your posts as AI generated content you seem to get away with posting whatever you want. 
Instagram please fix your app, please actually stop the people that ARE causing harm.",1713
Instagram,389801252,GB,14242430354,2026-06-29T13:56:11-07:00,1,AI moderation broken,Me and a bunch of other anime/figure-related accounts keep getting taken down without warning for CSAM when we don’t post anything of the sort and appealing doesn’t work,169
Instagram,389801252,GB,14241933737,2026-06-29T11:11:05-07:00,1,Awful,I’ve been using this app since 2015 or 14 and yesterday my account got suspended for no reason. This app has become awful nowadays.,131
Instagram,389801252,GB,14241783812,2026-06-29T10:25:46-07:00,1,Hacked then banned - insta did nothing about it!!,My account rhi_666 got hacked overnight and then I was banned by morning. No option to appeal. No way to speak to anyone. 12 year account just gone like that and it wasn’t my fault !!,183
Instagram,389801252,GB,14241167944,2026-06-29T07:36:42-07:00,4,It seems like a lot of features are on purpose.,"- meta is SO determined to get all of our pictures through our share settings it’s basically unusable if you do not allow them to access everything. My guess is that they do this to make it so annoying you accept (like how accepting cookies work)

- Overt racism is rampant on the site these days and it makes the platform very off putting. 

- frequently when I try to report things, there is not grouped option, for example scam, racism, hate speech are not available options for reporting on the site? Therefore meta is essentially condoning hate speech. I have attempted to report the n and R slur multiple times only to have meta say that they don’t consider it grounds for any kind of repercussions, allowing legitimately harmful speech to remain on the platform. 

- I literally tried to report a problem through the appstore for a design flaw (point 1) and there are no options for complaining about it.

- The biggest thing that I really hate instagram / meta for is non-consensually shoving really addictive reels down our thoughts. I really hope there are legal reprocussions for this down the line because the harm they are causing is grim. 

I was here to try and get an issue resolved and now they have caused me to leave this big negative review because there are no other means to resolve issues these days.",1323
Instagram,389801252,GB,14240735417,2026-06-29T05:40:06-07:00,5,Review,Like every feature,18
Instagram,389801252,GB,14240440016,2026-06-29T04:14:16-07:00,3,Bugs,"Been using for years, but there is an annoying bug where if you answer an incoming call the sound from the reel plays a full blast. Please fix.",143
Instagram,389801252,GB,14240309380,2026-06-29T03:31:36-07:00,5,Sharing uk wildlife photos,A way we can express ourselves love the community feeling,57
Instagram,389801252,GB,14238224025,2026-06-28T13:24:42-07:00,2,No longer can see my friends,I can no longer see my friend’s stories without searching for them. The algorithm has gone weird.. cannot find a way to try update the app either,145
Instagram,389801252,GB,14238162969,2026-06-28T13:03:14-07:00,1,LIVE,Pls allow live for everyone abeg😭🙏,34
Instagram,389801252,GB,14237460896,2026-06-28T09:19:18-07:00,2,AI,GOING DOWN HILL USING AI AND RANDOM ACCOUNTS GETTING BANNED,59
Instagram,389801252,GB,14237279959,2026-06-28T08:26:56-07:00,1,Account banned for no reason. Got none of my memories back,"Banned my decade long account I’ve had since I was a child, failed to send me any of my photos or videos(I got a zipped folder with my profile picture alone😂😂😂). If I could give 0 stars, I would.",195
Instagram,389801252,GB,14236811449,2026-06-28T06:11:41-07:00,1,Account banned because I got hacked,"I have had my instagram for 16 years and yesterday Simone hacked my account and Meta has such down my account now. I’ve tried everything to get in contact, nobody is helping is absolutely awful. 16 years of memories down the drain.",231
Instagram,389801252,GB,14235252257,2026-06-27T20:20:50-07:00,1,Disabling account and no real help,My account got disabled for no reason and the only way you can talk to a real person is by paying lol this app is genuinely lost. Used this for business and also the only place I actually talked to friends. And you can’t even make new accounts without being in danger of the AI getting you banned if you’ve been banned before. Horrible.,336
Instagram,389801252,GB,14235000839,2026-06-27T18:49:38-07:00,5,👍,Riri,4
Instagram,389801252,GB,14234748798,2026-06-27T17:16:15-07:00,2,Very bad app,"Very bad app. Every time my girlfriend fights with me, she blocks me instantly. Last time we argued, she blocked me and never unblocked me again. 
Please remove the block option or at least add a 24 hour “ Think again” button. 
For now 2 stars until my girlfriend unblocks me.",276
Instagram,389801252,GB,14234690316,2026-06-27T16:53:45-07:00,1,Want to charge you to see who viewed your posts,"My wife was in the test group of an A/B test for charging to
see who has viewed your post… Do not pay if you see this option.",125
Instagram,389801252,GB,14234684202,2026-06-27T16:51:19-07:00,1,Filters not working,AI filters not working - always says “something went wrong please try again later”.,83
Instagram,389801252,GB,14234524968,2026-06-27T15:49:20-07:00,1,Degrammed,"First I stopped using Facebook as messenger stopped working in a mobile browser (~10 years ago)— now the time has come for Instagram, that has stopped loading any and all images when connecting to it via vpn.

Just WhatsApp left now, but I already have Signal and exclusively use it for some people— for now.

We vote with feet, and walk out.",342
Instagram,389801252,GB,14234265282,2026-06-27T14:08:28-07:00,5,Fantastisch,Top quality,11
Instagram,389801252,GB,14234183779,2026-06-27T13:38:09-07:00,5,Debbie Flint,Debbie flints posts,19
Instagram,389801252,GB,14233911004,2026-06-27T12:01:57-07:00,1,Zasto filteri ne rade?,1,1
Instagram,389801252,GB,14233248624,2026-06-27T08:37:14-07:00,5,Best,This is the best app ever,25
Instagram,389801252,GB,14233082803,2026-06-27T07:50:17-07:00,5,Happy to be part of IG community,Excellent app,13
Instagram,389801252,GB,14232958613,2026-06-27T07:15:17-07:00,4,Amazing app,"This app is really good and allows me to post pictures and stories. I also communicate readily with friends. However, it would be nice to have a feature where I can hide certain posts from friends like Facebook.",211
Instagram,389801252,GB,14232867599,2026-06-27T06:49:16-07:00,5,My daughter,My lovely daughter,18
Instagram,389801252,GB,14232443027,2026-06-27T04:36:45-07:00,3,Repost,I’ve been trying to update the app many times but I still can’t manage to get the repost button or view my friends reposts. My phone is an iphone17 pro so I’m sure it’s not that my phone is the issue. Please fix this as soon as possible because some people can use repost button and some can’t.,294
Instagram,389801252,GB,14232364929,2026-06-27T04:09:35-07:00,1,Instagram fell off,"I loved Instagram, Infact more than TikTok, but recently, I got flagged, what did I do? I just happen to scroll through 6 accounts I actually liked, my account got suspended, I appealed and it got disabled! So I brushed it off since I was not a creator, After few days, I created a new account, and it got suspended instantly, since then I have not been able to use instagram, even now that I plan to start a business, it won’t work, INSTAGRAM RELEASE MY DEVICE…",462
Instagram,389801252,GB,14231849149,2026-06-27T00:56:16-07:00,1,Constant crashing,After latest update the app consistently stalls and shuts down. Having just removed and re installed it the problem hasn’t gone away.,133
Instagram,389801252,GB,14230284442,2026-06-26T14:55:25-07:00,5,Happy,So much fun on here… learning and healing all in one package,60
Instagram,389801252,GB,14229940989,2026-06-26T12:50:38-07:00,1,Ai,"Just ai slop every where, it doesn’t feel like there’s any real people left.",76
Instagram,389801252,GB,14192975087,2026-06-17T03:58:46-07:00,5,Love Insta !!,So much fun and so much interesting content 👌,45
Instagram,389801252,GB,14192533874,2026-06-17T00:50:48-07:00,5,Transparency,10/10,5
Instagram,389801252,GB,14192512996,2026-06-17T00:41:04-07:00,1,This update is the worst up to date,Why does it show accounts I don’t follow in the stories tab and why does this app push private accounts to be suggested there and elsewhere.  you need to fix this,162
Instagram,389801252,GB,14192375345,2026-06-16T23:37:03-07:00,1,Ofcom interim <D-SIT&,"Children’s party? 
I don’t use social media , and I know why!",61
Instagram,389801252,GB,14191297261,2026-06-16T16:12:59-07:00,1,Disabled accounts.,"Deleted my personal account and then my private account. After those got deleted and they never gave me any option to appeal, i decided to get my old old account back instead of starting again. This then lead to that account being banned which was full of all my memories. I then appealed this account after they actually gave me an option to do so with this account, which they later reviewed and tried to claim i made an account which then mean’t i was ‘going against their guidelines’ which isn’t true and which is also what they’d know if they didn’t have a robot controlling everything. The way this app needs completely changing, is beyond me. Not having the simply thing of being able to contact a human is a joke!!! Do not even bother downloading, it’s not worth it.",774
Instagram,389801252,GB,14190973390,2026-06-16T14:12:50-07:00,5,Received,"One of the very important social media. Great platform for business, new ideas, gathering. Really enjoying to use it",116
Instagram,389801252,GB,14190642936,2026-06-16T12:21:20-07:00,5,"Instagram, a place for art","After many years using Instagram I still find I’m learning every time I post
Marc Marc A Turner, Warrington based Artist",120
Instagram,389801252,GB,14190396201,2026-06-16T11:02:35-07:00,5,best social media app,damon,5
Instagram,389801252,GB,14188991576,2026-06-16T03:38:19-07:00,5,🐶❤️,Amazing 🤩,9
Instagram,389801252,GB,14188644638,2026-06-16T01:03:11-07:00,1,Instagram is a joke now,"Instagram was my favourite app, and as a content creator I put all my energy into it, posting making it my business. Until one day my account gets disabled for no reason because Instagram decides to use AI instead of human staff. There is literally no support to get my account back despite paying Meta Verified Max and I’m so tired dealing with this everyday. My whole life is on Instagram and this is so unfair how both people with businesses and accounts with years of memories lose their accounts overnight. This is really sad and Instagram needs to fix THEIR mistake and give people their accounts back. You position yourself like a great app for content creators and even have this @creators page and team to encourage people to post and ensure they can become one too but you never mention you can lose everything one day because of your new AI issue.",858
Instagram,389801252,GB,14188337367,2026-06-15T22:34:49-07:00,3,Restyle,Overall ok but I didn’t get the restyle option .,48
Instagram,389801252,GB,14186756610,2026-06-15T12:11:02-07:00,4,Request for Following List Privacy Option,"Hello Instagram Team,

I would like to request a privacy option that allows users to hide their Following List or set it to “Only Me.” Many users value their privacy and would appreciate having control over who can see the accounts they follow.

Please consider adding this feature in a future update to improve user privacy and account security.

Thank you for your consideration.",381
Instagram,389801252,GB,14186344276,2026-06-15T10:01:17-07:00,1,Need photo id to approve my account,Added a second account on my primary account verify account with my email and phone number now asking for photo id to verify second account what a joke,151
Instagram,389801252,GB,14185725742,2026-06-15T07:00:32-07:00,1,Full of ads,All the ads on here are a joke! It makes the app feel more like a tool to indoctrinate the public… don’t waste your time downloading,132
Instagram,389801252,GB,14185443643,2026-06-15T05:34:02-07:00,1,iPad app,"This review is for the app, not instagram content. After all these years and the amount of money available to them, you would think the company could scrape together a decent experience for iPad users. But alas, we've been given a barely useable, clunky, boring non-event of an app. I uninstalled it after about 10 minutes.",323
Instagram,389801252,GB,14185210767,2026-06-15T04:14:30-07:00,1,AI mistakes,"Insta suspended my account for account integrity, even tho I never did anything except use it how I always have for over 5 years lol? Never paid for bots, used a vpn, or anything like that? And I submitted my info for an appeal and they just closed my account permanently. I can’t even speak to a real person at support, there’s just nothing I can do apparently?",362
Instagram,389801252,GB,14185061443,2026-06-15T03:16:29-07:00,1,The Thrill is Gone,"It’s just not as interesting as it used to be. It’s mostly a space for advertising, which I’m guilty of doing. Advertising is just plain dull.",142
Instagram,389801252,GB,14183756513,2026-06-14T17:37:03-07:00,3,Not getting the updates,I am using it on Iphone 17 pro but still i am not able to see liquid glass navigation bar as i have updated my phone and instagram app too,138
Instagram,389801252,GB,14183275722,2026-06-14T14:27:04-07:00,1,Instants,Instants is a big no. To risky. I hate it.,42
Instagram,389801252,GB,14182860779,2026-06-14T12:03:38-07:00,1,Unfair ban due to AI false positive,The app literally doesn’t work anymore after they sacked all their human staff. I appreciate they’re moderating at scale but there has to be some method of manual review for false positive bans,193
Instagram,389801252,GB,14182759094,2026-06-14T11:31:05-07:00,2,Posts,Not as quick and straight forward to just + a post these days,61
Instagram,389801252,GB,14182702712,2026-06-14T11:13:21-07:00,3,Stickers on iphone,It is really difficult to move or resize a sticker when I add one to a story.,77
Instagram,389801252,GB,14182012249,2026-06-14T07:45:43-07:00,3,Too many bugs,"Instagram has become increasingly buggy and inconsistent when posting content, especially carousels with multiple videos and added music. On several occasions, videos fail to load properly for viewers despite appearing fine during upload, which means Im wasting time carefully choosing vids for the post.

The app also feels like it’s shifting focus heavily toward algorithm-driven features like Reels, while basic posting functionality feels less reliable and harder to manage than it used to be. Simple things like editing posts or ensuring consistent playback across devices are surprisingly frustrating. Essentially instagram is oversimplifying its UI for individual users when they want to post, making it very hard to do basic edits before posting on the app itself.",772
Instagram,389801252,GB,14181700813,2026-06-14T06:11:17-07:00,1,account getting banned for no reason,instagram is banning accounts for no reason and isn’t responding to any emails or providing assistance to restore the account back,130
Instagram,389801252,GB,14181464376,2026-06-14T04:51:43-07:00,5,Instagram,A fun app to talk to friends and it is like TikTok but not TikTok,65
Instagram,389801252,GB,14181296533,2026-06-14T03:47:47-07:00,1,My accounts have been disabled one after another without any valid reason.,"Even after I submitted an appeal for my account, it seems that my appeal was not properly reviewed, and my account was permanently deleted. I had invested a lot of time, effort, and dedication into building that account. I did not intentionally violate any of Meta’s policies or community guidelines, yet this happened to me. I am deeply disappointed and devastated by this situation. I kindly request a thorough review of my case and hope my accounts can be reconsidered.💔💔",474
Instagram,389801252,GB,14181140459,2026-06-14T02:44:06-07:00,3,Please do better,Yes I understand this is the day and age for doomscrolling. But please take preventative measures to combat this issue so we don’t have to instal third party apps to prevent this behaviour. I’d recommend adding a setting that turns reels off so people don’t waste their time. Please take care of people’s mental health 🩷,320
Instagram,389801252,GB,14181087074,2026-06-14T02:21:45-07:00,1,Changes are for the worse not better,"The worst thing that was done to this app is stop the ability to search for posts in date order. I don’t want to see posts from 10 years ago coming up first, and also posts in a random date order, I want to be able to search for recent posts to the oldest. What is the point of putting a hashtag on a post if no one can see it anyway.",334
Instagram,389801252,GB,14181055042,2026-06-14T02:08:13-07:00,1,Awful,This app is truly disgusting I have reported this same account twice now and it still gets unbanned. And the worst thing about it is that the account is a fake only fans of my child who is a MINOR and there is old men being press to this account and buying Ai minor content? Instagram this is actually disgusting why unban an account that they have made of a minor?,365
Instagram,389801252,GB,14180810369,2026-06-14T00:24:22-07:00,1,Too many ads,"Excessive adverts and follow suggestions. 
Dire loss of Old Posts - how on earth do you view previous posts on the timeline - you can’t. 
No ‘caught up’ anymore.
Too much emphasis on greed and monetisation by Meta - I want to view my followings in a clean and logical / chronological order without excessive interference.
Driven to leaving Instagram",349
Instagram,389801252,GB,14180704735,2026-06-13T23:38:07-07:00,5,Efficiency,"I’ve been using instagram for years now, and it’s very efficient in different areas.",84
Instagram,389801252,GB,14180694905,2026-06-13T23:33:49-07:00,1,Not free,I thought this will be free but just to find out unfollower I ain’t paying a monthly subscription. Don’t waste your time if you want the free app!!,147
Instagram,389801252,GB,14180669059,2026-06-13T23:22:29-07:00,5,Fun but…,The algorithm seems to get worse all the time. Shadow banning feeling like the enemy of creativity.,99
Instagram,389801252,GB,14180527793,2026-06-13T22:19:26-07:00,2,Adverts,"Way to many adverts, I have more adverts than reels sometimes 🤦🏻‍♀️",67
Instagram,389801252,GB,14179520394,2026-06-13T15:30:48-07:00,3,Best social media platform but it has one problem,my music added instagram story is unable to share from archives. Please solve this problem so that I can share my previous years stories/ memories.,147
Instagram,389801252,GB,14179378281,2026-06-13T14:37:13-07:00,4,Painful Reel Creation,Lately Reels are losing text which was previously added and recognised just as I go to post the reel - so painful!!!,116
Instagram,389801252,GB,14179338321,2026-06-13T14:21:57-07:00,3,Data usage,"Overall app is great for scrolling when bored, posting or what ever. However… the data usage is… HORRENDOUS mine is holding 16gb of storage",139
Instagram,389801252,GB,14178856060,2026-06-13T11:33:24-07:00,5,Error in posting,Took me three days to make this post. Sad ☹️,44
Instagram,389801252,GB,14177678427,2026-06-13T05:35:08-07:00,5,GIVING 5 STARS SO YOU CAN SEE THIS,NOT HAPPY! AT ALL I JUST GOT INSTAGRAM BACK SINCE DELETING IT BEFORE AND I STARTED MY PROFILE BY ADDING HIGHLIGHTS WELL INSTAGRAM STUPID THING THOUGHT I WAS A BIT AND REMOVED MY ACCOUNT THIS IS LIKE THE 20th TIME! AND ITS ANNOYING OR MAYBE OF I POST A PICTURE/ VIDEO THEY THINK IM A BOT AND REMOVE KY ACCOUNT PLEASE REMOVE THIS! BECAUSE ITS JUST UNFAIR! AND AGRIVATING!😠 AND EVEN WHEN I ADD A STORY CAN YOU JUST SORT IT OUT,423
Instagram,389801252,GB,14177357872,2026-06-13T03:43:51-07:00,2,"Message symbol, but no message there.",Why does instagram keep saying you have a message and there’s nothing there. Won’t go away and is super annoying.,113
Instagram,389801252,GB,14177333117,2026-06-13T03:34:11-07:00,1,Thy killed Instagram,"So fed up of videos on Instagram, this was a photo sharing app, stop trying to be TikTok. Bring back chronological order",120
Instagram,389801252,GB,14177029902,2026-06-13T01:29:30-07:00,3,Problems with accounts,"The app is fine I don’t have any comments on the that but what I have an issue with is the report feature, I come across accounts that should not be on the platform or even sometimes people stealing others identities such as accounts stealing homeless people’s videos to scam others to give them money, I report these accounts and instagram does absolutely nothing and they get away with it 

It’s not safe it’s harmful and genuinely disgusting I’m so disappointed, this needs to be fixed.",489
Instagram,389801252,GB,14176828509,2026-06-13T00:04:25-07:00,5,My art,"I love instagram, and find it it truly inspirational 😁",54
Instagram,389801252,GB,14176616147,2026-06-12T22:31:55-07:00,1,Awful content moderation & so many ads,"No reporting available for misinformation, abuse/harassment goes unmoderated in comments, every 3rd video you get a wall of ads. Also definitely getting worse with each update.",176
Instagram,389801252,GB,14175648303,2026-06-12T16:01:03-07:00,5,Best App,Good and easy to use,20
Instagram,389801252,GB,14175470868,2026-06-12T14:50:52-07:00,4,Reorder story highlights!,"There needs to be a way to put your story highlights in a specific order, without having to add to them",103
Instagram,389801252,GB,14175379230,2026-06-12T14:16:02-07:00,2,wtf,"what the hell has happened to my instagram. a few days ago it was working completely fine. i could repost all videos and now for days now ive been unable to repost anything, all its telling me is thay its restricting videos because of guidelines on every video. fix ur app",272
Instagram,389801252,GB,14175228387,2026-06-12T13:21:50-07:00,1,This instagram is letting under 16,This instagram is letting under 16 bee on instagram.plus the app called theards is letting underage kids use too.and the kids are asking the adults people to show the private things in the picture foto .what means calificar en Spanish is the underage want cee the private thing from the boys and mans.u should investigate every single account and asck for passport or id card verification to use the instagram and theards.end is the parents and instagram and theards.but wend people asck to ban that’s accounts end i am the one getting reported for.,549
Instagram,389801252,GB,14175210450,2026-06-12T13:15:36-07:00,1,The ‘Go to’ app for scammers,"Used to do photos, now does video for people who want you money for fake currency, cloned credit cards and OF videos",116
Instagram,389801252,GB,14174952715,2026-06-12T11:49:17-07:00,3,Allow single photos to be restored if deleted,Instagram says it lets you restore a single photo/video from your post if you have deleted it but it doesn’t let you restore it. It says there’s a restriction and network issue.,177
Instagram,389801252,GB,14162781527,2026-06-09T09:19:44-07:00,1,The new interface,"The most recent update has brought us the worst interface ever, I just want to cry every time I’m texting someone because the new “transparent” feature in the chats is killing my eyes",183
Instagram,389801252,GB,14162726691,2026-06-09T09:03:11-07:00,2,Very good,Very good,9
Instagram,389801252,GB,14162657636,2026-06-09T08:42:28-07:00,1,Update,I don’t like Instagram update they have some weird  update ever I used to stop the video by pressing it with like the reels and they remove that,144
Instagram,389801252,GB,14162414864,2026-06-09T07:30:52-07:00,5,Instagram,"The best social media platform for anyone who is interested in Truth and Justice , Peace  Love and Humanitarian lifestyles",122
Instagram,389801252,GB,14162275067,2026-06-09T06:49:50-07:00,1,Bad Beta version,"I’m using the beta version of Instagram. When I click on Reels sent via DMs, I’m taken back to the home page. Please fix this as soon as possible.",146
Instagram,389801252,GB,14161945789,2026-06-09T05:07:03-07:00,5,Good but.,There is many people unfollowing and leaving me as their “fans” I want to get a notification on people unfollowing me.,118
Instagram,389801252,GB,14161846576,2026-06-09T04:33:00-07:00,1,Ever decreasing circles,Just not as good as it was,26
Instagram,389801252,GB,14161424808,2026-06-09T01:40:28-07:00,1,banning,"you keep banning me for no reason and won’t let me make new accounts , you don’t even look at the appeals it’s ridiculous",121
Instagram,389801252,GB,14161372472,2026-06-09T01:16:01-07:00,5,Ggk,"Instagram account bans can be extremely frustrating when users have followed the platform's guidelines and policies. Many people claim their accounts were disabled without a clear explanation, leaving them confused about what they did wrong. While automated systems help detect spam and harmful activity, they can sometimes mistakenly flag legitimate accounts. The appeal process may take time, and some users struggle to regain access despite providing the required information.",479
Instagram,389801252,GB,14161164751,2026-06-08T23:37:49-07:00,4,Categorisation  of accounts I follow,"Hey Instagram, can you implement a new function so that I can categorise the accounts I follow- so that I can choose what type of content I want to view? I.E I may categorise the accounts I follow into finance, fashion, food etc!",229
Instagram,389801252,GB,14161059696,2026-06-08T22:49:20-07:00,5,Great experience,Very useful way to reach people,31
Instagram,389801252,GB,14160304914,2026-06-08T17:27:48-07:00,1,No call centre to speak to anyone re AI automated issues!!,Banned me for no reason and no route to resolve!! Wtaf. AI amateurs,67
Instagram,389801252,GB,14160238665,2026-06-08T17:01:46-07:00,3,Taking up too much storage,Is there a way to clear cache or something on the app? It’s taking up 10GB of storage and I don’t know why. I don’t edit anything on the app or keep drafts I only post. Is the only way to really just delete the app then download again every time?,246
Instagram,389801252,GB,14160104862,2026-06-08T16:07:35-07:00,2,New update,What is with this new update that doesn’t let me pause a reel? I could do it earlier. Can you switch back to that? It’s hard and annoying not to be able to.,156
Instagram,389801252,GB,14159785941,2026-06-08T14:04:38-07:00,2,How it's amazing when the ap don't confuses real account for a bot in every ২ days in a week?,i’m having a really bad experience with this app. I maintain a business on this app and in every two and three days they are confusing my account as I bought account and putting me on our restriction that is really frustrating and that is demotivating my ambition to do business or post anything on Instagram.,309
Instagram,389801252,GB,14159651456,2026-06-08T13:16:24-07:00,3,Good but could do with some improvements,"Firstly, this is a social media app that has stopped being social, I understand that it’s a good opportunity to monetise the app but most of the main feed is so full of advertising you can’t engage with content you actually choose to follow. Secondly, there should be the option to rearrange your feed (I know it’s available to a few countries but can we make it a global thing?)",379
Instagram,389801252,GB,14159491664,2026-06-08T12:22:13-07:00,3,Video glitches,Every time I try to watch reels the videos start glitching out and flipping upside down,87
Instagram,389801252,GB,14159247217,2026-06-08T11:01:36-07:00,1,Comment,"A lot of glitches my feed won’t refresh same as the reels and whats with the updates , once every week",102
Instagram,389801252,GB,14158653902,2026-06-08T07:58:16-07:00,1,Last two updates very buggy!,"First I couldn’t close browser if opened in insta, now it can’t find any of my photos on my phone so I cannot post any stories. So I’m bound to live anonymously now?",165
Instagram,389801252,GB,14158153123,2026-06-08T05:24:06-07:00,1,Bad....,Why I can’t use this version in my ipad mini 2? Meta should make a version which can be used in older version of ipad.,118
Instagram,389801252,GB,14157969453,2026-06-08T04:20:02-07:00,1,Too many ads,"The ads & ""suggested posts"" are constant it's awful. I just want to see people I follow but now every other story is an advert. Sad.",132
Instagram,389801252,GB,14157403071,2026-06-08T00:08:43-07:00,1,bad,instagram put my account as a child and im not and the app made me in a charlie damelio channel which i dont appreciate at all but ok and it keeps glitching for no reason and its just weird 🤬🤬🤬🤬🤬,195
Instagram,389801252,GB,14157347408,2026-06-07T23:41:40-07:00,5,So good,It’s great!,11
Instagram,389801252,GB,14156514638,2026-06-07T17:30:05-07:00,1,Tap to pause + places,"You can’t tap to pause a video anymore because of the stupid popup. 

Also they removed places from search results 🤦🏻‍♂️",120
Instagram,389801252,GB,14156494957,2026-06-07T17:22:07-07:00,1,bad experience,i hate instagrams now it suspended my account i opend over 31 time it suspended all of them for no reason insta should shame of it self i lost my meme page everything it was 100k followers one i lost so much i might quit,220
Instagram,389801252,GB,14155501107,2026-06-07T11:10:11-07:00,5,67,very 67 diddyblud,17
Instagram,389801252,GB,14154851938,2026-06-07T07:51:55-07:00,1,Disgusting,"Disguising ads as reels dirty practices by a dirty company, rotten to the very core

UPDATE

YOU DIRTY SCUMMY RATS 

ADVERTS AFTER FRIENDS STORIES, ADVERTS AFTER EVERY REEL, FORCING OTHER CONTENT INSTEAD OF MY FOLLOWERS/FOLLOWING YOU DIRTY SCUM DO NOT DOWNLOAD INSTAGRAM BOYCOYT INSTAGRAM 2026!!!!!!!!!",302
Instagram,389801252,GB,14154642317,2026-06-07T06:49:50-07:00,5,M K,Nice work,9
Instagram,389801252,GB,14154622080,2026-06-07T06:43:43-07:00,1,"Account suspended due to a linked account I havnt even got access too , no help just useless AI","I got suspended on my Instagram account and my Facebook due to a linked account apparently breaking community guidelines which by the way I don’t have access to and every time I try to get into it I feel the verification try and get help. All I get is AI sending them into the Health section which send me back to the AI absolutely useless going around the circles loss of a 10-year-old account with 2000 followers and people that I be able to find ever again old friends, et cetera all because Instagram is useless, maybe don’t have a social app with no people that help just artificial intelligence which intelligence should be used lightly because they’re pretty stupid.",673
Instagram,389801252,GB,14153977535,2026-06-07T02:58:11-07:00,5,Razones,"Contar, vivir, ver , leer y disfrutar son las oportunidades que ofrece Instagram 👍🏼",83
Instagram,389801252,GB,14152463950,2026-06-06T16:21:09-07:00,1,STORIES ARCHIVE,"WHY can’t you unarchive stories if you accidentally archive them whilst they’re live, and WHY can’t you reshare it whilst it’s still within the 24hr period? Also WHY doesn’t it give you a warning before archiving it???",218
Instagram,389801252,GB,14152427777,2026-06-06T16:06:03-07:00,1,Issue with account glitches,There is something wrong with my account. My posts number is inaccurate and my followers can’t see what I’ve posted. There seems to be a glitch on my account which I have reported to instagram around 6 times. They have not gotten back to me or fixed the problem. This is really upsetting.,288
Instagram,389801252,GB,14152349125,2026-06-06T15:33:06-07:00,1,The effect,I can’t search effects,22
Instagram,389801252,GB,14151908768,2026-06-06T12:43:31-07:00,5,Golf Content,"Love what I can do on IG
AI, followers can interact, polls etc.  my go to instead of FB",87
Instagram,389801252,GB,14151873220,2026-06-06T12:30:56-07:00,5,nice,👍😊,2
Instagram,389801252,GB,14151659014,2026-06-06T11:17:43-07:00,4,Review,"There are too many ads and creeps adding me on instagram, making me feel unsafe and worried. Though it is easy to block them and go about my day. Instagram can be buggy at times. Though it is better than tik tok as there is better content and humour and not random people trying to sell you un-needed items. This app is highly reccommended for people with dark humour.",368
Instagram,389801252,GB,14151439961,2026-06-06T10:07:12-07:00,5,COMMENT SECTIONS ARE PEEK,Brilliant app for all ages,26
Instagram,389801252,GB,14151216381,2026-06-06T08:59:12-07:00,3,New update,"My phone automatically updated my IG app and some of the videos are flickering, or upside down. I dont like it.",111
Instagram,389801252,GB,14150513861,2026-06-06T05:31:33-07:00,5,Sam Shaker Jazz After Dark,Very enjoyable .,16
Instagram,389801252,GB,14150389682,2026-06-06T04:50:18-07:00,1,"Extremely Frustrating Experience, Business Portfolio Restricted Despite Following All Meta Guidance","Hello Instagram Support,

I’m unable to boost posts on my Instagram account @clixplore. Meta Business Suite shows that my business portfolio is restricted and “not allowed to advertise”, despite my account only being used for landscape and nature photography.

I’ve also tried promoting posts without a Facebook Ad Account, but the issue remains. Could you please review my account and advise what restriction has been applied and how it can be resolved?

Thank you for your help.",480
Instagram,389801252,GB,14150256297,2026-06-06T04:02:10-07:00,5,Flash filter effect and AI Create Option,Still not getting flash filter effect and other create options using AI in my Instagram. Have uploaded the app and tried other tricks.,134
Instagram,389801252,GB,14150224336,2026-06-06T03:49:58-07:00,2,Drafts,I’m trying to save on my drafts posts because I want to edit them slowly when I’m free and I just edited my post and even pressed save to draft again and now when I go back to draft that post I edited is gone…. If I’m honest it may be coz of the new update which is so annoying pls fix it because I genuinely enjoy insta but I can’t if this types of bugs is gonna happen,370
Instagram,389801252,GB,14148673742,2026-06-05T17:05:36-07:00,3,Caption glitch,"Omg recently when I’m watching reels the captions don’t match the video and it’s just gives me the same caption for multiple videos, and yes my instagram is up to date can you guys please fix this thanks",203
Instagram,389801252,GB,14148388983,2026-06-05T15:10:53-07:00,5,Thank you,thank you,9
Instagram,389801252,GB,14147728362,2026-06-05T11:14:15-07:00,5,Brilliant,Instagram is the best social media app,38
Instagram,389801252,GB,14147620648,2026-06-05T10:39:15-07:00,2,Music,Music part doesn’t work for me;I reported it thousands times but it hasn’t been fixed yet.,90
Instagram,389801252,GB,14147312735,2026-06-05T09:05:14-07:00,5,Top dog,Love the app so good.,21
Instagram,389801252,GB,14147150442,2026-06-05T08:18:20-07:00,1,New update SUCKS,New Algorithm sucks literally nobody asked for reels to be mixed with pictures when scrolling and WHERES THE PAUSE BUTTON,121
Instagram,389801252,GB,14146470509,2026-06-05T04:59:43-07:00,3,I like it.,"A very good app,I just wish they’d update it to one can be able to rearrange posts on their personal page.",106
Instagram,389801252,GB,14146170318,2026-06-05T03:09:38-07:00,1,Private Account issue,Why won’t you let me update my account to private. Every time I try to. It won’t let me do it 🤬,95
Instagram,389801252,CA,14288417120,2026-07-10T19:23:05-07:00,1,Don’t recommend,Don’t recommend to get it because it doesn’t let me post anything on my story,77
Instagram,389801252,CA,14288376850,2026-07-10T19:08:06-07:00,5,Gratitude,Truly appreciate having the ability to continue to create art without using “AI” capabilities.,94
Instagram,389801252,CA,14288045338,2026-07-10T17:01:59-07:00,1,PLS FIX! can’t add full videos to carousel post,"i’m trying to make a carousel post (not an ad) with photos and 3 videos. the longest video is 1 min 39 sec. when i select it, the whole thing plays. when i add the other videos to the carousel, the long video only plays for a minute. i would really like to be able to add the full video in addition to the other vids, pls fix!!",327
Instagram,389801252,CA,14287974291,2026-07-10T16:33:46-07:00,3,PUBLIC PROFILE REQUESTS,"So i’ve stopped following accounts for the past weeks and i still face this problem, whenever i follow someone whether it’s a public or private account, it always says “your request is pending” i hope you can fix this issue. Thank you",234
Instagram,389801252,CA,14287866162,2026-07-10T15:50:39-07:00,1,Comments won’t load,Fix it pls,10
Instagram,389801252,CA,14287657974,2026-07-10T14:29:40-07:00,1,Can’t go live because I don’t have 1000 followers,"I can no longer do livestreams because I don’t have enough followers. How stupid of an update this is, I don’t even know that many people. I broadcast work for interested people and now my platform to do so is gone.",215
Instagram,389801252,CA,14286300062,2026-07-10T07:20:10-07:00,1,Creators beware,Meta just enabled a “feature” that allows other people to steal and use your art or content for their own purposes. This setting is defaulted to “on” to try and deliberately steal from you.,189
Instagram,389801252,CA,14285961414,2026-07-10T05:43:06-07:00,5,GOAT of Apps,One of the greatest apps of all time,36
Instagram,389801252,CA,14285746306,2026-07-10T04:35:21-07:00,5,Mint,Solid,5
Instagram,389801252,CA,14285358405,2026-07-10T02:12:23-07:00,1,Constantly suspending accounts,"I have gave instagram a 1 star as they have constantly been banning every single account I’ve made without even giving me a chance to redeem myself and prove myself. Every single time it’s the same process whenever I log into my account on my phone it automatically suspends me in 30 minutes. This is insanely infuriating and a nuisance as trying to get your account back is extremely hard. I’ve done my research and saw that I’m not the only person with this problem which proves how big of an issue this is. Instagram isn’t necessarily a bad app as I have many memories with it, however all of those memories are gone as instagram decided to suspend all my accounts. I would give instagram a 5 star review if they gave my account back without making me do a long appeal process that never works 90% of the time. So, hopefully Instagram can give me all of my accounts back as then Instagram WILL be getting a 5 star review from me but if not this 1 star review will stay. However I doubt this will happen as Instagram asks for too much personal information just to appeal your account.",1086
Instagram,389801252,CA,14284863061,2026-07-09T22:41:11-07:00,1,shared albums,"PLEASEEE remove the shared album feature, it looks ridiculous when trying to send more than one picture at a time. genuinely who asked for this",143
Instagram,389801252,CA,14284564898,2026-07-09T20:35:25-07:00,1,Terrible,Terrible,8
Instagram,389801252,CA,14284057212,2026-07-09T17:20:27-07:00,1,Suspension of two accounts,My Instagram accounts were suspended without a clear reason. I have used these accounts for over 8 years and do not believe I violated any rules. I am willing to verify my identity if needed. Please review and restore my accounts. Thank you.,241
Instagram,389801252,CA,14284042597,2026-07-09T17:14:43-07:00,1,FIX YOU’RE APP !!!!!,I cant open the setting at all it just says come back later it needs to be fixed,80
Instagram,389801252,CA,14283090685,2026-07-09T11:34:26-07:00,1,Why am I forced to share MY CONTENT to feed your AI SLOP?,Title,5
Instagram,389801252,CA,14283076440,2026-07-09T11:29:46-07:00,1,The home shopping channel,"Want to be inundated by scientifically designed ads generated in a lab to emotionally distort your perception of reality? 

Give Instagram a try, it’ll mess you up permanently.",176
Instagram,389801252,CA,14282992415,2026-07-09T11:02:54-07:00,5,Archive options,An opinion to archive multiple photos at once would be awesome and a option to unarchive multiple photos at once aswell to make changing up profiles with tons of photos and videos easier instead of having to go one by one!,222
Instagram,389801252,CA,14282457628,2026-07-09T08:23:47-07:00,2,ai,STOP PUSHING AI ON THE USERS!!!,31
Instagram,389801252,CA,14282110930,2026-07-09T06:46:44-07:00,1,I DO NOT WANT SOUND ON,"So not only do reels turn sound on by default, but now I’ve got the volume on my iPhone turned right down to zero and somehow even then the reel plays with sound? Why are you so intent on me hearing these things? I’m just going to stop watching them entirely",258
Instagram,389801252,CA,14282087153,2026-07-09T06:40:03-07:00,5,Goood,Super gud,9
Instagram,389801252,CA,14281741555,2026-07-09T04:56:18-07:00,5,Filip,Thanks so much for an amazing platform to express myself 👍,58
Instagram,389801252,CA,14280513432,2026-07-08T20:42:46-07:00,1,Worse than brain rot,ITS SOULROT delete and go live life!,36
Instagram,389801252,CA,14279767083,2026-07-08T15:58:32-07:00,5,I love instagram,"Yes, I do",9
Instagram,389801252,CA,14278635572,2026-07-08T09:25:30-07:00,1,Censorship,META needs to work for users not elites,39
Instagram,389801252,CA,14278331205,2026-07-08T07:56:08-07:00,1,Account Disabled,My VERIFIED business account has been disabled for about three months. I have contacted “META” support in many different ways and have had copy and paste responses from many different representatives with zero resolve.  It’s actually a big fail on their part and their AI algorithms are garbage. I have started probably about 10 different help tickets with them and every one of them gets closed without answers.,412
Instagram,389801252,CA,14277401989,2026-07-08T02:59:58-07:00,2,Stopped working,"The app won’t load, I tried uninstalling it and it won’t even redownload.",73
Instagram,389801252,CA,14276690669,2026-07-07T21:52:23-07:00,4,Newbie greenhorn getting used to the Insta swing of things.,The only knock I have with Instagram is the amount of postings that are limited that I can do to my people that I follow I feel that that shouldn’t be a sudden limit ban for such a small follower like myself.,208
Instagram,389801252,CA,14276636725,2026-07-07T21:28:53-07:00,1,quit using ai slop to determine bans,i’m getting banned for no reason and it’s because you guys use AI for everything,80
Instagram,389801252,CA,14276536255,2026-07-07T20:46:44-07:00,1,No sirve,Bro te quita tus cuentas por ni un motivo que asco de app,57
Instagram,389801252,CA,14276128882,2026-07-07T18:10:10-07:00,1,Plebeian,"This is one of the most plebeian apps ever to walk the face of the earth. With its pink rhinos and purple apes, this app has thoroughly traumatized me and my view on the colours. I sincerely hope that Pep Guardiola comes to your HQ and asks you to friend him on messager. Thanks for your time, Mr. Plebeian.

PS. This application has also hurt my feelings, as some green goblins and grey wolves insulted me in the most grievous of ways. They made comments on my intelligence and insulted my appearance. This app also tracks your every movement and spies on you through your camera. 
Don’t get this app",601
Instagram,389801252,CA,14276018398,2026-07-07T17:27:58-07:00,4,Bug,I can’t post pictures in comments is it a bug or sum?,53
Instagram,389801252,CA,14275710391,2026-07-07T15:26:18-07:00,5,Voice message scrubbing,Please bring back the ability to rewind and fast-forward voice messages. It was a very useful feature.,102
Instagram,389801252,CA,14275592280,2026-07-07T14:40:54-07:00,3,App not opening,After most recent update the app is not working,47
Instagram,389801252,CA,14275406974,2026-07-07T13:33:44-07:00,1,Nothing but ads,I opened instagram a moment ago and it was seven back to back ads.,66
Instagram,389801252,CA,14274675929,2026-07-07T09:35:52-07:00,2,Layout is terrible,Can you please change the profile layout back to square.. the rectangle looks so ugly!!!,88
Instagram,389801252,CA,14274534614,2026-07-07T08:55:10-07:00,3,Thing to improve,"I think there isn’t any community moderation. There are people who encourage violence and bullying. You can report them, but nothing happens.",141
Instagram,389801252,CA,14273330554,2026-07-07T02:35:36-07:00,5,Insta,Fantastic,9
Instagram,389801252,CA,14272890248,2026-07-06T23:26:43-07:00,1,Critical Bug: Captions automatically cut off at 695 characters!,"There is a major publishing glitch in the latest update. If a caption exceeds 695 characters, Instagram automatically truncates the text the exact moment the post goes live. But the official limit is 2,200 characters, and the system forcibly cuts it at 695.",257
Instagram,389801252,CA,14272680732,2026-07-06T21:54:15-07:00,1,Please help,The app doesn’t let me open it!,31
Instagram,389801252,CA,14272514394,2026-07-06T20:43:22-07:00,1,Angry,"They keep telling me to log in on another device and this is myyyyy account 
I hate this app 😡😡😡",96
Instagram,389801252,CA,14272431313,2026-07-06T20:09:42-07:00,1,It won’t let me in,"I have an IPhone 8 Plus and I was able to download insta but everytime I try to get in, it will kick me out right away.",119
Instagram,389801252,CA,14272293111,2026-07-06T19:16:16-07:00,1,Doesn’t tell me when to update,it doesn’t tell me when to update and then my friends think im a dinosaur,73
Instagram,389801252,CA,14272172357,2026-07-06T18:30:52-07:00,1,Bans,Randomly banned my account for no reason the ai is to sensitive on the app,74
Instagram,389801252,CA,14272042092,2026-07-06T17:41:42-07:00,1,It’s damaging my phone?!,"The new Ai features they’ve added make it so I can’t have this app open for longer than 5-10 minutes before my phone starts getting hot?!?? It’s this and a few other apps where there is constant Ai being shoved down your throat. I don’t need a summary or description of the post I clicked on ?!?? The post itself is the content why are you treating the content like it’s a problem?????

(Previous review:)
Instagram is generally a good app and I use it as a platform for my art and small business but I hate this new lack of order to posts I’m seeing. I can’t tell what’s new anymore and it’s incredibly frustrating.",616
Instagram,389801252,CA,14271752949,2026-07-06T15:48:53-07:00,5,Excellent,Incredible,10
Instagram,389801252,CA,14271664868,2026-07-06T15:14:52-07:00,1,app wont open,ever since the update im unable to open the app. it just keeps crashing,71
Instagram,389801252,CA,14271595585,2026-07-06T14:48:40-07:00,5,A Review from Alicia.Nicole*,Mark. Thanks for absolutely everything you’ve ever done.,56
Instagram,389801252,CA,14271310799,2026-07-06T13:06:32-07:00,1,Crash,My instagram is crashing as soon as I’m trying to open it. It has been happening since 3 days now. Pls help,107
Instagram,389801252,CA,14271304224,2026-07-06T13:04:25-07:00,5,The only app I know to use,Been here since the start and it’s always been such a straight forward app,74
Instagram,389801252,CA,14271159521,2026-07-06T12:17:19-07:00,1,Slop,"Every update ruins this app more by the daily.  It’s been consistent since 2019 at least.  Who in their right mind wants to create a shared photo album when sending 2 pictures, which also is 10 times slower, and will create a half dozen albums if you press it more than once since it’s lagging",293
Instagram,389801252,CA,14221842629,2026-06-24T12:41:12-07:00,1,Terrible experience,Why does this thing that plays videos and shows photos weigh 600 megabytes?..,77
Instagram,389801252,CA,14221769224,2026-06-24T12:16:45-07:00,2,so buns,the reels are funny sometimes but ts don’t work bruh 😠,54
Instagram,389801252,CA,14219269466,2026-06-23T21:38:42-07:00,1,Yoooooooooo,Pure brainless cattle slave slop take back you mind now NO PERCY DONT EAT THE FLOWER IT KEEPS YOU HERE,102
Instagram,389801252,CA,14219060386,2026-06-23T20:11:29-07:00,1,Horrible decision for the comment section.,"The app and devs added a new feature that allows users to upload a photo from their gallery to the comment section. This is the worst decision they ever made, that any app can ever make especially with horrible moderation. I’ve had friends tell me of how many inappropriate images they’ve seen and the people in charge of instagram aren’t doing anything or moderating to prevent people spreading these inappropriate and disgusting images online. There’s younger audiences in this app. And they aren’t protecting the young audience but instead giving more power to predators and people with bad attentions roam spreading inappropriate images and gore in the comments. They need to get rid of this feature immediately. And we as people can’t be desensitized like we mostly are to very serious things. This is serious and I will not be shut in stopping this inappropriate behaviour and actions people are getting away with. Please instagram take this feature away. Protect the young audience and care about them and their safety, not allowing people get away with this horrible and disgusting behaviour.",1100
Instagram,389801252,CA,14218963522,2026-06-23T19:31:00-07:00,5,Nayab,It is a good app to call and see who you follow and what the send,65
Instagram,389801252,CA,14218786051,2026-06-23T18:20:02-07:00,3,get rid of shared albums,omg get rid of shared albums it’s so horrible and annoying OR make it an option to send as a shared album instead of it being the default,137
Instagram,389801252,CA,14218761034,2026-06-23T18:10:03-07:00,1,Banned,I’ve been banned 7 times for no reason at all,45
Instagram,389801252,CA,14218734435,2026-06-23T17:59:27-07:00,4,Photo sizing,The stories really need better sizing. Not impressed,52
Instagram,389801252,CA,14218591589,2026-06-23T17:01:41-07:00,1,cant log back in,i deactivated my account for a week and im trying to log back in saying its the wrong password when i literally changed it so many times,136
Instagram,389801252,CA,14218286708,2026-06-23T14:58:35-07:00,1,Broken since last update,"Just updated the app and now nothing loads. Blank pages with poster names but nothing else, reels don’t load. Worked fine yesterday now the app is garbage.",155
Instagram,389801252,CA,14218286362,2026-06-23T14:58:27-07:00,1,Not working on wifi,"Why the hell this new update made Instagram stopped working on wifi network? Everything else is working fine, but only Instagram isn’t working. FIX IT",150
Instagram,389801252,CA,14218281820,2026-06-23T14:56:44-07:00,1,Fixing,Cool app but not looking good for June 23/26 just updated it today and lots of glitches thanks,94
Instagram,389801252,CA,14217942219,2026-06-23T12:52:47-07:00,2,STOP UPDATING THINGS NOBODY WANTS,"There is no reason for yall to keep adding features that nobody wants. If your app is good you can just leave it good, you don’t need to keep working double time to try and make it worse again. Can you PLEASE get rid of this stupid new feature where there’s constantly that tab popping onto the screen now? Or at LEAST make these things settings that can be turned off? Please",376
Instagram,389801252,CA,14217559470,2026-06-23T10:45:38-07:00,1,"they protect the pdf, racist and homophobic pos",the whole reporting system is broken. you can be racist and call black peoples monkey but you can't say that someone is a racist pos? doesn't make any sense. you can be the worst human being of all time and be an homophobic sob but i can't wish death upon your kids? it simply doesn't make any sense. the fact that they rather censor word like pdf and 🍇 rather than make it an environment where the people who matter (not the pdf nor the 🍇ist) are protected show how corrupt they are,483
Instagram,389801252,CA,14217372489,2026-06-23T09:46:50-07:00,1,Random Updates and Lost Following,"Instagram needs to stop randomly changing their layout and icons. I feel like every other week there’s a new visual update. Its confusing, dysfunctional, and completely unnecessary. People thrive on habits. The new updates throw our habits off and everyone ends up getting annoyed every single time. Its like instagram is a teen who can’t choose what aesthetic they are going to wear. Stop moving things around! 

The other HUGE problem is that Instagram keeps pushing reels and other creators content all the time to increase view count. While this seems good, it completely defeats the purpose of being able to connect with friends online. The home area should be in the center and with ONLY content from the people we follow. We shouldn’t have to have a filter for this. There shouldn’t be people we don’t follow popping up when we use the following filter.

If Instagram can’t stick to one layout and prioritize keeping a place for only people we follow, we are going to use a different app. Either someones going to make a better app that replaces Instagram or we will move back to Facebook.",1096
Instagram,389801252,CA,14217286836,2026-06-23T09:20:39-07:00,1,My accounts keep getting banned,"I apparently violated some community guidelines on child exploitation, I don’t know any children nor do I talk to any children. Every account I’ve made after the ban has gotten suspended. They let my appeal go for too long unreviewed my account got banned. I lost contact with so many people. Garbage app with no way to contact anyone for help or to complain. They’ll accuse you of being a predator with no proof to back it up 🤩",428
Instagram,389801252,CA,14217229268,2026-06-23T09:03:12-07:00,1,Refuses to take down a fake account of my partner,"Instagram refuses to take down a fake account made about my partner. I am disgusted by this and honestly their business model of surveillance capitalism. Bring back the instagram that is just seeing your friends, is not addictive, and take it seriously when people need accounts taken down.",290
Instagram,389801252,CA,14217096612,2026-06-23T08:23:40-07:00,1,Wrongfully banned,"Yeah, after 6-8 years of owning my main account, insta nuked it for literally no reason? Well because they thought I was a bot, it utterly ruined my week honestly seeing an account I worked so hard to build up is now just gone, no chance to get it back, I tried appealing but, 5 minutes later I got an email letting me know they disabled my main account and spare, it was disappointing after supporting the app for so long, truly lost all interest on using insta after this new meta Ai was put in, and now with the meta Ai, they practically have 0 ways to contact an actual human, I’d recommend just ditching the app, it losts its charm years ago",646
Instagram,389801252,CA,14216651617,2026-06-23T06:11:10-07:00,5,people’s,Meetings People ⚡️,18
Instagram,389801252,CA,14216301459,2026-06-23T04:14:00-07:00,1,Can’t make calls anymore???,"Tried to call my friend back today and I got a pop up saying I need to “update the app to continue calling” so I could “keep up with meta ai features”. 

First of all, I am on a much older IOS that is not compatible with the newer updates , so this is COMPLETELY inaccessible to me. How is this fair and how is this smart?????

Secondly, I don’t WANT these new ai features. My voice calls worked perfectly FINE before them and I would like to keep it that way.

Stop ruining this app and making it completely unusable!!!!!",522
Instagram,389801252,CA,14216288932,2026-06-23T04:09:25-07:00,2,Great update but too many ads,I like the new update but there are still way too many ads,58
Instagram,389801252,CA,14215845601,2026-06-23T00:56:25-07:00,1,Privacy breach- Very very unsafe platform (instagram does not help to protect your privacy),"I am very disappointed with Instagram’s account recovery and security support. My account was hacked, and despite still having access to the associated email and receiving login codes, the recovery process does not restore access properly.
The system keeps looping through verification steps without allowing full account recovery, even though unauthorized login attempts are clearly being detected (for example, login alerts from unknown devices).
This creates a serious security concern. A user can still receive verification emails but remain locked out of their own account, while the attacker may still maintain control or re-establish access.
Instagram’s current recovery flow is confusing, inconsistent, and not effective in helping legitimate users regain access to compromised accounts.
I strongly urge Instagram to improve:
Clearer recovery steps when email access is still valid
A direct way to override unauthorized sessions after verification
Faster human support for hacked accounts
Better protection against account takeover persistence
Account security should not depend on repeated failed loops or unclear verification paths. This experience has been frustrating and does not inspire confidence in Instagram’s ability to protect users.",1252
Instagram,389801252,CA,14215791317,2026-06-23T00:29:57-07:00,5,About Account Suspension,"Hey instagram, i have been suspended from instagram like 20-30 times i would appreciate if you could get my and other peoples disabled accounts back and for appeal please remove the (Upload your ID) Verification teenagers are also making content for instagram and for their self overall i like this app but this thing tease me alot 
Thank you 
Regards",351
Instagram,389801252,CA,14215129761,2026-06-22T19:26:56-07:00,1,Image update,Ever since the new image in the comment section update my feed has just been straight porn. When reported it doesn’t even get removed it says that there were no guidelines violations A GUY WAS MASTURBATING. You need to rather fix this or change the apps rating from 13+ to 18+,276
Instagram,389801252,CA,14215102004,2026-06-22T19:15:49-07:00,1,P,"My account got banned for no reason, instagram did not help recover it, there goal is money money money. This is the worst experience I have had with an app",156
Instagram,389801252,CA,14214701040,2026-06-22T16:36:42-07:00,5,Bob😏,Its good,8
Instagram,389801252,CA,14214653019,2026-06-22T16:17:27-07:00,1,Too many ads,👎👎👎👎👎👎,6
Instagram,389801252,CA,14214155487,2026-06-22T13:11:10-07:00,1,false ban,you falsely ban my main account then instantly ban every account i create you guys as a business have gotten very scummy and greedy with this A.I. BS,149
Instagram,389801252,CA,14213812988,2026-06-22T11:16:28-07:00,1,garbage app,"got banned on a 10 year old account because meta ai didn’t believe i was human, maybe actually hire employees instead of using your cheap garbage ai to save money",162
Instagram,389801252,CA,14213529996,2026-06-22T09:48:08-07:00,1,Album feature in DMs,Remove this please it’s not helpful. At least give users the option to toggle it off. The feature doesn’t even work well and I can’t send photos normally. Also let us rewind voice messages. These new updates are not helpful,223
Instagram,389801252,CA,14212021637,2026-06-22T01:09:13-07:00,1,"accidentally updated. horrible, deleted.",new comments and how ads work forces you to open ads when reading comments. the greed is disgusting. actually tricking people to open ads. deleted,146
Instagram,389801252,CA,14211832040,2026-06-21T23:38:08-07:00,2,Content,"This new update with photos in comments has to be instagrams last straw 😭🥀. What do you mean i found 20+ photos of genitals, sexual activity, and fisces in a single post🫩. The worst part is Instagram has the worst regulators who are probably doomscrolling while users are complaining about discrimination and content that desensitizes sensitive topics like Charlie Kirk's death or the Epstein files. And you can't tell me to ""Just toggle to not interested"" when yall need peoples everyday data to show those reels and posts in the first place. Instagram developers need to understand that people seek this platform as a playground for their incompetent thoughts that actually harm so many people and is seperating us as a community.",732
Instagram,389801252,CA,14211649271,2026-06-21T22:09:14-07:00,1,Instagram plus,"Instagram plus is useless, doesn't get rid of ads, I'd accept an option to pay more money monthly just to get rid of the ads tbh, then I'd rate 5 stars, I mean look at my username",179
Instagram,389801252,CA,14211576221,2026-06-21T21:34:31-07:00,3,Fix your instagram plus bugs,.,1
Instagram,389801252,CA,14211341425,2026-06-21T19:48:46-07:00,1,Clc,Tu me clc ✌️🫩🥀,14
Instagram,389801252,CA,14210912069,2026-06-21T16:51:56-07:00,1,Stupid,Annoying,8
Instagram,389801252,CA,14210577461,2026-06-21T14:34:03-07:00,5,Insta gram,Its awesome I recamend,22
Instagram,389801252,CA,14210471851,2026-06-21T13:53:35-07:00,1,false ban through ai,"just one of the other thousands of users randomly banned for a false claim via metas ai, losing a business, lifelong connections, and any form of regaining them after over a decade.",181
Instagram,389801252,CA,14210178498,2026-06-21T12:08:24-07:00,5,Great app,Tremendous,10
Instagram,389801252,CA,14209938770,2026-06-21T10:48:24-07:00,5,Love it,I love it,9
Instagram,389801252,CA,14208746848,2026-06-21T04:36:44-07:00,5,Life,This has become an integral part of life,40
Instagram,389801252,CA,14208257482,2026-06-21T01:15:46-07:00,5,IG,Satisfied😎,10
Instagram,389801252,CA,14207990036,2026-06-20T23:18:49-07:00,3,Reels and algorithm content settings,"The reels algorithm sucks, I constantly reset my content suggestions to not see sexual content and it still shows up on reels, all the while I’ve never spent time to watch explicit content, I have set the sexual content to be “less” and it still doesn’t stop it showing up on reels. Everytime I reset the content suggestions and I have multiple times, the first few videos the algorithm shows me is sexual adjacent or straight up sexual content. It’s fighting me. I don’t like it. The reels algorithm is really bad for consumers and needs to be fixed. This goes for all content people don’t want to see on their reels too by the way. Please. I hate looking at my reels.",669
Instagram,389801252,CA,14207765113,2026-06-20T21:38:35-07:00,5,Good vibes,(;,2
Instagram,389801252,CA,14207056131,2026-06-20T16:48:03-07:00,2,Not updated,"I’m unable to see the updated filters, and the search option is also missing. Please fix this issue.",100
Instagram,389801252,CA,14206599349,2026-06-20T13:43:44-07:00,1,Get rid of friends suggestions on stories,Please get rid of the Friend suggestions that keep showing up on a story section. I don’t want to see that get rid of it.,121
Instagram,389801252,CA,14206576943,2026-06-20T13:35:13-07:00,1,Lost its way,This app is making it progressively more difficult to see my friends posts. I follow people for a reason. I want to stop having strangers content airdropped onto my feed as a default setting.,191
Instagram,389801252,CA,14206529822,2026-06-20T13:17:38-07:00,2,Filters,"My Instagram is updated, but still I don’t have flash filter and lofi dusk filter  why ???",90
Instagram,389801252,CA,14206404549,2026-06-20T12:32:22-07:00,1,Too many ads,Full of too many ads and not of my friends and followers content.,65
Instagram,389801252,CA,14206281188,2026-06-20T11:49:24-07:00,1,Problems with creating an album inside a conversation,I really have a hard time trying to create an album inside of a conversation. I know this is a new feature but it's doing it automatically when I send multiple pictures. Cannot see the feature when I send only one picture when I long press.,240
Instagram,389801252,AU,14273276978,2026-07-07T02:13:40-07:00,1,"Well, that wasn’t a fix…","I click on Instagram and it closes right away, I can’t access it now. Not a phone issue, an app issue.",102
Instagram,389801252,AU,14273217209,2026-07-07T01:49:05-07:00,1,Meta Support,"Overall Instagram is a good app, but AI Meta technology is terrible, last month my account got hacked and they did nothing to help. I then created a new account and they then suspended it again. This is the third time I have needed to create and account and do multiple appeals. The AI support is repetitive, useless and doesn’t help at all!",341
Instagram,389801252,AU,14272889947,2026-07-06T23:26:34-07:00,1,Instagram stop working,My instagram stop working after I updated the app even after I uninstall it and install it again n again it still doesn’t work! Please help me,142
Instagram,389801252,AU,14272749746,2026-07-06T22:24:41-07:00,5,Fabulous Bargains!!!,What a great idea sharing the love of clothes.,46
Instagram,389801252,AU,14272433520,2026-07-06T20:10:36-07:00,2,Update not working,I have an iPhone X. The recent Instagram update is not working. App starts then closes right away,97
Instagram,389801252,AU,14272259322,2026-07-06T19:03:41-07:00,1,crash,the app wont open after i updated,33
Instagram,389801252,AU,14272178230,2026-07-06T18:33:01-07:00,1,Slopgram,Its gross and tedious and not fun anymore. Everything is ai. The ai trains off everything you say and do even in provate messages. I only have it atill to talk with one mutual. I hate instagram. When will these idiots realise hmmm maybe the people dont want ai shoved up their throats and out their rectums!?,308
Instagram,389801252,AU,14272147877,2026-07-06T18:21:27-07:00,5,Amazing,Wonder portal for 100% leads,28
Instagram,389801252,AU,14271664974,2026-07-06T15:14:55-07:00,1,App doesn’t work,The latest version doesn’t open on older iPhones. You click the icon on Home Screen and it just crashes instantly. USELESS.,123
Instagram,389801252,AU,14271598553,2026-07-06T14:49:47-07:00,2,Restricting for business pages is unfair,Wish there wasn’t as many restrictions for music for businesses like I’m a sole trader and it promotes the music anyway.. it’s annoying,135
Instagram,389801252,AU,14271292921,2026-07-06T13:00:52-07:00,1,Latest update,If you have an iPhone X don’t update your phone! Mine hasn’t stopped crashing since Saturday night when I updated it! Still won’t work!,135
Instagram,389801252,AU,14270486474,2026-07-06T08:51:59-07:00,1,Instagram,Instagram is not opening updated open back open back,52
Instagram,389801252,AU,14270098455,2026-07-06T07:02:03-07:00,5,5 nahi 6 star dena he is app ko ❤️,💯💯❤️,4
Instagram,389801252,AU,14269796882,2026-07-06T05:31:41-07:00,1,Hyy Instagram,Hyy my Instagram is crashing what i do,38
Instagram,389801252,AU,14269715261,2026-07-06T05:05:15-07:00,1,Crash,I won’t like that new update of Instagram  Saturday I uninstalled insta and then few hours I downloaded it and then i see the app wouldn’t open it was crashed since it was monday my app doesn’t open,198
Instagram,389801252,AU,14269417258,2026-07-06T03:18:11-07:00,1,App broken,"Cant open the app, instantly closes after a second. IPhone 8",60
Instagram,389801252,AU,14269203617,2026-07-06T01:51:00-07:00,2,App crashes,It’s alright but it crashes before I even get to open it. I can’t access my account or anything. I use an iPhone 8 so I hope there’s an update compatible with my phone to fix this,179
Instagram,389801252,AU,14269152704,2026-07-06T01:29:32-07:00,5,Especially the moves,We love the gram <3,19
Instagram,389801252,AU,14269142438,2026-07-06T01:25:13-07:00,1,Suspend account,"My Instagram account has been suspend 
Please recover my Instagram account",74
Instagram,389801252,AU,14269113258,2026-07-06T01:12:41-07:00,5,Excellent food,Nice service,12
Instagram,389801252,AU,14268872331,2026-07-05T23:26:54-07:00,5,Instagram,The latest update has caused a problem because when I try to login into my account it throws me out to my iPad page please fix this problem and please stop it from re-occurring because this is the second time that this has occurred,231
Instagram,389801252,AU,14268674920,2026-07-05T21:58:51-07:00,1,No longer working,"Since 2 updates ago, the app no longer works on my iPhone 8 iOS 16.7.16.
Crashes immediately despite full restarts and reinstalling.",132
Instagram,389801252,AU,14268483673,2026-07-05T20:37:12-07:00,1,Terrible service,"They just ban you for nothing, and refuse to give you human assistance, all AI. Terrible",88
Instagram,389801252,AU,14268332957,2026-07-05T19:36:12-07:00,2,Instagram bug,WHEN I APLOED ANY MENTION STORY MY INSTAGRAM DOESNOT OPEN AND GET BACK TO THE HOME SCREEN AND WHEN I RESET THE PHONE IT WORK BUT OTHER PEOPLE PROFILE DOES NOT OPNE PLS FIX IT,174
Instagram,389801252,AU,14268181691,2026-07-05T18:37:15-07:00,1,insta crash problem iphone,"Do something what are You doing 
1 din se insta nhai chl rha i Give You 0 
star reating 😤",89
Instagram,389801252,AU,14267778055,2026-07-05T16:02:24-07:00,1,Problem,"Every time I go into Instagram after the most Recent update it kicks me straight out of it, please fix immediately.",115
Instagram,389801252,AU,14267712102,2026-07-05T15:36:37-07:00,1,Not opening,Ever since the last 2 updates instagram is not opening up,57
Instagram,389801252,AU,14267385060,2026-07-05T13:33:48-07:00,1,Hdnmsm,hesaplarım durduk yere kapanıyor artık insanların durduk yere hesaplarını kapamayın birçok arkadaşkm bu durumdan rahatsız benim için onemli bi uygulama olmasına ragöen kullanamıyorum son açtıgım hesapta kapanırsa artık instagram kullanmayacagım,244
Instagram,389801252,AU,14267375130,2026-07-05T13:30:19-07:00,5,Love it,Love it,7
Instagram,389801252,AU,14267210307,2026-07-05T12:34:32-07:00,1,App won’t open/load,I can’t open the app on my iPhone after a update over the weekend update. Please fix for iPhone 8 plus models.,110
Instagram,389801252,AU,14266802010,2026-07-05T10:23:35-07:00,1,Instagram is not working,"Dear Instagram team,
Since 2 days i have been facing trouble while opening instagram when i open ath app it automatically goes back ,I uninstalled and restarted phone everything did also updated the app then also it’s not working please help soon as possible it’s very emergency that i haven’t used it since 2 days
Thank you.",325
Instagram,389801252,AU,14266277453,2026-07-05T07:50:48-07:00,5,Absolute,"Super,plz give me some reach",28
Instagram,389801252,AU,14265750762,2026-07-05T05:11:55-07:00,1,Iphone x instagtam bug problem,Mera instagram open hote hi bnd ho jata hai isse shi kro,56
Instagram,389801252,AU,14265623860,2026-07-05T04:27:49-07:00,2,Не работает на айфон 8,"При попытке зайти в приложение выкидывает и после того как переустановил баг не куда не пропал 
Исправте",104
Instagram,389801252,AU,14265491552,2026-07-05T03:38:29-07:00,5,💕🥰,Love it always my favourite 🤩,29
Instagram,389801252,AU,14264975754,2026-07-05T00:12:58-07:00,1,Why Instagram keeps crashing,"Hey there! Unfortunately I’ve been noticing that when I keep opening the app, it keeps crashing, so are you able to fix the bug please? It be great if you would!",161
Instagram,389801252,AU,14264923850,2026-07-04T23:51:26-07:00,5,rxinamul,Hoque,5
Instagram,389801252,AU,14264785860,2026-07-04T22:52:32-07:00,1,Version 437.0.0 Instagram crashes on iPhone 8 Plus running iOS 16.7.16.,Version 437.0.0 Instagram crashes immediately on iPhone 8 Plus running iOS 16.7.16. The app closes right after the Instagram logo appears.,138
Instagram,389801252,AU,14264765547,2026-07-04T22:43:50-07:00,5,11:00,99M,3
Instagram,389801252,AU,14264350486,2026-07-04T19:49:02-07:00,1,😖,I can’t get into my account it’s been locked no reason.,55
Instagram,389801252,AU,14263957722,2026-07-04T17:08:48-07:00,1,Update for iPhone 10,App crashes instantly after 2 seconds on IOS 16.7.16 (iPhone X) after the latest update.,88
Instagram,389801252,AU,14263614170,2026-07-04T14:43:52-07:00,1,Cannot open the app anymore,After the recent update the app keep crashes so cant even open it anymore,73
Instagram,389801252,AU,14263557105,2026-07-04T14:20:58-07:00,1,Time wasting,"Don’t fold for this trap, be offmode",36
Instagram,389801252,AU,14263533794,2026-07-04T14:11:43-07:00,5,My Instagram account disbanded,"My Instagram account disbanded 
Please unlock @mr_piyush_gharu_rj09",67
Instagram,389801252,AU,14263256826,2026-07-04T12:27:38-07:00,1,Restyle option,I didn’t getting the restyle option,35
Instagram,389801252,AU,14261914781,2026-07-04T05:39:21-07:00,5,❤️❤️,❤️❤️,4
Instagram,389801252,AU,14261400684,2026-07-04T02:36:40-07:00,5,The,The,3
Instagram,389801252,AU,14260938362,2026-07-03T23:32:18-07:00,1,I am upset with instagram,"I have been using Instagram for more than a decade without any issues. Recently, I tried to create a new account for my husband because his previous account was banned. He only followed me on that account, and for some reason, he couldn’t log in to the new account I created for him.

Now, to make matters even worse, my own Instagram account has been suspended for no apparent reason. It is extremely frustrating that after more than 10 years of using the platform, my account has been disabled without any clear explanation.

I have already submitted my passport and photo ID to verify my identity, yet I am still waiting for my account to be restored. Since I can’t access my account, I have no way to report this issue through the app, which is why I am leaving this review.

This situation is unfair and incredibly disappointing. Please review my case as soon as possible and restore my account. I have done everything you asked, and I simply want access to my account back.",979
Instagram,389801252,AU,14260919254,2026-07-03T23:24:28-07:00,1,What happened to instagram? Meta took over that’s what!,"I had my account for 15 years, thousands of posts, landscapes, travels, art, poetry, trees etc and one day without warning - hacked on 4 instagram accounts and one facebook for community standards breach of which I did nothing ! My email was changed in my account, I couldn’t appeal - signed up to verified Facebook on the account they didn’t close - spent over 29 hours speaking to support to try to look into it. Could even see from the tiny amount of information I was able to download there had been a breach and they still did nothing to help. Over 6k photos and family history gone. Then I look online and find everyone lately having similar issues. I had a charity account and my dogs account taken down at same time. Endless issues with functionality of ai chat bots giving conflicting information etc too. Trying to escalate from Australia with different commissions and media outlets to put a stop to this bs. Furious",927
Instagram,389801252,AU,14260898547,2026-07-03T23:16:00-07:00,5,ak,१०k,3
Instagram,389801252,AU,14153874068,2026-06-07T02:15:55-07:00,3,Stories need to be improved,It is so hard to move photos that you add as stickers to a story. Seems like you get one chance to set the position when you first add it then it does not want to move. Please make this easier,192
Instagram,389801252,AU,14153873312,2026-06-07T02:15:35-07:00,3,Photos don’t show up,"While trying to post a story, I realised that most of my photos don’t show up and sometimes it shows an error sign. I’ve tried everything to get photos to pop up by uninstalling and reinstalling, clearing the cache, etc.
Sometimes using this app makes it hard to post and communicate with friends and family.
I do wish this can be fixed",336
Instagram,389801252,AU,14153816852,2026-06-07T01:52:15-07:00,1,AI SYSTEM RUINING LIVELIHOODS,"Thanks to Meta’s latest AI sweep, my business account that I have built over 10 years has been permanently deleted due to “community guidelines violations”, which is completely untrue. This is a result of the latest AI sweep which is targeting legitimate businesses such as mine, and single-handedly destroying them overnight. I was also a Meta Verified customer, and did not receive the support I PAY FOR.",406
Instagram,389801252,AU,14153726771,2026-06-07T01:14:46-07:00,1,Ruins my life,terrible application ruins my life i hate it,44
Instagram,389801252,AU,14153662230,2026-06-07T00:47:22-07:00,1,Disabled account,My account was disabled for no reason! My business account where I make a living and no way of contacting a human from meta they just lie,137
Instagram,389801252,AU,14153635880,2026-06-07T00:35:57-07:00,5,Thanks Instagram 🙏🤗,Very nice,9
Instagram,389801252,AU,14152117297,2026-06-06T14:00:32-07:00,5,Love this platform,Instagreat,10
Instagram,389801252,AU,14151326766,2026-06-06T09:32:21-07:00,1,New navigation bar sucks.,The floating navigation bar is terrible and beta features like it need to have an option to disable them. I don’t want half my screen to be blur when I browse reels than you very much.,184
Instagram,389801252,AU,14151307661,2026-06-06T09:26:30-07:00,1,pausing for reels????,"where is the pause button, holding it brings up play speed&view full screen interface. tapping it mutes??? isn’t instagram meant to be intuitive, why do they keep changing these controls.",187
Instagram,389801252,AU,14150656533,2026-06-06T06:15:53-07:00,5,The one stop platform,"Really enjoy the features and creating rules, finding businesses and being entertained",86
Instagram,389801252,AU,14150603123,2026-06-06T05:59:40-07:00,5,Yadav chandal bhai,"Yadav Chandal bhai 
View nahi jata hai 
Please Instagram family sports me",73
Instagram,389801252,AU,14150219757,2026-06-06T03:48:12-07:00,1,instagram ki iD ricovr kar do @manuu ex 2,Mera instagram ki iD suspended ho gyi hai ricover kar do,56
Instagram,389801252,AU,14150168296,2026-06-06T03:27:58-07:00,1,Can’t pause,"For a couple days now I can’t pause my reels, it only mutes them or brings up a menu from the bottom of the screen with some random settings. What’s good?",154
Instagram,389801252,AU,14149719027,2026-06-06T00:21:06-07:00,1,disabled,you disabled my insta account for no reason,43
Instagram,389801252,AU,14149038003,2026-06-05T19:27:14-07:00,5,nilesh_vaghela_555,nilu1212,8
Instagram,389801252,AU,14149005700,2026-06-05T19:14:40-07:00,1,AI nightmare,Terrible AI based app with zero human support that also bans real humans based of discrimination and misogyny,109
Instagram,389801252,AU,14148971023,2026-06-05T19:01:16-07:00,1,New ui sucks,Yuh,3
Instagram,389801252,AU,14148958175,2026-06-05T18:56:24-07:00,1,Horrible playform,Horrible company.,17
Instagram,389801252,AU,14148132703,2026-06-05T13:34:02-07:00,4,My account was disable wothout any reason the accound user name is __sumit.113,Please unlock my account,24
Instagram,389801252,AU,14147621692,2026-06-05T10:39:35-07:00,5,Deactivated,Why deactivated my account plz cheack my kaur_sardarni313,57
Instagram,389801252,AU,14146701473,2026-06-05T06:11:32-07:00,1,Help me,When I create new account got suspended,39
Instagram,389801252,AU,14146662677,2026-06-05T05:59:59-07:00,5,@biloger_vishal,Thank you Instagram my 2 video vairl thank you so much 😊 please saport mi 🙏🏻,76
Instagram,389801252,AU,14146636631,2026-06-05T05:52:07-07:00,4,Allow photo add-ons to posts!!,Only thing this app is lacky,28
Instagram,389801252,AU,14146200801,2026-06-05T03:22:02-07:00,5,love!,Love!,5
Instagram,389801252,AU,14146119676,2026-06-05T02:48:47-07:00,1,Lost of account!!!,Lost an account and not able to reactivate no matter what and keep doing the loop like dog chasing their own tail. Customer service is zero!!! Can’t find any help!!! Please contact Me!!!,186
Instagram,389801252,AU,14145674475,2026-06-04T23:23:31-07:00,5,Nishad ji,Kanpur,6
Instagram,389801252,AU,14145248248,2026-06-04T20:05:29-07:00,3,Used to be great,"Instagram used to be great but now it is so geared towards making money that much of the spontaneity and fun has been removed, replaced by incessant ads. “Oh you accidentally made the mistake of clicking on an ad about beef jerky? Well we’ll show you almost nothing but beef jerky or related products for the next few days even though you keep clicking the button to hide this ad, or I’ve seen too much advertising recently”

Don’t get me wrong, I still love discovering new things and people and businesses that are doing great things but unless they pay to post, their reach is limited. 

Such a pity. It is a great idea and great platform which used to really encourage creativity",683
Instagram,389801252,AU,14145195985,2026-06-04T19:43:06-07:00,5,Instagram,Best,4
Instagram,389801252,AU,14145178041,2026-06-04T19:35:37-07:00,2,Banned for no reason,Meta Ai banning accounts for no good reason with no option for review by a human.,81
Instagram,389801252,AU,14144677344,2026-06-04T16:09:17-07:00,1,Bad,Bad suspend account for no reason,33
Instagram,389801252,AU,14144154413,2026-06-04T12:49:31-07:00,3,Instagram,Good app takes up heap of storage tho needs to lower the storage a bit,70
Instagram,389801252,AU,14143626956,2026-06-04T09:54:54-07:00,5,good,very good,9
Instagram,389801252,AU,14143589093,2026-06-04T09:43:10-07:00,1,Very unpredictable,"My creator id suddenly got suspended without any warning, no answer from support no answer from appeal, it’s very sad",117
Instagram,389801252,AU,14143309010,2026-06-04T08:18:28-07:00,1,Id,"Dear Instagram Team, my account @__shiam__6has been deactivated

I believe this is a mistake as i have always followed all community guidelines and terms of service. I request you to please review my account and reactivate it as soon as possible. Thank you for your time and assistance.",286
Instagram,389801252,AU,14142285227,2026-06-04T02:39:11-07:00,2,Instagram disable account recovery,"“Dear Instagram Team, my account @gulshan______.001) has been deactivated.
I believe this is a mistake as I have always followed all COmmunity guidelines and terms of service. I request you to please review my account and react te it as soon as
possible. Thank you for your time and assistance.",294
Instagram,389801252,AU,14142246973,2026-06-04T02:22:21-07:00,2,pinned messages are broken in dms,can the devs please look at fixing the pinned message ui in the instagram dms. it looks cooked with the new transparent ui,122
Instagram,389801252,AU,14142019651,2026-06-04T00:37:37-07:00,5,D,Great app for small creators to build up  their fame,52
Instagram,389801252,AU,14142015208,2026-06-04T00:35:34-07:00,5,😡,🥰,1
Instagram,389801252,AU,14141977059,2026-06-04T00:17:45-07:00,4,Plz do not my id is suspended,Take it me,10
Instagram,389801252,AU,14141693678,2026-06-03T22:03:04-07:00,5,Nice,Good,4
Instagram,389801252,AU,14141385952,2026-06-03T19:45:25-07:00,5,Mortal Portals x Instagram,"I love Insta, it has always been one of my fave platforms 🫶🏽👑",61
Instagram,389801252,AU,14141279036,2026-06-03T19:01:50-07:00,5,Great App,Great App to express yourself and explore the world,51
Instagram,389801252,AU,14141248479,2026-06-03T18:49:40-07:00,3,New hold pop-up,is an unnecessary feature and obstructing the view. Please remove it thank you,78
Instagram,389801252,AU,14141078106,2026-06-03T17:41:35-07:00,5,Amazing quality,My kids have been wearing Dalabri since they were little and now my grandaughter is wearing Jos clothes. Jos clothes are long lasting amazing quality. In fact her bibs from my daughter 17 years ago are now being used for my grandaughter,236
Instagram,389801252,AU,14140831135,2026-06-03T16:01:09-07:00,2,Was bad but worse now.,"Ever since Meta decided to drop the allowable hashtags from 30 to 5 my views have dropped 80% and my growth has slowed by 90% so again, small creators suffer.",158
Instagram,389801252,AU,14140141206,2026-06-03T11:47:06-07:00,1,Account banned,Please don’t remove account like that also after verification its will be hard to survive for faceless creator like me,118
Instagram,389801252,AU,14139947387,2026-06-03T10:43:30-07:00,5,Ty,Very nice app,13
Instagram,389801252,AU,14139364850,2026-06-03T07:45:32-07:00,5,Instagram app mst,Nice,4
Instagram,389801252,AU,14138757517,2026-06-03T04:39:11-07:00,1,Request for Review of Suspended Instagram Account,why,3
Instagram,389801252,AU,14138701564,2026-06-03T04:19:39-07:00,2,gulshan kandiare,gulshan kandiare,16
Instagram,389801252,IN,14310084612,2026-07-16T05:54:04-07:00,1,Privacy concern,"I have to say this—even though I never synced my contacts with Instagram, I still kept getting account suggestions for people I had never searched for. The scariest part was seeing delivery guys show up in my suggested accounts. I have no idea how Instagram connected us.

A few days later, I started receiving follow requests from random people. As a woman, it felt incredibly unsettling. Eventually, I removed my profile picture and deactivated my account because I no longer felt safe.

I even turned off account suggestions, yet my profile still seemed to be getting recommended to strangers. At this point, Instagram’s recommendation system feels deeply flawed. It’s genuinely scary that people can find your account so easily and continue harassing you by sending follow requests from multiple different accounts.",819
Instagram,389801252,IN,14310003918,2026-07-16T05:29:06-07:00,1,Glass update problem,iPhone in glass update problem,30
Instagram,389801252,IN,14310001476,2026-07-16T05:28:20-07:00,5,Platform,For glow everyone,17
Instagram,389801252,IN,14309768839,2026-07-16T04:10:52-07:00,5,Shukla,Excellent App,13
Instagram,389801252,IN,14309749860,2026-07-16T04:04:07-07:00,5,Id problm,Good,4
Instagram,389801252,IN,14309703700,2026-07-16T03:47:11-07:00,2,Views issue,I don’t know what’s wrong with this app it’s not showing my reel views to the android users,91
Instagram,389801252,IN,14309604450,2026-07-16T03:09:29-07:00,5,Good,Very good,9
Instagram,389801252,IN,14309572766,2026-07-16T02:57:06-07:00,5,Good,Exactly,7
Instagram,389801252,IN,14309501158,2026-07-16T02:28:42-07:00,5,Mala pn reels var view dya,Plz,3
Instagram,389801252,IN,14309482535,2026-07-16T02:21:10-07:00,5,"Instagram page, do it option ARI","On the Instagram duet, open the door, please",44
Instagram,389801252,IN,14309444136,2026-07-16T02:05:38-07:00,5,Aap,Aap,3
Instagram,389801252,IN,14309397463,2026-07-16T01:46:48-07:00,5,Nice,Jay shree ram,13
Instagram,389801252,IN,14309378694,2026-07-16T01:39:04-07:00,1,Very bad now days intagram they suspend Acount,So many Acount suspend without any reason,41
Instagram,389801252,IN,14309378056,2026-07-16T01:38:48-07:00,5,JBEEN PHARMACY,JABEEN PHARMACY,15
Instagram,389801252,IN,14309355008,2026-07-16T01:29:15-07:00,5,Kkc,🙋🏼‍♂️🔥🖤,7
Instagram,389801252,IN,14309301655,2026-07-16T01:06:47-07:00,5,Instagram support love,Lovely Instagram Settings and support,37
Instagram,389801252,IN,14309283384,2026-07-16T00:59:00-07:00,5,"Instagram, the good",Followers and like,18
Instagram,389801252,IN,14309213527,2026-07-16T00:29:07-07:00,5,Dear instagram,"This is a amazing app in our world, so
Please don’t suspend my account",70
Instagram,389801252,IN,14309201785,2026-07-16T00:24:05-07:00,3,Instagram account disbal,"Subject

Dear Instagram team I am having a problem when I went to open my Instagram account they show we disabled your account please fix my problem thank you",158
Instagram,389801252,IN,14309199555,2026-07-16T00:23:07-07:00,5,Yours poo 92,Outstanding,11
Instagram,389801252,IN,14309102786,2026-07-15T23:41:26-07:00,5,Nice,Supar,5
Instagram,389801252,IN,14309043542,2026-07-15T23:15:51-07:00,5,Social media,One of the best application 👍,29
Instagram,389801252,IN,14309024365,2026-07-15T23:07:38-07:00,5,rashid176ansari,ra7045,6
Instagram,389801252,IN,14309013058,2026-07-15T23:02:47-07:00,5,Best,Best,4
Instagram,389801252,IN,14309011804,2026-07-15T23:02:16-07:00,1,Unable to use hide and unhide icon,Please review this immediately,30
Instagram,389801252,IN,14308973983,2026-07-15T22:45:45-07:00,5,Nice,Super,5
Instagram,389801252,IN,14308965639,2026-07-15T22:42:07-07:00,5,Amazing app,5 stars,7
Instagram,389801252,IN,14308930265,2026-07-15T22:26:44-07:00,5,World is in my fiest,Best connector with world,25
Instagram,389801252,IN,14308831621,2026-07-15T21:44:19-07:00,5,❤️,best social meadia app,22
Instagram,389801252,IN,14308779994,2026-07-15T21:22:32-07:00,2,Give some good edit option,"Hi Instagram, i am a content creator, and you know how much a creator needs editing tools! Give some proper editing tools that we can edit here and direct post. One more thing that needs to improve is marketplace. Every time need to switch facebook to copy a product link and if i taken little more time to search a proper product for the video and return to Instagram, the video title hastags are gone, and then need to start it again! This Is very disturbing. Thank you",471
Instagram,389801252,IN,14308644244,2026-07-15T20:26:53-07:00,1,Lost my account,Hey Instagram you suspend my account without anything please give me my account back there is nothing in my account that creates any problems for you please give me back my account (aditya_._rajput_) thats my account name please tale it seriously and give me my account back,274
Instagram,389801252,IN,14308503196,2026-07-15T19:32:08-07:00,1,My I’d suspended without any reson so plz unsuspecting my I’d,"Help me plz to recover my Instagram because I don’t violate any community guideline and Instagram suspend my account. without any reason? 
Username
@xtushar_x",158
Instagram,389801252,IN,14308384091,2026-07-15T18:47:02-07:00,5,Insta vibe,🤩🤩🤩🤩🤩,5
Instagram,389801252,IN,14307534035,2026-07-15T13:21:24-07:00,1,Not working on disabled accounts,Very bad,8
Instagram,389801252,IN,14307507272,2026-07-15T13:11:47-07:00,1,New layout delay,I’ll delete Instagram if insta not give me new i phone only layout update,73
Instagram,389801252,IN,14307495729,2026-07-15T13:07:49-07:00,5,savezkhan9090,Plz I’d diseble ho gai vo I’d diseble sa batado,47
Instagram,389801252,IN,14307474958,2026-07-15T13:01:10-07:00,2,Dear Instagram team my account @its_____aasif.a has been deactivated I believe this is a mistake as,Dear Instagram team my account @its_____aasif.a has been deactivated I believe this is a mistake as l have always followed all community guidelines and terms of service I request you to please review my account and reactivate it as soon as possible thank you for your time and assistance,287
Instagram,389801252,IN,14307443507,2026-07-15T12:51:09-07:00,1,Please fix my bugs and unfreeze my account if freezed 🙏,"My Instagram account is experiencing multiple issues. I’m not getting the latest Story/Reel fonts or new features like Polaroid Grids, even though my app is updated. I receive notifications for new followers/follow requests, but no requests appear in the Requests section. My follower growth has also stopped, and my reach has dropped significantly, even when my posts receive likes from large creator or celebrity accounts. Please review my account for any backend, feature rollout, or distribution issues and restore normal functionality. Thank you.",551
Instagram,389801252,IN,14307438291,2026-07-15T12:49:31-07:00,5,Anshika_anki,Anshika_anki,12
Instagram,389801252,IN,14307425291,2026-07-15T12:45:01-07:00,5,Bad expereance,What is wrong with instagaram its my 7th acc got suspend u r giving us such a bad experience,92
Instagram,389801252,IN,14307362224,2026-07-15T12:23:27-07:00,5,Exploringwithmomanddad,Best app,8
Instagram,389801252,IN,14307203784,2026-07-15T11:32:09-07:00,5,Instagram Best social media,platform,8
Instagram,389801252,IN,14307196357,2026-07-15T11:29:45-07:00,4,Not showing market place discover project,"I’ve been using Instagram for years, but my videos don't get many views. It took a huge effort to finally reach 1,000 followers after all this time. Now, neither the Marketplace nor the 'Discover Projects' feature is showing up for me. I’m feeling really disheartened. 😰",270
Instagram,389801252,IN,14307170283,2026-07-15T11:21:28-07:00,1,Very disability of accounts after new policy’s,My back to back 3 accounts got suspended I appealed but insta is not just working on this jerk of their app,107
Instagram,389801252,IN,14307041703,2026-07-15T10:41:11-07:00,1,Review,Causes a lot of distraction,27
Instagram,389801252,IN,14307011795,2026-07-15T10:31:52-07:00,5,r4jon.___,r4jon.___,9
Instagram,389801252,IN,14306853952,2026-07-15T09:44:00-07:00,5,ढणयन,arjun,5
Instagram,389801252,IN,14306827924,2026-07-15T09:36:15-07:00,1,Poor response,"It’s been a long time I updated Instagram so many times but still I didn’t get the feature of instants, I checked through settings also and I reported many times in Instagram but no response or action taken..",208
Instagram,389801252,IN,14306751115,2026-07-15T09:13:39-07:00,2,About my account,Aap ne mera account ka restrictions jis vajah se lgaya hai log usi vajah se insta par kamai kar rahe hai aapne mere sath unjustice kiya hai,139
Instagram,389801252,IN,14306677818,2026-07-15T08:52:14-07:00,1,Too many glitches,My account got suspended 5 times i m following all terms n conditions still i got banned and all new accounts i am creating getting suspended again and again and apeeal support sucks it took almost half an year to get my account back and they suspended it again after following some of my friends,296
Instagram,389801252,IN,14281867742,2026-07-09T05:35:55-07:00,5,Suspend,Instagram was my favourite social media app prr merii 10 se jada id ban hogyii kuch bugs ki vjah se,99
Instagram,389801252,IN,14281854330,2026-07-09T05:31:47-07:00,5,Request for Review of Disabled Instagram Account,"Dear Instagram Support Team,

I hope you are doing well.

My Instagram account (@gauryaaa__0002) was disabled because it was identified as a fake account. I believe this is a mistake.

I have never created this account to mislead, deceive, bypass Instagram’s rules, or use bots or automated tools. This is my genuine account, and I have always tried to follow Instagram’s Community Guidelines and Terms of Use.

I respectfully request that you review my account manually. If any verification or identity confirmation is required, I am happy to provide it.

Please reconsider your decision and restore my account if you find that it was disabled in error.

Thank you for your time and understanding. I look forward to your response.

Sincerely,

Raj
Instagram Username: @gauryaaa__0002",784
Instagram,389801252,IN,14281845685,2026-07-09T05:29:05-07:00,1,Worst app,Please don’t install it’s time killer,37
Instagram,389801252,IN,14281822798,2026-07-09T05:22:01-07:00,5,Pandu,Wonderful,9
Instagram,389801252,IN,14281792601,2026-07-09T05:12:42-07:00,1,Recovery of ‘INDIANS’ Account,"Users deserve transparency and consistency in moderation decisions, especially when it comes to pages that share news and current affairs. If an account if removed or restricted, Instagram should clearly explain why instead of leaving users guessing. I hope instagram improves its transparency and fairness in enforcing its policies.",333
Instagram,389801252,IN,14281752868,2026-07-09T04:59:58-07:00,2,Updates,Give a best updates,19
Instagram,389801252,IN,14281694187,2026-07-09T04:40:49-07:00,1,Trial reels not getting posted,Please take issue seriously and get this sorted asap. I have been raising this issue from last 3 weeks now. It’s tiring and frustrating. Kindly refresh the account “lightwithin15” or replug trial reels option. Sometimes it works but most of the time fails to get uploaded,271
Instagram,389801252,IN,14281628616,2026-07-09T04:18:49-07:00,5,Basu mobile point greets,Best se bi best,15
Instagram,389801252,IN,14281619313,2026-07-09T04:15:37-07:00,5,My account is disabled,"My account @sachin.vibes_ was disabled for account integrity reasons. I believe this may have been a mistake I have always tried to follow Instagram,s community standards 

Please review my account manually and let me know if any verification is required for my side.",267
Instagram,389801252,IN,14281609131,2026-07-09T04:12:11-07:00,1,Please suspend Mat Karo,"Please suspend Maat Karo
Please",31
Instagram,389801252,IN,14281525392,2026-07-09T03:42:14-07:00,2,My Instagram Account Was Suspended,"“Dear Instagram Team, my account (@ronfyx_s1x) has been deactivated. I believe this is a mistake as I have always followed all community guidelines and terms of service. I request you to please review my account and reactivate it as soon as possible. Thank you for your time and assistance.”",291
Instagram,389801252,IN,14281514770,2026-07-09T03:38:24-07:00,1,"Unable to set password , every time it showing ""Please wait for few minute , before trying again""","I am unable to login into my account and when i am trying to set the new password app is popping up thr error message as "" Please wait for few minute , before trying again"" and its just loading. Kindly assist",208
Instagram,389801252,IN,14281513699,2026-07-09T03:38:00-07:00,5,Most beautiful,5,1
Instagram,389801252,IN,14281351377,2026-07-09T02:37:08-07:00,5,Deepak Bihari,Deepak Bihari,13
Instagram,389801252,IN,14281340571,2026-07-09T02:32:42-07:00,5,Excellent,♥️♥️,4
Instagram,389801252,IN,14281311678,2026-07-09T02:21:02-07:00,5,nice,ओके,3
Instagram,389801252,IN,14281239239,2026-07-09T01:51:31-07:00,1,Help disabled accounts appeal,Disabled accounts appeal,24
Instagram,389801252,IN,14281216065,2026-07-09T01:41:55-07:00,5,Reach more people,Good,4
Instagram,389801252,IN,14281134786,2026-07-09T01:07:59-07:00,5,My Creative Journey on Instagram🥹,"Instagram is my go-to space for creativity and connection. I love how it inspires me daily, helps me grow, and lets me engage with a global community.",150
Instagram,389801252,IN,14281077169,2026-07-09T00:41:07-07:00,5,Amazing,5star,5
Instagram,389801252,IN,14281001153,2026-07-09T00:08:46-07:00,5,🍁,❤️❤️,4
Instagram,389801252,IN,14280983041,2026-07-09T00:01:09-07:00,5,Super app,Best,4
Instagram,389801252,IN,14280981180,2026-07-09T00:00:22-07:00,5,Best Platform,Better to boost vedios is engagement to new comers,50
Instagram,389801252,IN,14280960851,2026-07-08T23:51:36-07:00,5,❤️,❤️,2
Instagram,389801252,IN,14280956815,2026-07-08T23:49:53-07:00,5,#Lovable,5,1
Instagram,389801252,IN,14280929703,2026-07-08T23:38:04-07:00,2,Not full text showing after pasting and posting,"I put texting post and post.
After - not full text showing 
Need to pasting and posting again 
Please, fix it",109
Instagram,389801252,IN,14280820044,2026-07-08T22:50:48-07:00,5,This best app see rell,Smooth perfect no page,22
Instagram,389801252,IN,14280786978,2026-07-08T22:36:36-07:00,5,Nice,Awesome,7
Instagram,389801252,IN,14280739924,2026-07-08T22:16:31-07:00,5,Account disable and suspended,Instagram suspended my account again and again maybe there is my mistake but I did not do it intentionally… this platform was one of my favourite….. I didn’t do intentionally to violate my community guidelines I don’t know what happens to Instagram these days,259
Instagram,389801252,IN,14280734571,2026-07-08T22:14:13-07:00,1,Problem in song search,Please check it,15
Instagram,389801252,IN,14280653256,2026-07-08T21:39:44-07:00,2,Khakasha,Khakasha,8
Instagram,389801252,IN,14280611009,2026-07-08T21:22:10-07:00,1,Addiction,"It’s made like a drug, you want every time, it will waste all your time",71
Instagram,389801252,IN,14280468973,2026-07-08T20:25:17-07:00,5,Piru,Soni,4
Instagram,389801252,IN,14280359393,2026-07-08T19:43:25-07:00,5,Good platform social media,5star,5
Instagram,389801252,IN,14280324910,2026-07-08T19:30:53-07:00,1,Poor Accountability,"Dear Instagram Support,

Please review my suspended account. I believe this may have been a mistake, as I have tried to follow Instagram’s Community Guidelines and Terms of Use.
If I violated any policy, I apologize. I respectfully ask that you manually review my account and restore it if possible.

Thank you for your time and consideration.",343
Instagram,389801252,IN,14280316539,2026-07-08T19:27:50-07:00,1,Time🤮🤮🤮,🤬🤬🤬,3
Instagram,389801252,IN,14280311811,2026-07-08T19:26:06-07:00,5,Best app,Nice,4
Instagram,389801252,IN,14280104749,2026-07-08T18:09:29-07:00,5,🥰,🥰,1
Instagram,389801252,IN,14279918583,2026-07-08T16:58:37-07:00,2,Algorithm,"All i can say, please support my channel to grow, my account really feels dead",78
Instagram,389801252,IN,14279903502,2026-07-08T16:52:40-07:00,5,Best,Very good,9
Instagram,389801252,IN,14279432358,2026-07-08T13:50:13-07:00,5,Shreeji jewellers,Best collection,15
Instagram,389801252,IN,14279145159,2026-07-08T12:09:04-07:00,1,Worst app cant fix any issue and never gives reply of any complaint,Never download or trust it worst app it is,42
Instagram,389801252,IN,14279088246,2026-07-08T11:49:56-07:00,4,Kalpna,Sharma,6
Instagram,389801252,IN,14279022944,2026-07-08T11:28:08-07:00,1,Login issues,"Instagram was my tavourite social media platform, but since the past 2 weeks I'm facing a serioustssue that ish! ninstalled and reinstall
instagram then when i tried to login into my account, my
""correct""
password was showing incorrect again and again still | tried to reset my
password but even after reseting the password the new password is also showing as incorrect password, meanwhile when i logged in my account in instagram's page at chrome, there i can log into my account with same password that was showing incorrect at instagram official app.... then even I tried to login my family member's account but there's the same problem with those account also.
Now i'm unable to access any of my instagram account, and last option was to make a new account, but even that account I am not able to use it.i want to have access to my earlier account those are important and with this issue i can't use instagram according to my will as except the new account i can't login to any other account..... hope this will reach the instagram team and you'll address this issue as soon as possible (as this have ruined my overall experience of using instagaram)",1154
Instagram,389801252,IN,14279014868,2026-07-08T11:25:27-07:00,5,Nice,Nice,4
Instagram,389801252,IN,14278950723,2026-07-08T11:04:19-07:00,5,Not Able to Use Some Features from last week,"Hi 
I have been using instagram from past 3-4 years. But from last one week its been acting weird. The first problem which i am facing is i am not able to use template from someone’s reel and secondly, i am not getting an option to schedule my content any more . And i was looking someone for help 

Thanks",306
Instagram,389801252,IN,14278908657,2026-07-08T10:50:48-07:00,5,All,Very good,9
Instagram,389801252,IN,14278888225,2026-07-08T10:44:22-07:00,5,"I respectfully request a review of my reel . To the best of my knowledge, it does not violate Instag","I respectfully request a review of my reel . To the best of my knowledge, it does not violate Instagram’s Community Guidelines. I think this action may have been taken in error, so please check it again and reinstate it",219
Instagram,389801252,IN,14278885473,2026-07-08T10:43:30-07:00,5,Excellent Experience,"Instagram is an excellent platform for connecting with people, sharing creativity, and learning new things. The interface is smooth, reels and stories are engaging, and it’s a great place for creators to grow. It would be even better with stronger spam control and improved customer support. Overall, a great app. ⭐⭐⭐⭐⭐",319
Instagram,389801252,IN,14278818522,2026-07-08T10:22:04-07:00,1,bad comments section,there is lot of people disrespecting religion and developers do nothing and they spread hate religion they should ban their accounts for bad comments and religion abuse,168
YouTube,544007664,GB,14299356497,2026-07-13T12:53:22-07:00,5,Bangor my home town,"Safe, beautiful, friendly people and a dream for children & families",68
YouTube,544007664,GB,14299332185,2026-07-13T12:45:03-07:00,5,YouTube,Nr1🫶🫡,5
YouTube,544007664,GB,14299264709,2026-07-13T12:22:01-07:00,5,Fart girl,Admis,5
YouTube,544007664,GB,14299184900,2026-07-13T11:55:15-07:00,1,Version 21.28.3 / Crashes,Version 21.28.3 crashes and app can’t be even opened on iPhone. Poor update. I will delete the app.,99
YouTube,544007664,GB,14299038748,2026-07-13T11:07:17-07:00,4,Subscription problem,"You pay for a subscription but playing video/audio in background doesn't work in some countries.
That is stupid.",112
YouTube,544007664,GB,14298977770,2026-07-13T10:47:58-07:00,4,I really love it! But one problem…,"So yeah it’s really good. There are many educational videos, science experiments etc, as well as some silly ones like gaming or animations on your favourite movie or tv shows. But sometimes when your just scrolling on the recommended page or the shorts (short videos you can scroll through) some weird videos can pop up such as weird ai girls dancing and yeah just that type of stuff",383
YouTube,544007664,GB,14298856761,2026-07-13T10:10:19-07:00,5,THIS IS AMAZING,"I definitely do think this is really handy it does help with stuff, I do think there should be yt shorts with our interests?",124
YouTube,544007664,GB,14298796855,2026-07-13T09:52:13-07:00,1,Awful,"Gets stuck when ads finish, splits the screen to show an ad when you pause, bombards you with Kingshot etc ads no matter how many times you block them and tell it to show fewer gaming ads. Ruined by advertising basically",220
YouTube,544007664,GB,14298749227,2026-07-13T09:37:59-07:00,3,Good but…,The amount of ads now are appalling. And not to mention if u don’t want them u have to pay an extortionate amount every month on top of what other services you may be paying for,177
YouTube,544007664,GB,14298655512,2026-07-13T09:10:25-07:00,5,Thanks,Great videos from all my favourite creators,43
YouTube,544007664,GB,14298495824,2026-07-13T08:24:16-07:00,1,Crashing,The app keeps crashing on my Iphone. Its my 5th time in 2 days that I am installing it again to work.,101
YouTube,544007664,GB,14298398199,2026-07-13T07:56:40-07:00,5,Dhar Mann,10000,5
YouTube,544007664,GB,14298365654,2026-07-13T07:47:27-07:00,5,Good,YouTube can help you make stuff and if your bored you can make videos for free and fun,86
YouTube,544007664,GB,14297951920,2026-07-13T05:48:22-07:00,1,Keeps crashing,Why won’t they fix this? I’m not the only one with the issue?,61
YouTube,544007664,GB,14297827035,2026-07-13T05:08:58-07:00,5,vary good man,vary fantastic absolute bombastic,33
YouTube,544007664,GB,14297789650,2026-07-13T04:56:45-07:00,1,App keeps on crashing,"I have getting tired of this app as this keeps crashing despite installing reinstalling many times. I am premium member but no help. No easy to contact anyone to get some support. 

I have checked iOS it’s updated to latest version. Enough storage available. 

Going to reinstall one more time.",294
YouTube,544007664,GB,14297756531,2026-07-13T04:45:37-07:00,1,Keeps crashing,The app keeps crashing so unable to open it,43
YouTube,544007664,GB,14297622774,2026-07-13T03:59:12-07:00,1,stupid platform,so many stupid ads,18
YouTube,544007664,GB,14297481306,2026-07-13T03:05:58-07:00,1,Never loading,OMG UGH,7
YouTube,544007664,GB,14297380460,2026-07-13T02:26:17-07:00,4,Can’t access app on IOS,"I love YouTube. Been watching it since I was little (I’m 20 now). Never really had any issues with it. And now as an adult, I’ve been paying for YouTube premium for a few years now. 

However I can only access YouTube for a little over 12 hours before the app crashes and becomes inaccessible again. Deleting and reinstalling works, but again, only for approximately 12 hours - leading to me needing to redownload playlists and films which take a long time. 

Please fix this.",476
YouTube,544007664,GB,14297315095,2026-07-13T02:00:10-07:00,5,OK,Foarte frumos,13
YouTube,544007664,GB,14297165162,2026-07-13T00:58:06-07:00,1,Cyber bullying,A guy online on this platform is cyber bullying me and is go telling me to go commit suicide and calling all my content cringe. He’s repeatedly harassed me and bullied. The username of the guy who has been cyber bullying me is @AlexTabacelea,241
YouTube,544007664,GB,14297143090,2026-07-13T00:48:42-07:00,5,You tube,Excellent,9
YouTube,544007664,GB,14296871412,2026-07-12T22:51:44-07:00,1,Last few days the App keeps crashing,"Really disappointed- the app keeps crashing and needing to reinstall few times now. 

Have tried all setting and updates . What is the cause?",141
YouTube,544007664,GB,14296648091,2026-07-12T21:14:53-07:00,1,Algorithm,"I don’t like youtube videos playlist style now
It’s annoying",60
YouTube,544007664,GB,14296333283,2026-07-12T19:09:56-07:00,5,Ads,Stop ALL THESE ANNOYING ADS,27
YouTube,544007664,GB,14295979173,2026-07-12T16:52:46-07:00,1,ad problem,ad problem,10
YouTube,544007664,GB,14295700288,2026-07-12T15:00:14-07:00,5,All,Love the format…,16
YouTube,544007664,GB,14295554209,2026-07-12T14:04:10-07:00,3,Stop trying to make it into TikTok,Please,6
YouTube,544007664,GB,14295471054,2026-07-12T13:33:20-07:00,5,YouTube is the place to be,Very nice,9
YouTube,544007664,GB,14295424956,2026-07-12T13:16:33-07:00,5,App Crashes,Ever since the latest update this app keep crashing I use it close the app then when I next go on it it doesn’t load and boots me off and reset my phone and delete the app then install it works then again after I close it and go back on again it boots me off only after I did the iOS latest patch it ruined the YouTube app or you’re app is bugging around sort it,362
YouTube,544007664,GB,14295379380,2026-07-12T13:00:13-07:00,5,YouTube,YOUTUBE!!!!!!!,14
YouTube,544007664,GB,14295375630,2026-07-12T12:58:53-07:00,1,App won’t stop crashing,Keep having to delete and redownload because it immediately crashes every time I open it. Reinstalling works for a while but then the same issue keeps occurring,160
YouTube,544007664,GB,14295317976,2026-07-12T12:38:33-07:00,1,Awful algorithm,"You can watch one hour-length video and suddenly your feed contains almost nothing else but videos from that channel or about that topic. An algorithm based purely on recently watched videos is so depressing. It would be so much better if it was combined with a survey about your interests, so that a variety of recommendations comes up. And what's with the ""watch again"" recommendation? Who wants to re-watch something they just saw a month ago? And if you pause your watch history there's nothing on your home page, not even an option to get random recommendations. So all you're left with is channels you subscribe to, but even if you subscribe to many varied channels, there's only so much content they produce every day. The YouTube algorithm is just so, so ineffective.",775
YouTube,544007664,GB,14295248425,2026-07-12T12:14:13-07:00,1,Too many ads,"I can’t watch a video without getting assaulted by unnecessary, irrelevant ads. Every 5 minutes I’m getting at least two ads. I know this is a scummy attempt by YouTube to get more people to buy premium but not everyone can afford and not everyone wants another subscription to pay for.",286
YouTube,544007664,GB,14295189367,2026-07-12T11:53:54-07:00,1,Loads and loads of advertisements,Loads and loads of irritating unskippibable ads.,48
YouTube,544007664,GB,14295185322,2026-07-12T11:52:31-07:00,5,I love it,10 out of 10,12
YouTube,544007664,GB,14295177962,2026-07-12T11:50:02-07:00,5,Older,"As we age we want something to occupy our time with intreset, you tube everyday",79
YouTube,544007664,GB,14295170568,2026-07-12T11:47:31-07:00,1,Spam and scam ads galore and a report system that prevents you from adding info,"Finally decided to write a review after I ran slap bang into a Ai generated scam ad that had a fake Ai generated woman ‘discussing’ (YOU KNOW) her ‘husband’ and how a fake item helped and the report system just didn’t let me put anything.

Just went straight to submitted. Also. Ive seen and reported numerous scam ads. Not a single report has been acted upon. Be cautious when using YouTube. Dont click the ads",411
YouTube,544007664,GB,14295115214,2026-07-12T11:29:00-07:00,5,I love youtube!,"This is so good I can watch my favourite YouTubers, one day I want to be like them especially Foltyn.",101
YouTube,544007664,GB,14295114902,2026-07-12T11:28:55-07:00,5,Congratulations song 🎵,Absolutely marvellous 👏👏👏👏,26
YouTube,544007664,GB,14295062290,2026-07-12T11:11:26-07:00,5,Very good,I got 30 subs,13
YouTube,544007664,GB,14295007674,2026-07-12T10:53:32-07:00,3,Cons about YouTube:,"YouTube is starting to look like TikTok, so what is the point of downloading both then?Also, it’s getting to the point where they deleted the dislike button. 
It is a good app still.",182
YouTube,544007664,GB,14294816593,2026-07-12T09:53:07-07:00,2,YouTube,"All of a sudden, 80% of my drafts deleted and then a few weeks later, it happened again, a few weeks after that, the app wouldn’t open and I can’t log into my account",166
YouTube,544007664,GB,14294794143,2026-07-12T09:46:11-07:00,5,VERY NOICE.,Love it but too many ads and trading 102,40
YouTube,544007664,GB,14294692578,2026-07-12T09:15:06-07:00,5,You tube,Beautiful song good vids,24
YouTube,544007664,GB,14294559399,2026-07-12T08:35:22-07:00,1,Ads,There are too many ads can’t watch a ten minute video with having at least three ad interruptions. I’d rather one thirty second unskippable ad at the start then being constantly bombarded not only that all the ads are nothing but slop.,235
YouTube,544007664,GB,14294539940,2026-07-12T08:29:42-07:00,1,Incredible YouTube,YouTube is very fun you can watch lots of stuff and it makes people forget something bad that made them sad and makes them happy and helps give money to YouTubers who are poor or need money,189
YouTube,544007664,GB,14294538612,2026-07-12T08:29:18-07:00,3,Keeps crashing,"App won’t open so I have to reinstall, then it works again for a short while but then refuses to open, on iOS",109
YouTube,544007664,GB,14294472249,2026-07-12T08:09:51-07:00,5,5 for complaint :(,I hit 51 sub and I tried to go live and it wasn’t working please fix this,73
YouTube,544007664,GB,14270999627,2026-07-06T11:26:59-07:00,3,Subscribers,We’re are they,14
YouTube,544007664,GB,14270910815,2026-07-06T10:59:06-07:00,3,Too expensive,"Obviously YouTube is the go to place for videos currently. But you have the choice of it being WAY too expensive, or constantly waiting for ads to finish.",154
YouTube,544007664,GB,14270902638,2026-07-06T10:56:32-07:00,5,I love youtobe,I love all the videos and that there is millions of thing to watch,66
YouTube,544007664,GB,14270740465,2026-07-06T10:06:52-07:00,1,2FA is forced but broken,"Google forces you to approve sign ins using the youtube app if 2FA is enabled. You don’t get to choose which type of 2FA to use, youtube is enabled by default and is the only option.

But it doesn’t work! Notification appears but no prompt appears on the screen when I tap the notification, just the youtube feed. Thus I am unable to sign into my account from my secondary device.",380
YouTube,544007664,GB,14270722136,2026-07-06T10:01:19-07:00,5,Chilling,When I’m thinking of something in my mind what I can’t ignore I just go on YouTube and i forget about it but the only thing I hate about YouTube is that there’s haters and bots and the report button doesn’t do anything pls fix these things YouTube 🙏,249
YouTube,544007664,GB,14270614792,2026-07-06T09:29:23-07:00,4,Reduce ads,YouTube is a great place to watch whatever you want to watch but one or two minutes you get 2 to 3 ads which is annoying many people like me trying to watch my channel and I get these annoying ads so if YouTube can just like get rid of the add or like put an adding when you’re watching every 5 to 6 minutes cause it’s dead and annoying having an ad wanted to 2 minutes,369
YouTube,544007664,GB,14270577506,2026-07-06T09:18:23-07:00,1,Terrible with so much commercials,More commercials than useful content,36
YouTube,544007664,GB,14270440697,2026-07-06T08:38:50-07:00,1,YouTube,Too many adverts,16
YouTube,544007664,GB,14270428955,2026-07-06T08:35:28-07:00,1,Not equal,YouTube are not equal for everyone.,35
YouTube,544007664,GB,14270326158,2026-07-06T08:06:25-07:00,2,Not OK,Just a tool that has no common replacement yet.,47
YouTube,544007664,GB,14270318538,2026-07-06T08:04:17-07:00,1,Too many ads,Too many ads and premium too expensive,38
YouTube,544007664,GB,14270283287,2026-07-06T07:54:21-07:00,5,Optional,Optional,8
YouTube,544007664,GB,14270148919,2026-07-06T07:16:24-07:00,1,Add,There is too many add and there spoiling the experience to the point where I watch it less and less,99
YouTube,544007664,GB,14270042814,2026-07-06T06:46:02-07:00,1,Adverts,"Too many adverts, not only before a song I wanted to listen too but cutting into the song.",90
YouTube,544007664,GB,14269410672,2026-07-06T03:15:35-07:00,5,Great platform,Really easy to use. Loads of material available.,48
YouTube,544007664,GB,14269079756,2026-07-06T00:58:14-07:00,5,So fun,THIS APP IS SO FUN,18
YouTube,544007664,GB,14268773551,2026-07-05T22:42:37-07:00,5,I LOVE THIS,I SO SO SO SOOOOOOOOOOOOOOOOOOOOOOOOOOO LOVE U,46
YouTube,544007664,GB,14268704029,2026-07-05T22:11:38-07:00,1,ads,"too many ads, it’s impossible to watch a video in peace",55
YouTube,544007664,GB,14267841028,2026-07-05T16:26:52-07:00,1,Fake adds,Sick of all the fake for stuff that’s not what it’s advertised to be,68
YouTube,544007664,GB,14267322589,2026-07-05T13:12:04-07:00,1,Ads,To many adverts,15
YouTube,544007664,GB,14267307449,2026-07-05T13:06:46-07:00,5,YouTube,Good,4
YouTube,544007664,GB,14267278507,2026-07-05T12:56:59-07:00,5,Very good,it so good,10
YouTube,544007664,GB,14267229150,2026-07-05T12:40:41-07:00,4,You’ve broken playlist sorting - update now completely broken!,"I previously complained about the breaking of sorting playlists, and the last two weeks you have completely broken it and now it is almost impossible to sort videos",164
YouTube,544007664,GB,14267168622,2026-07-05T12:20:45-07:00,1,Ads,3-3 ads in a 3 minutes video. Disgusting…,41
YouTube,544007664,GB,14267132506,2026-07-05T12:08:55-07:00,5,Nikki’s review,"Where is the two best universities in the world Oxford and Cambridge? What country are they in …. Not only that the Irish is just as good as the British so at the end of the day we are really as one the Irish and the British you really want big country anyway really to be honest let’s be honest man about it and the whole world talks English anyway, but the thing is mate yeah we show you how to do things and win things although not a World Cup for a long while but at the end of the day you wouldn’t be sitting here now if it wasn’t for Britain everyone else surrender didn’t they?",584
YouTube,544007664,GB,14267052683,2026-07-05T11:42:46-07:00,5,Wow,Super good bro 💕,16
YouTube,544007664,GB,14266988938,2026-07-05T11:22:14-07:00,5,The best,"This is good
L",14
YouTube,544007664,GB,14266956175,2026-07-05T11:11:45-07:00,5,KubeibKadir,KubeibKadir,11
YouTube,544007664,GB,14266828309,2026-07-05T10:31:43-07:00,1,I might switch to YT Kids,This has many inappropriate content. Most of them are appropriate for me.,73
YouTube,544007664,GB,14266780465,2026-07-05T10:17:04-07:00,5,Awesome,Awesome everyday keep it up,27
YouTube,544007664,GB,14266659730,2026-07-05T09:40:58-07:00,5,It’s really good but there’s lots of ads!!,So I bought this app and it’s really cool but there’s lots of ads and I got so mad but the rest was really good just fix that problem pls! Thank you,148
YouTube,544007664,GB,14266105773,2026-07-05T07:01:32-07:00,3,advertisement disruption,too much & too frequent ads.,28
YouTube,544007664,GB,14266098656,2026-07-05T06:59:28-07:00,5,It’s pretty good but…,I want more customisation.,26
YouTube,544007664,GB,14266061006,2026-07-05T06:48:28-07:00,4,Good selection but Intrusive ads.,"A very good selection of material: anything can be found on here.  Great for entertainment and information. I understand that ads are necessary for funding but they really are intrusive and annoying when they come in the middle  of something, especially if it’s music or a comedy sketch.",287
YouTube,544007664,GB,14265790607,2026-07-05T05:25:06-07:00,5,Entering,"I find a lot of things entertaining on you tube, as long as don’t take things seriously as it’s just entertainment but I do love it",131
YouTube,544007664,GB,14265235845,2026-07-05T01:58:17-07:00,5,Recenzja,"Dziękuję z możliwości korzystania z Aplikacji Youtoobe 🙂, wada zbyt duża ilość reklam",85
YouTube,544007664,GB,14265208964,2026-07-05T01:47:48-07:00,4,YouTube..!,YouTube has been great accept some videos taking ages to load and lots of adverts but everything else is amazing,112
YouTube,544007664,GB,14264840021,2026-07-04T23:15:50-07:00,3,My honest review.•,"Hi.
I am writing this to you to make screen time and age groups for what people should have.
Some people can be posting or being live really uncomfortable weird things and there has, 

Thank you and there is a add every 1 or 2 minutes I know you can skip them
 but it makes some people mad


Thank you",301
YouTube,544007664,GB,14264814946,2026-07-04T23:05:03-07:00,3,Very frustrating and disappointing,In the past 8 years there was never a time when all the features in the app were working flawlessly for my Ipads mini. Always they fix something but then some other major feature stopped working. For premium users not acceptable.,229
YouTube,544007664,GB,14264655782,2026-07-04T21:56:39-07:00,5,Thank you,It’s great,10
YouTube,544007664,GB,14264262062,2026-07-04T19:13:43-07:00,3,Your advertising,"It’s the worst thing you do your advertising lacks substance direction and focus and so easy to ignore why would I ever pay to have it removed, and the products u shill for tend to be the ones I promise myself I will never by and if I need reminding I’ll just watch a utube for 30secs and wait for your add",306
YouTube,544007664,GB,14263877462,2026-07-04T16:34:59-07:00,5,Good.,It’s good.,10
YouTube,544007664,GB,14263779807,2026-07-04T15:53:12-07:00,5,Dominik Mysterio,WWE World Heavyweight  Championship Man,39
YouTube,544007664,GB,14263662604,2026-07-04T15:03:34-07:00,1,Too many ads,It has become unwatchable due to excessive ads.,47
YouTube,544007664,GB,14263661723,2026-07-04T15:03:12-07:00,1,To many adverts,There are so many more adverts than there use to be.,52
YouTube,544007664,GB,14263582749,2026-07-04T14:31:07-07:00,1,Removal of the dislike button.,"What the hell are you thinking? There is zero possible reason as to why you removed the dislike button. Am I not able to quickly show what videos I don’t want to see? Am I no longer deserving of the ability to show the creator feedback efficiently? Why would you think this is the right move? Everyone, and I mean absolutely everyone, is clowning on you for this pathetic update. What are we doing?",398
YouTube,544007664,GB,14263268629,2026-07-04T12:31:54-07:00,3,Adds,Advertising is getting too much!,32
YouTube,544007664,GB,14263191593,2026-07-04T12:04:41-07:00,1,SCAM advertising!,Seems YouTube is only too happy to take money from advertisers with no morals whatsoever. Every video these days seems to be preceded by the type of adverts that promise amazing desktop air conditioning units that can cool a room by 20degrees I  3 minutes AND save you money. I don’t mind the odd advert to keep these channels free but when they are so obviously scam it really so show a new low that these American companies will go to for the sake of making money at any expense!,481
YouTube,544007664,GB,14263148775,2026-07-04T11:49:45-07:00,5,Quality video,"I’m happy with YouTube but l like watching some people on the channel,I’m into technology programs wwe suppers stars apple product.listening to music that interest me but too much advertising can people pay separately for advertising,and I like watching animal kingdom programs",277
YouTube,544007664,GB,14263066746,2026-07-04T11:21:49-07:00,5,Rodiguesian,Riau,4
YouTube,544007664,CA,14313920854,2026-07-17T04:39:48-07:00,3,Idk,I pressed on a youtube short and it said something went wrong but it keeps doing it so im freaking getting mad😡,111
YouTube,544007664,CA,14313073180,2026-07-16T23:08:24-07:00,1,Terrible,Had this app for over 10 years and this new ad update is the lamest thing possible,82
YouTube,544007664,CA,14313005246,2026-07-16T22:39:45-07:00,2,2 stars,"It’s good in the sense of information, but it gets addicting fast would not recommend especially with all the new memes coming out",130
YouTube,544007664,CA,14312935561,2026-07-16T22:10:29-07:00,1,I hate ads,"Stupid ads hurt my small cranium 

Possum out",45
YouTube,544007664,CA,14312554562,2026-07-16T19:39:22-07:00,5,Youtube instructions,I am a 63 year woman who lives on her own and had to fix my sliding door.  I found exact instructions on YouTube and fix it myself.  Thanks YouTube for saving me some bucks.,173
YouTube,544007664,CA,14312437462,2026-07-16T18:56:33-07:00,2,Ads,"Used to be a good app, now there are way to many ads. I feel like there’s an ad every 5 minutes and you can’t get through a video.",130
YouTube,544007664,CA,14312379709,2026-07-16T18:35:16-07:00,3,Censorship of firearms related content,"You’ve gone too far, moving to Rumble",37
YouTube,544007664,CA,14312148133,2026-07-16T17:08:15-07:00,3,Keeps crashing,"I like the app, but it started crashing every time I opened it and I also updated and restarted my phone and also updated the app but it didn’t work. If you fix this I will give you 5. Off topic but there’s a bit too much ads because when I scroll like 2 shorts there’s an ad so pls get rid of some of the ads.",310
YouTube,544007664,CA,14311664892,2026-07-16T14:02:53-07:00,3,Too much ads,Too much ads,12
YouTube,544007664,CA,14311657453,2026-07-16T14:00:13-07:00,3,Ads are excessive,"I don’t want to pay for an ad free YouTube!!  I’m being broken down by the incessant ads and then the ad blocks part of the screen which is super annoying when your watching on you small cell screen.  I pay so much for screening services, a YouTube membership for no more ads is too expensive!!  Come on YouTube, stop gouging your loyal viewers!",345
YouTube,544007664,CA,14311541961,2026-07-16T13:18:40-07:00,1,More ad than video,Title states it all. Why is the cumulative amount of unskipable ads longer than the actual video I want to watch? Absolute trash.,129
YouTube,544007664,CA,14311360407,2026-07-16T12:15:59-07:00,5,I like YouTube,It’s the best content platform,30
YouTube,544007664,CA,14311180247,2026-07-16T11:16:17-07:00,5,y,This is the best app yet,24
YouTube,544007664,CA,14311152722,2026-07-16T11:07:25-07:00,1,Picture in Picture pip issue,The older version was able to view an YouTube video while browsing through any other app..   the new version stopped working like that…👎👎👎👎👎,140
YouTube,544007664,CA,14311141310,2026-07-16T11:03:45-07:00,1,Stop making so many ads,"I have been using YouTube for about three years now and there has been so many ads for this first two years but this year it’s been crazy and I have to watch sometimes 50 secs or to a minute that’s
 very annoying please fix this",228
YouTube,544007664,CA,14311071295,2026-07-16T10:41:34-07:00,3,Bug,For some reason the tap to drag function is not working like how it used to. I used to be able to tap and drag videos that’s on my watch later playlist to arrange them by length. Please fix this.,195
YouTube,544007664,CA,14310936911,2026-07-16T10:00:01-07:00,1,Ragebait,First you hide the dislike counter. Now the dislike button is completely gone and all the content on this platform is just engagement ragebait. I am so sick of this. Someone please assassinate everyone that works for Youtube.,225
YouTube,544007664,CA,14310768352,2026-07-16T09:09:35-07:00,5,So fun!!!,Pretty good for road trips/doomscrolling at night,49
YouTube,544007664,CA,14310177145,2026-07-16T06:21:30-07:00,1,The ads suck,"It’s bad enough to swamp us with ads, now you have to click dismiss or the pop up stays. When will you just except no one is paying for no ads?",143
YouTube,544007664,CA,14309985186,2026-07-16T05:23:10-07:00,5,The only way you can be sure is if,100.100,7
YouTube,544007664,CA,14309499425,2026-07-16T02:27:58-07:00,1,Download Substack instead,"The ads are too frequent, and your data is misused by Google/alphabet.
Substack is like premium YouTube for free. You can pay the creators directly if you want to support individuals.",183
YouTube,544007664,CA,14308924541,2026-07-15T22:24:15-07:00,1,Bad adds,Violence is unacceptable / dark video games I don’t play,56
YouTube,544007664,CA,14308848209,2026-07-15T21:51:21-07:00,1,The app has become unusable with frequent crashes and lagging,"Despite being a YouTube premium member with good internet, the app has become basically unusable as of late, even with constant updates. It frequently crashes and lags multiple times a day. This isn’t even specific to one particular device. It’s kinda ludicrous how a corporation of this magnitude can’t resolve such significant issues. As it stands, I can’t in good conscience recommend this app anymore until improvements are made.",433
YouTube,544007664,CA,14308786022,2026-07-15T21:25:03-07:00,5,Great,This is the platform we were waiting since they started,55
YouTube,544007664,CA,14308428285,2026-07-15T19:03:41-07:00,1,Unacceptable buggy. household enforcement,"A member's two-week vacation to Europe is not a reason to kick them out of the Family Pro Premium plan under the pretext of geo. This is unacceptable and is the last job, so canceling my Premium subscription and re-instantiating the AdBlocker.",243
YouTube,544007664,CA,14308340848,2026-07-15T18:30:39-07:00,1,Awful,"Absolutely riddled with nonstop ads every 3-5 minutes, shoved between 
every other video.",89
YouTube,544007664,CA,14308330800,2026-07-15T18:26:51-07:00,1,Youtube Premium,I have been paying for YouTube Premium for over a year and a half and all of a sudden in the last month and a half. I don’t have access to it. I’m getting ads again and constant interruptions on my viewing and the whole point of paying $16.99 per month is too freaking forgo the ads there is no way to get a hold of anybody. I can’t get it fixed so I guess I’m gonna have to cancel cause I’m tired of paying for something that I’m not freaking getting.,452
YouTube,544007664,CA,14308222915,2026-07-15T17:45:49-07:00,4,…,"Never forget they censored us at the governments request.  However, seems they know which way the wind is blowing now.",118
YouTube,544007664,CA,14308145251,2026-07-15T17:16:02-07:00,5,My favourite app,YouTube is the best app to figure out stuff like I literally figured it out how Michael Jackson died just from YouTube,118
YouTube,544007664,CA,14308079707,2026-07-15T16:50:20-07:00,5,great,good,4
YouTube,544007664,CA,14308056731,2026-07-15T16:41:06-07:00,2,No captions,"Why it won’t let me use captions on my videos! 

I least I can watch Roblox rorn and sigeon pex and r34 stuff but I wanna make my own!!!",136
YouTube,544007664,CA,14308033700,2026-07-15T16:31:48-07:00,5,Great App!,Lots of great Channels!,23
YouTube,544007664,CA,14307975598,2026-07-15T16:08:41-07:00,4,Truth,Shouldn’t have to pay to have videos playing in the background in 2026,70
YouTube,544007664,CA,14307932078,2026-07-15T15:51:20-07:00,4,😭😭😭,Get rid of the bots and polybuzz adds then 5 star 👌,51
YouTube,544007664,CA,14307825808,2026-07-15T15:09:59-07:00,5,Combien sur 10,Abonévous,9
YouTube,544007664,CA,14307811993,2026-07-15T15:04:42-07:00,1,Ad block not working.,"It’s one thing to send me ads about this AI slop Fanfic writer (Okudu). So I block it so I block it because it doesn’t interest me. So then why does the SAME AD FROM THE SAME COMPANY USING THE SAME VIDEO keep getting advertised to me? I’ve blocked it atleast 8 times, and it frankly does nothing!
Genuine security concern that the B L O C K button doesn’t work. Be better.",372
YouTube,544007664,CA,14307782840,2026-07-15T14:53:36-07:00,1,I hate shorts,Why does the app launch into shorts. Very stupid.,49
YouTube,544007664,CA,14307745501,2026-07-15T14:39:42-07:00,1,App crashes at launch,Please it’s unusable,20
YouTube,544007664,CA,14307437842,2026-07-15T12:49:23-07:00,5,YouTube user,Love it,7
YouTube,544007664,CA,14307098933,2026-07-15T10:59:01-07:00,1,Too many ads,Theres more ads than video . There’s more ads than cable tv it’s crazy like unwatchable id rather go anywhere else than sit on this lobotomised app. Also the content of the ads is mostly porn …. It’s terrible I remember the adspocalypse when innapropriate things were a big deal now it’s the standard.,301
YouTube,544007664,CA,14307038622,2026-07-15T10:40:13-07:00,1,Nút bạc,Tsao Kijay và Kisa k dc nút bạt dù đã đủ điều kiện?,51
YouTube,544007664,CA,14306916163,2026-07-15T10:02:33-07:00,4,Plz do somthing about it,Idk if it’s my device but on this device when I use YouTube  before it worked now I turn it on it show the logo an dcrashed not once not twice always plzz help me fix this bug,175
YouTube,544007664,CA,14306667151,2026-07-15T08:49:12-07:00,2,"You pay for no commercials, but you still get commercials","Your platform needs some fine-tuning. I used to pay for no commercials, and I still got commercials. I have now stopped paying for no commercials, because I still get commercials regardless. It’s unfortunate.",208
YouTube,544007664,CA,14306595980,2026-07-15T08:28:52-07:00,1,Too many ads,The increase in ads has made watching Youtube almost impossible to watch. Content creators must also get reviews from their subscribers about the massive increase in advertising,177
YouTube,544007664,CA,14306351674,2026-07-15T07:20:43-07:00,4,There so much bugs,"Youtube is great,but if it weren’t because of the bugs/glitches,i would give it a 5 star rating",95
YouTube,544007664,CA,14306204104,2026-07-15T06:39:36-07:00,1,Keeps crashing on open iOS,It’s been like this for days and many others are experiencing it. Why isn’t this fixed yet??,92
YouTube,544007664,CA,14305729387,2026-07-15T04:12:44-07:00,1,too many ads…,"this is crazy all the ads the way they push it, bad quality ads…",64
YouTube,544007664,CA,14304941572,2026-07-14T22:52:43-07:00,1,dogpiss,whoever thought it was a good idea to leave ad popups on the screen while im watching on a small phone screen has to be the biggest tardo on the planet.,152
YouTube,544007664,CA,14304923073,2026-07-14T22:44:44-07:00,3,J,How bad are you going to degrade the experience for greed?,58
YouTube,544007664,CA,14304736485,2026-07-14T21:24:18-07:00,1,Wulnt let me in,Go but red the top,18
YouTube,544007664,CA,14304718697,2026-07-14T21:16:55-07:00,2,Trash product,Sick of this AI goyslop,23
YouTube,544007664,CA,14304586489,2026-07-14T20:23:10-07:00,1,No thanks,"Encrappifying the app by showing far fewer thumbnails on the screen is now like watching an IMAX movie on my watch: a more miserable experience.  Come to your senses, and fix it back!  If I wanted to slog through fewer choices at a time, I’d subscribe to cable.  No thanks, Google, fix your garbage, or keep your garbage.  App deleted!",335
YouTube,544007664,CA,14304548119,2026-07-14T20:08:05-07:00,3,Commercials,Too many!,9
YouTube,544007664,CA,14304493999,2026-07-14T19:47:12-07:00,5,She’s,Gehb,4
YouTube,544007664,CA,14304194038,2026-07-14T17:54:39-07:00,4,Wut,Why r u becoming like tiktok?,29
YouTube,544007664,CA,14304148679,2026-07-14T17:37:07-07:00,4,:),It is a good play form the only thing is sometimes it’s kinda slow,66
YouTube,544007664,CA,14304007125,2026-07-14T16:41:59-07:00,3,Stop trying to be tictok,"YouTube is trying so hard to be tictok by removing thumbs up and adding hearts, also ADD BACK THE DISLIKE FEATURE",113
YouTube,544007664,CA,14303984279,2026-07-14T16:32:46-07:00,4,Kinda boring but it okay,4.5 star review,15
YouTube,544007664,CA,14303940534,2026-07-14T16:15:25-07:00,5,❤️,I really like the heart for the likes instead of the thumbs up!!🤣🤣,66
YouTube,544007664,CA,14303913984,2026-07-14T16:04:56-07:00,2,Scam,"Ads that are 3 MINUTES LONG every 2 minutes, and fake ads, scams, ads that could harm young children, such as an ad that once said, “Click here for some good clothing, hats and accessories” with a half naked lady on it. There was also viruses such as “your computer is hacked click here to scan!”",296
YouTube,544007664,CA,14303845579,2026-07-14T15:37:55-07:00,1,AI infested,"there are so many AI slop videos on this platform now and YouTube does not care to remove them because they can stick ads in those videos and because those videos are made by AI so Alphabet/Google does NOT have to pay the ""creators""/AI prompter any money due to the terms and conditions in the 
ad sense program.",312
YouTube,544007664,CA,14303756306,2026-07-14T15:03:23-07:00,1,Not working properly,Not working properly even with subscription,43
YouTube,544007664,CA,14303590560,2026-07-14T14:02:04-07:00,1,YouTube reconsiders the Silver Play Button.,"Hello YouTube, I'm a fan of two YouTubers, Kisa Gaming and Kijay MC, and for some objective reason, neither of them received the YouTube Silver Play Button despite meeting the requirement of 100,000 subscribers. I sincerely hope YouTube will reconsider and send it back to them. 
Thank you very much for listening and considering my request. 
Sincerely, YouTube",361
YouTube,544007664,CA,14303475160,2026-07-14T13:19:54-07:00,3,It’s good but keeps on crashing,"Every time I try to watch a video deep in my liked videos, it will keep on crashing and kicks me out of the app. I hope I fixed this! But so far it’s nice!",155
YouTube,544007664,CA,14303421138,2026-07-14T13:01:57-07:00,1,Changed preferences without consent,"I’ve had my account for 15-ish years. You recent changed my auto-play preference without my consent. Simply to make more ad money. I will be exclusively regarding to Google and YouTube in an evil light during conversation, because that is what they are.",253
YouTube,544007664,CA,14303108993,2026-07-14T11:20:55-07:00,4,The buttons didn't work for a minute but its okay 🥹,🥹🥹🥹,3
YouTube,544007664,CA,14303062548,2026-07-14T11:06:20-07:00,1,too much ads,You can't watch a 3 minutes clip in peace without experiencing  2 or more ads. It's annoying.,93
YouTube,544007664,CA,14303049652,2026-07-14T11:02:17-07:00,3,Please less ads,"Youtube used to be great but niw there is way too many ads,Im getting ads every like 2 minutes,But the app is still fine",120
YouTube,544007664,CA,14302774334,2026-07-14T09:38:14-07:00,5,Good,Great place to find and learn new skill,39
YouTube,544007664,CA,14302641889,2026-07-14T08:59:39-07:00,5,🙏🙏🙏🙏,Very Good,9
YouTube,544007664,CA,14302329288,2026-07-14T07:31:31-07:00,4,Bad,OMG IMA KILL MYSELF I KEEP GETTING THE SAME VIDEOS OF A DOG IN A SUNSET AND THE TEXT SAYS DOES THE LIKE BUTTON TURN INTO A PAW I TRYED TO STOP GETTING IT BY SAYING NOT INTERESTED BUT I KEEP GETTING ITT ONE RIME I GOT IT 8 TIMES IN A ROW😭😭😭 PLS FIX TS,250
YouTube,544007664,CA,14302325272,2026-07-14T07:30:26-07:00,5,Please give me YouTube back,You made me happy and now I’m crying because i can’t watch you,62
YouTube,544007664,CA,14302239571,2026-07-14T07:06:32-07:00,5,J’aime beaucoup écouter des vidéos sur YouTube.,J’aime beaucoup écouter des vidéos sur YouTube.,47
YouTube,544007664,CA,14302231972,2026-07-14T07:04:24-07:00,5,Hi,I love being a content creator even if small,44
YouTube,544007664,CA,14302193398,2026-07-14T06:53:32-07:00,1,Barely functional,"This is why we need antitrust, tip would be a much better app if they actually cared about improving the performance. It crashes almost daily. The ads interfere with basic functionality. I only listen to the beginning of a podcast on it and then switched to Spotify because YouTube is junk. Break up the Monopoly.",313
YouTube,544007664,CA,14301055394,2026-07-14T00:02:23-07:00,5,nice an peacfull,i have so much entertainment,28
YouTube,544007664,CA,14300837119,2026-07-13T22:26:37-07:00,1,Just an adpocalypse,Every video has 8-10 ads. Every scroll only shows ads and nothing else. The shorts tab is freakingishly horrible implementation,127
YouTube,544007664,CA,14300811326,2026-07-13T22:15:13-07:00,5,Yes,Would recommend for passing time,32
YouTube,544007664,CA,14300559562,2026-07-13T20:29:16-07:00,1,Crashes,"The app keeps crashing, I can’t even open the app without deleting it then redownloading it",91
YouTube,544007664,CA,14300395398,2026-07-13T19:25:23-07:00,1,YouTube. Not what it used to be.,They’ve completely ruined this platform with the ads. They try to annoy you so much that it makes watching impossible so you spend money on premium. Every 5 mins you’re forced to skip two ads. I imagine this is extremely detrimental to our societies attention spans that are already being destroyed.,299
YouTube,544007664,CA,14300339006,2026-07-13T19:04:09-07:00,5,Still like YouTube,So many adds . You are changing into TikTok,43
YouTube,544007664,CA,14300255841,2026-07-13T18:33:12-07:00,1,App does not load,"The app started crashing 4 days ago, please fix it",50
YouTube,544007664,CA,14300196709,2026-07-13T18:10:50-07:00,5,Best app,"I love it. Very cool videos. I pay for YouTube premium and it’s amazing without ads! Great app, some things may have to be better but I love the gradient on the app. YouTube is a very smooth video experience that I really love. Funny videos, and YouTube Shorts. It is like instagram reels!! I love it thank you for this app Google. Love you google ❤️",350
YouTube,544007664,CA,14300116140,2026-07-13T17:40:10-07:00,5,Awesome,I was thinking? You change it to Your Tube?,43
YouTube,544007664,CA,14299943116,2026-07-13T16:32:50-07:00,3,App crash,The app keeps crashing and not opening. Have to delete and redownload every other day. Very annoying.,101
YouTube,544007664,CA,14299847176,2026-07-13T15:54:49-07:00,5,YouTube premium,I can’t begin to say enough good things about this arrangement. I have enjoyed access to all of the material and I have learned so much.,136
YouTube,544007664,CA,14299685632,2026-07-13T14:52:32-07:00,1,Fix the damn code,The app keeps crashing and bring back the damn dislike button,61
YouTube,544007664,CA,14299637571,2026-07-13T14:34:31-07:00,3,Trop d’annonce,Trop d’annonce,14
YouTube,544007664,CA,14299637476,2026-07-13T14:34:29-07:00,1,Crashing,Keeps crashing every time I try to open the app. I’ve tried re downloading like 5 times why is there no update yet,114
YouTube,544007664,CA,14299631852,2026-07-13T14:32:25-07:00,5,Podcasts,I love accessing content on utube. It enables you to listen to prior podcasts at any time. It also offers amazing journalists who have left mainstream media to deliver news and information with integrity.,204
YouTube,544007664,CA,14299626080,2026-07-13T14:30:17-07:00,3,Recommend,My recommendation suck nothing I want to watch shows up and also 4Q mrbeast,75
YouTube,544007664,CA,14299483570,2026-07-13T13:38:09-07:00,5,Live stream,Very informative,16
YouTube,544007664,CA,14299441079,2026-07-13T13:23:05-07:00,5,YouTube,Good,4
YouTube,544007664,CA,14299302337,2026-07-13T12:34:51-07:00,1,Crashing,App keeps crashing no matter what. Only happens on Apple devices. Please fix,76
YouTube,544007664,CA,14299165743,2026-07-13T11:48:54-07:00,1,Youtube Premium,"Playing a video/song/music offline when no internet is connected, the video acts like its loading when it shouldn’t be. Being a fully downloaded video no lag should exist on any video thats been downloaded to listen to or watch while offline completely",252
YouTube,544007664,CA,14299065143,2026-07-13T11:15:45-07:00,1,Misinformation,"So many of the reels are false advertising or promoting ideas that are unproven. I particularly object to the ones that claim to be health related or cures. If a person is enticed to use an advertised product instead of a science based therapy out of ignorance, it’s just sad.",276
YouTube,544007664,CA,14298872329,2026-07-13T10:15:06-07:00,5,Fun,Fuuuuuuun!!!!!,14
YouTube,544007664,CA,14298814184,2026-07-13T09:57:22-07:00,1,Issues with app,I have had a account for years and only recently have had issues with the app. I can download watch but if I close the app it won't reopen resulting in me needing to delete and reinstall YouTube just to use it again,215
YouTube,544007664,CA,14298330941,2026-07-13T07:37:43-07:00,5,Good,Yes.,4
YouTube,544007664,CA,14298285955,2026-07-13T07:25:00-07:00,2,"Needs: 1) Option to disable Autoplay in playlists and on app start, 2) Speed controls for Shorts","Content is top-notch, but that’s content producers’ achievement, not Google’s. Google forces autoplay in playlists, even when the Autoplay option is disabled. Nothing other than music needs autoplay. It’s very annoying to finish a video on the “Watch later” list and be taken to the next video before you can read and interact with the comments. The occasional/random autoplay of an automatically selected Short on app-start is even worse. Just woke up my spouse because of it. Great content, terrible app design decisions.",523
YouTube,544007664,CA,14271517433,2026-07-06T14:19:52-07:00,3,Plainte,"La traduction en Français est parfois exécrable.  Pouvez vous corriger .écouter cette traduction et vous comprendrez .sinon faites la écouter a un individu francophone et il comprendra cette traduction lamentable
J’espere une correction

Merci.",244
YouTube,544007664,CA,14271406527,2026-07-06T13:39:27-07:00,1,Ai slop?,Enables Ai but puishes Ai content playing God there are we?,59
YouTube,544007664,CA,14271381379,2026-07-06T13:30:45-07:00,3,Poorly designed UI,The target area for dragging and rearranging videos within a playlist is comically small for human finger tips. AI summary takes up too much vertical screen space on home tab. Give users an option to disable/hide it. I’d rather quickly access my watch later playlist than shorts so let me replace the shorts button with something else. Swiping left to remove a video from a playlist needs a narrower trigger angle so I don’t accidentally delete something when scrolling up/down.,478
YouTube,544007664,CA,14271127613,2026-07-06T12:07:02-07:00,5,5 stars,Best thing ever to Watch Stuff on,33
YouTube,544007664,CA,14271008877,2026-07-06T11:29:56-07:00,1,Censure et propagande d état totalitaire,Vous censurez tout contenu qui contredit le récit de ces états totalitaires de EU . VOUS VOUS NOURRISSEZ  DU TRAVAIL DES AUTRES.c est du vampirisme,147
YouTube,544007664,CA,14270905068,2026-07-06T10:57:19-07:00,1,annoying design makes me wanna quit,"You can not leave the app anymore, when you leave the app the short you are watching keeps playing just becomes tiny, who wants that on an iPhone. Who made that design choice should be reprimanded. I will do my best to mindlessly scroll on other video apps that dont hold you hostage this much.",294
YouTube,544007664,CA,14270610195,2026-07-06T09:28:02-07:00,1,Too many ads,I have contributed to the enormous video library of YouTube with many videos. I shouldn’t be seeing SO MANY ads,111
YouTube,544007664,CA,14270414330,2026-07-06T08:31:19-07:00,3,"Great tool, but could be so much better","I use YouTube daily. I like listening to history, science, computer, and some theology channels.

Sadly AI content is taking over. Longer show filled with way too many fluff words and saying the same things six different way. 

It could be better if one could play just the audio as an option.",293
YouTube,544007664,CA,14269745238,2026-07-06T05:15:02-07:00,1,Awful,I’ve never had the app crash so much in my life. Almost impossible to use. If there wasn’t so much necessary content posted by YouTubers and other accounts on the app I wouldn’t even bother with it!!,199
YouTube,544007664,CA,14269698033,2026-07-06T04:59:35-07:00,1,FIX AD BUG,Can u please fix the ad bug when watching videos. I don’t get the “skip” once the ENTIRE 2 min ad is over. I still don’t get the skip. Have to completely exit and go back and push the video. And it starts from the beginning,223
YouTube,544007664,CA,14268970278,2026-07-06T00:10:12-07:00,5,Forbidden,Jugement.,9
YouTube,544007664,CA,14268967708,2026-07-06T00:09:05-07:00,5,Great source of entertainment and information,Best platform for developing knowledge and stay entertained,59
YouTube,544007664,CA,14268940000,2026-07-05T23:56:42-07:00,4,👇,"Hey! 👋 you may have seen me before, I like to write reviews for popular apps. YouTube is probably the most used app ever, and it is very reliable, there is only one issue. Before I state the issue, I want to just say that without YouTube we probably wouldn’t have much to watch other than other actual streaming services (I.e. Netflix prime Disney hulu and so on…) but these streaming services are mostly films and shows and are not made by just anyone. Meanwhile, YouTube is really excellent for that, anyone can post anything. Very thankful for that. The only issue is that maybe there should be some age restrictions because sometimes I see actual 6 YEAR OLDS  filming themselves on their account. This may not be really good for their health. Also YouTube should not be aloud to DELETE peoples accounts when they did absolutely nothing wrong. 😑 Otherwise, YouTube’s a really great app. 
Thanks 🙏 
@R/\/\i+i",910
YouTube,544007664,CA,14268872450,2026-07-05T23:26:58-07:00,1,View count not working correctly,View count not working correctly this is a huge Problem it’s frozen my video is frozen at 6494 views,100
YouTube,544007664,CA,14268807816,2026-07-05T22:58:00-07:00,1,Allow us to remove YouTube shorts,"Your deceptive short video practices are out of hand. Open the app and it starts playing shorts automatically, on search’s you recommend almost all short videos and hide the long form video category. I hope you get sued. Allow users to remove shorts from the app, it’s terrible for people’s mental health and too addictive.",323
YouTube,544007664,CA,14268600757,2026-07-05T21:26:25-07:00,1,Yhhh,When the adds play longer than the video you have a problem. Try and time them rather than just cut in whenever.,112
YouTube,544007664,CA,14268381396,2026-07-05T19:55:52-07:00,2,Keeps getting worse,"The app is super buggy, the UI is getting worse, the price keeps going up, and the app crashes often.",101
YouTube,544007664,CA,14268250918,2026-07-05T19:04:00-07:00,1,I lost all my videos,I lost twice all my downloaded videos. Years of works to gather videos I liked disappeared when I updated YouTube. It happened twice. Data are on my phone but videos are invisible. Happened twice over years in between. Don’t update,231
YouTube,544007664,CA,14268163654,2026-07-05T18:30:14-07:00,3,Дизлайки,"Нет возможности ставить дизлайки в шортсах, что не дает возможности влиять на контент, который я смотрю.",104
YouTube,544007664,CA,14268102862,2026-07-05T18:06:54-07:00,5,New upgrade suck. Download video function doesn’t work consistently,"New upgrade suck. Download video function doesn’t work consistently. Furthermore, you don’t get a message when it finishes downloading if it even successfully downloads. 👹",171
YouTube,544007664,CA,14267790880,2026-07-05T16:07:20-07:00,2,Please fix the captions they are not working,"They are not working like to translate to English your costumer service is the worst and needs to be fixed immediately I repeatedly fixed a video for trying to fix a song i like I translated to Arabic for fun but when I translated back to English the subtitles says Arabic the same thing happens please fix this bug and also effects the transcript please fix it right now! Either add a setting that lets you edit with subtitles and transcript, Please leave a review to me so that I know that your fixing this bug YouTube and Google please do better this should not f in hard.",575
YouTube,544007664,CA,14267775255,2026-07-05T16:01:19-07:00,1,I need more subs,Why I get barely vid while other get more sub,45
YouTube,544007664,CA,14267735189,2026-07-05T15:45:31-07:00,1,Youtube sucks,"BRING BACK THE DISLIKE BUTTON ON SHORTS, DONT MAKE THE YOUTUBE A CHEAP VERSION OF TIKTOK AND INSTAGRAM, already those apps suck and you are destroying consumers viewing experience by removing such basic features.",212
YouTube,544007664,CA,14267681152,2026-07-05T15:24:37-07:00,1,Stop experimenting with the YouTube mobile app interface.,"Stop experimenting with the YouTube mobile app interface.

Why is the Subscriptions tab suddenly at the top? What is going on with the app’s layout? Why is the text overlapping itself? This is completely unacceptable.

Put everything back the way it was. I don’t want these pointless UI experiments forced on me.

I swear, if this isn’t fixed, I’m canceling my Premium subscription. I have no interest in paying for a service that keeps breaking its own interface.",464
YouTube,544007664,CA,14267568134,2026-07-05T14:39:34-07:00,5,YouTube,I love it,9
YouTube,544007664,CA,14267536610,2026-07-05T14:27:35-07:00,1,Nonstop performance issues on iPad,"In the last couple weeks, videos are constantly freezing while audio continues… restarting the app and the device doesn’t help. And sometimes, it simple just stops playing with a “something went wrong” message. Almost unusable. Cannot finish a 20 minute video without restarting the app 3 to 5 times.",300
YouTube,544007664,CA,14267325034,2026-07-05T13:12:54-07:00,5,The best App,One of the most used apps on my phone. It always works as it should. Please add Hype to the Desktop version.,108
YouTube,544007664,CA,14267117525,2026-07-05T12:03:57-07:00,5,Review of you tube,"It’s pretty sweet but you need to make more money out of the peace efforts and like all the flowers and what not also there should be an ai level of use bar in the video so if you know it’s not human ,half human ,human or too human .",233
YouTube,544007664,CA,14266779979,2026-07-05T10:16:55-07:00,3,YouTube Shorts,"I actually really like YouTube, I think it’s a great platform. But I wish there was a way to get rid of the YouTube shorts extension. Just because I have YouTube doesn’t mean I want shorts",188
YouTube,544007664,CA,14266372294,2026-07-05T08:17:37-07:00,5,Reading between the lines,In large part the reports maybe real and educational. I must say that I rely on most of the information.,104
YouTube,544007664,CA,14265862671,2026-07-05T05:48:17-07:00,5,Youtobe,Xem youtobe giúp biết thêm nhiều kiến thức thông tin bổ ích,59
YouTube,544007664,CA,14265304124,2026-07-05T02:25:21-07:00,5,Endless Varity,I can always find a video for what every I need.,48
YouTube,544007664,CA,14265291949,2026-07-05T02:20:35-07:00,5,Easy to Navigate,YouTube has been very easy to navigate and puts out very good videos. Keep up the excellent work!,97
YouTube,544007664,CA,14264614797,2026-07-04T21:39:04-07:00,5,World Eye,It’s a great Video platform and makes a world unite and peace,61
YouTube,544007664,CA,14264367221,2026-07-04T19:55:47-07:00,5,YouTube,I have been a fan of using YouTube since the days of high school 1999 😂😂  please never leave,92
YouTube,544007664,CA,14264289693,2026-07-04T19:24:46-07:00,1,Non factual information,"Political views are just that, opinion and perspectives. For those who present things as facts without any primary objective evidence to support their claims, sets a dangerous precedent for what viewers watching, will end up thinking and believing. Politics are unfortunately never transparent enough, so it’s hard to filter through the media’s lens, but peddling information as fact, with the influence one has, is a dangerous path",432
YouTube,544007664,CA,14264148666,2026-07-04T18:27:39-07:00,2,i miss old youtube,so many ads these days and no dislike button for shorts,55
YouTube,544007664,CA,14264111023,2026-07-04T18:12:14-07:00,1,De moins en moins ergonomique,"Plus de bouton dislike sur les shorts, qu’on ne peut pas masquer dans le fil, les contenus éphémère réapparaissent même si on les marque comme pas intéressé ou masqué (genre coupe du monde), des pubs à tout va et qui dure 1000 ans (5 pubs dont une de plus de 1min…). 
Et l’algorithme est au chou, les utilisateurs sont vraiment considérés comme simplement un porte-monnaie maintenant",383
YouTube,544007664,CA,14263856202,2026-07-04T16:26:02-07:00,2,Stop breaking the sort order,It seems every update breaks the playlist sorting ability. I have to squeeze on the side to move tracks up or down — it’s not a fluid motion. Please fix it!,156
YouTube,544007664,CA,14263852250,2026-07-04T16:24:22-07:00,5,Zéro volt 23,C’est un excellent produit et grâce à YouTube merci beaucoup,60
YouTube,544007664,CA,14263751566,2026-07-04T15:40:56-07:00,1,we need an alternative platform,they broke the connection to force me to update to the version with even more invasive ads,90
YouTube,544007664,CA,14263681981,2026-07-04T15:11:16-07:00,3,Pretty good,"good app, could be better though. Lacking certain features that desktop version has such as refreshing videos. If that feature id added, i’ll bring it up to 4 stars. 5 stars will be impossible unless youtube decided to remove premium and/or ads.",245
YouTube,544007664,CA,14262954028,2026-07-04T10:45:05-07:00,1,Fake Titles on a Lot of videos,Cancelling subscription because there is so much click bait.,60
YouTube,544007664,CA,14262883229,2026-07-04T10:22:48-07:00,1,Security problems,People hack into my PRIVATE playlists,37
YouTube,544007664,CA,14262794641,2026-07-04T09:55:46-07:00,1,Dislike button,We need dislike button back on shorts,37
YouTube,544007664,CA,14262718757,2026-07-04T09:32:52-07:00,1,ADS,"CAN WE TAME IT EASY ON THE ADS!?!? Good god why does there need to be an ad every 2-3 mins on EVERY damn video!?!? EVERY 2-3 MINS MAN!!! You greedy, inconsiderate company!!",172
YouTube,544007664,CA,14262696888,2026-07-04T09:26:16-07:00,1,Recent Update Ruined it,"Removing the dislike button on YouTube shorts ruined this app, you can’t control your algorithm without reporting videos",120
YouTube,544007664,CA,14262644083,2026-07-04T09:10:32-07:00,1,cant block chanels cant see dislikes 6 ads every like 8 minutes,this is so scummy the moment  a better platform comes out im jumping ship and im limiting my use to here to mostly learning!,124
YouTube,544007664,CA,14262373726,2026-07-04T07:52:46-07:00,5,Few pop up ads,Thank you for not having to many pop up ads which is very annoying.,67
YouTube,544007664,CA,14262342568,2026-07-04T07:44:01-07:00,1,Worst run site and app,"Please quit demonitizing my favourite YouTubers for no reason. Removing the dislike button was a horrible idea, makes it so much harder to find enjoyable content. Also no matter how many times I hit ""not interested"" it spams my feed with annoying playables, FIFA ads, politics and news section, and especially premium ads. I’m NEVER going to get premium no matter how choked with ads the site gets. Speaking of which, pop up ads when I pause now? Absolutely unusable without an adblocker.",488
YouTube,544007664,CA,14253960857,2026-07-02T07:27:49-07:00,5,Amazing,I mean who doesn’t love YouTube I’ve been using it since I was a baby,69
YouTube,544007664,CA,14253886494,2026-07-02T07:08:18-07:00,1,their new update,"youtube thinks a update about increasing ads duration 
is better bro i have to watch a 60 second ad the old youtube used to have shorter ads like no one asked plus theres a more likely chance that no ones gonna buy ads and they are gonna skip it",245
YouTube,544007664,CA,14252537698,2026-07-01T23:27:23-07:00,2,Frustrating,"Still lots of good content being created, but more and more choked with AI slop and ads.",88
YouTube,544007664,CA,14252464804,2026-07-01T22:57:21-07:00,1,So much violence,Don’t let your kid watch this there’s so much violence!!!!!,59
YouTube,544007664,CA,14252408345,2026-07-01T22:34:24-07:00,1,STOP GIVING ME VERITY I JUST SWALLOWED MY HARMONICA SLOP,"SO I WAS WATCHING GUGU GAGA PENGUIN AND SUDDENLY, BOOM! VERITY SLOP! SO STOP GIVING ME THESE😡😡😡😡😡",97
YouTube,544007664,CA,14251840341,2026-07-01T18:59:22-07:00,4,Megumi,Very entertaining,17
YouTube,544007664,CA,14251822964,2026-07-01T18:53:07-07:00,5,U tube,I likk yup u tuibei,19
YouTube,544007664,CA,14251435724,2026-07-01T16:31:28-07:00,1,Too many ads,Too many ads for app that’s gets its content for free from creators.,68
YouTube,544007664,CA,14251431951,2026-07-01T16:30:02-07:00,5,My review,I love youtube because it’s really cool having a fun acc and almost every video i see gives me new ideas for my vids!! Hehe,123
YouTube,544007664,CA,14251413714,2026-07-01T16:23:01-07:00,1,Is this an accident?,What happened to my dislike button? Is this a “can’t hurt the creator’s feelings” update?,89
YouTube,544007664,CA,14251338949,2026-07-01T15:54:40-07:00,1,what?,"Youtube fully removed my dislike button. Im not talking about it not showing a number, the thing just doesnt exist anymore. Say goodbye to controlling the algorithm..?",167
YouTube,544007664,CA,14251149200,2026-07-01T14:43:08-07:00,1,Bro,PUT BACK THE DISLIKE BUTTON,27
YouTube,544007664,CA,14251105262,2026-07-01T14:27:13-07:00,5,The greatness of YouTube,It’s very informative. I can always look up and find what I need to find on there and it’s great hundred percent great.,119
YouTube,544007664,CA,14250988562,2026-07-01T13:45:54-07:00,5,إلياس,راجع جداً للتعلم,16
YouTube,544007664,CA,14250963142,2026-07-01T13:37:01-07:00,1,Broken after last update,Sound plays but video freezes have to reload app after every video pls fix have been using browser instead,106
YouTube,544007664,CA,14250956118,2026-07-01T13:34:36-07:00,3,Not offline.,It would be better if you made it offline.,42
YouTube,544007664,CA,14250863689,2026-07-01T13:03:09-07:00,5,Why I love YouTube,It’s so fun to watch there are funny sus Roblox vids and WAY MORE  you can also watch some movies!50 present of the time I’m on yt anyway baiiiii,145
YouTube,544007664,CA,14250421422,2026-07-01T10:43:44-07:00,5,AD button,Yall should make a button (like the auto play button) that you can turn on and off loud ads. Haha I love sleeping to my YouTube and the ads always wake me up I want quiet button option,184
YouTube,544007664,CA,14250023037,2026-07-01T08:50:49-07:00,1,YouTube deletes bad reviews,Nice of YouTube to add back the feature to sort videos by oldest. I can’t fathom the reason they took it out in the first place. Still a terrible app but it’s nice to see that at least Also nice that when I search a video and scroll down like 10 videos it’ll show me videos that are completely unrelated to my search. Also gotta just love watching ads. The ads are out of control just watch on computer with ad blocker.,419
YouTube,544007664,CA,14249887818,2026-07-01T08:14:30-07:00,5,It is really fun,I love it,9
YouTube,544007664,CA,14249780008,2026-07-01T07:45:57-07:00,3,I used to love too,"YouTube is so shorts biased it’s infuriating. Please stop turning it into TikTok. I love the long form content here, I now watch it more than television.",153
YouTube,544007664,CA,14249372989,2026-07-01T05:55:52-07:00,1,Why remove such a good icon?,"I wake up and log into youtube and see the icon has changed into a heart, it just looks and feels uncomfortable to watch",120
YouTube,544007664,CA,14249360483,2026-07-01T05:52:20-07:00,1,Youtube got worse,To many ads and now they leave a banner on the screen during the video! Also seems to be having performance issues around sound and they try to charge you to keep the sound on when the screen is off,198
YouTube,544007664,CA,14249102189,2026-07-01T04:35:29-07:00,2,BRING BACK DISLIKE BUTTON NOW,"Up ur app glitches first of all, and now you want to remove the dislike button??? So how am I suppose to let my feed know I don’t like something. Especially the inappropriate ads and betting videos I see everywhere???",217
YouTube,544007664,CA,14249100891,2026-07-01T04:35:04-07:00,2,Too many adds,"I understand the need for adds to pay the bills, but there are often adds every 5 minutes, and 2 before watching even a 2 min. video.   It’s just way too excessive.  Even tv doesn’t have more than 1 break every 15min",216
YouTube,544007664,CA,14247988772,2026-06-30T21:33:41-07:00,1,Evil YouTube,"do not software lock me or anyone who is using a device which still is on ios 15 FOR SHAME! , 1 star.

Tell apple to send updates to upgrade older devices!",155
YouTube,544007664,CA,14247782744,2026-06-30T20:17:09-07:00,4,Hi,Very good but it should give me more funny vids,47
YouTube,544007664,CA,14247676189,2026-06-30T19:39:47-07:00,5,45,1 10,4
YouTube,544007664,CA,14247569134,2026-06-30T19:02:07-07:00,1,What even is this?,"So this app not only opens on shorts, which I don't even want, but now we can't dislike videos anymore? Lol ok bye.",115
YouTube,544007664,CA,14247451284,2026-06-30T18:22:15-07:00,3,Reviw,We need more graphics,21
YouTube,544007664,CA,14247378051,2026-06-30T17:57:32-07:00,4,OG,I luv it but sometimes the ads get rlly annoying 🥲 but over all it’s AMAZING 🤩,78
YouTube,544007664,CA,14247369866,2026-06-30T17:54:43-07:00,1,Bring back the Dislike Button,Been a YT Premium user for years. The good thing about the platform was I could tune the algorithm to the content I liked and disliked. You are taking the ability away from me to dislike shorts and forcing me to watch slop content.,231
YouTube,544007664,CA,14247298714,2026-06-30T17:30:03-07:00,1,"Nice app, but….","Even though I have Premium, I’m still getting some ads :-/
Also, I just wish it allowed the user to alter the pitch as well as speed. I use it a lot for learning and transposing music.",184
YouTube,544007664,CA,14247177068,2026-06-30T16:46:45-07:00,1,Removed dislikes?,"Bad app, removing dislikes is just stupid. No reason other than to protect people’s bad videos.",95
YouTube,544007664,CA,14247083853,2026-06-30T16:12:56-07:00,2,YouTube is removing dislike button from YouTube shorts,YouTube is removing dislike button from YouTube shorts,54
YouTube,544007664,CA,14247061372,2026-06-30T16:04:49-07:00,4,YouTube,"This platform offers a plethora of information which can expand the knowledge about so many fields that are part of the human progress and an example of the inquisitive mind, Technology, Science, Philosophy etc. YouTube its a great resource at the fingertips of man.",266
YouTube,544007664,CA,14247003365,2026-06-30T15:43:54-07:00,1,My account,You deleted my account,22
YouTube,544007664,CA,14246996927,2026-06-30T15:41:28-07:00,1,Ads,No matter how much money you pay they always got to shove ads into this app,75
YouTube,544007664,CA,14246961493,2026-06-30T15:28:32-07:00,1,New version,"Awful 
Wish I hadn’t updated",28
YouTube,544007664,CA,14246904590,2026-06-30T15:08:07-07:00,2,Watched videos not showing as watched,"Why are videos I’ve only just watched in March suddenly not showing the red bar to say I’ve watched the videos? Some videos I watched years ago still show the red bar, so it doesn’t make sense that videos I watched 3 months ago don’t anymore. I’ve never liked this feature that stops showing the red bar after a (I presume) set amount of time for the sake of data saving or whatever reason. Unless you have the video saved in a playlist, it’s unnecessarily awkward to check if you’ve watched the video.",502
YouTube,544007664,CA,14246864347,2026-06-30T14:54:03-07:00,5,My channel,My channel grew so much because of yt they support me at all times I love yt,76
YouTube,544007664,CA,14246853562,2026-06-30T14:50:13-07:00,2,To many bugs!,So I’ve had YouTube for a while now and it hasn’t really been glitching but now it like whenever I press on a Short or video it pauses at the start and it stays there for very long and there’s tooo many ads witch is just annoying!,230
YouTube,544007664,CA,14246801561,2026-06-30T14:31:34-07:00,5,Fat,FatfatfAt,9
YouTube,544007664,CA,14246700877,2026-06-30T13:56:32-07:00,5,THE BEST!,Has everything needed,21
YouTube,544007664,CA,14246689442,2026-06-30T13:52:37-07:00,5,Awesome,I love this app it’s fun and you can make videos and have fun,61
YouTube,544007664,CA,14246580298,2026-06-30T13:15:12-07:00,4,Make Premium commercial free!,"Premium should be commercial free, now I’m getting commercials in short clips, do something!",92
YouTube,544007664,CA,14246552615,2026-06-30T13:06:06-07:00,1,Won’t work on android 6.0 or iOS 13.3.1,So dumb why can’t I use YouTube on Android 6 or iOS 13.3.1??? Ts dumb,69
YouTube,544007664,CA,14246509826,2026-06-30T12:52:11-07:00,5,Good,So good love it nothing bad,27
YouTube,544007664,CA,14246201349,2026-06-30T11:16:19-07:00,5,So cool,I love it,9
YouTube,544007664,CA,14246183971,2026-06-30T11:11:05-07:00,1,Advertisements,I literally watched 6 double ads in a 24mins video,50
YouTube,544007664,CA,14232873585,2026-06-27T06:51:00-07:00,3,The Shackles of the Algorithm,"Sure, all the interruptions by ads are a PITA, but knowing the consequences of the algorithm ends up driving what I decide to watch or not watch.  I prefer freedom over freedumb.",178
YouTube,544007664,CA,14232826167,2026-06-27T06:37:14-07:00,1,Review duh??,Literally ruined their own app with the ads. Biggest downfall I've ever seen. I shouldn't have to watch a minute long ad for a video that's 3 minutes long. Might as well just not watch it at all.,195
YouTube,544007664,CA,14232731438,2026-06-27T06:09:11-07:00,5,I love iTunes,Jendl,5
YouTube,544007664,CA,14232538287,2026-06-27T05:08:38-07:00,5,My review,Very entertaining and fun to make your own videos,49
YouTube,544007664,CA,14232345078,2026-06-27T04:02:26-07:00,3,Too many adds,Way too many adds. Good content destroyed by ugly cheap adds,60
YouTube,544007664,CA,14231366713,2026-06-26T21:42:51-07:00,1,Ads,The ads are absolutely ruining my mood. Just trynna watch caseoh in peace and I get a 90 second and more of an ad and I either have to sleep with it or grab my phone everytime to skip it.,187
YouTube,544007664,CA,14231303129,2026-06-26T21:17:39-07:00,5,LOVE but,Like YouTube is awesome but I have one problem it’s that there’s bots that go on here with inappropriate pictures and that there’s no way to block them but it’s still AMAZING❤️,176
YouTube,544007664,CA,14231236602,2026-06-26T20:51:48-07:00,1,Too much ads and awful handlings of bad reviews,"YouTube used to be great until it’s become a habit of long unskippable ads. Like I’ll be clicking on a video shorter than 30 seconds and I have to sit through a 15 seconds long ads. You’ll be saying”no way 15 seconds ain’t that long” I don’t give a damn, I don’t have the patience for that. Also, your ads are so boring and uninteresting, full of AIs too. Moreover, I have noticed that my previous reviews have been deleted. I have done some research and a lot of users giving bad reviews have had their deleted and felt they have been silenced, and I’m convinced that YouTube no longer care about their consumers, given their bad customer service. If you’re so sensitive about bad reviews that you go so far as to delete them, why even launch an app in the first place? Also, I have this review screenshot, you can delete them but I will still come back writing more. Good luck with your dirty antics.",902
YouTube,544007664,CA,14231200308,2026-06-26T20:37:54-07:00,3,Ads,Too many ads,12
YouTube,544007664,CA,14231077364,2026-06-26T19:51:46-07:00,1,messed up search bar,keeps trying to complete search after every single letter spelt not letting me search fast can only search stuff if i type extremely slow,137
YouTube,544007664,CA,14230872810,2026-06-26T18:37:39-07:00,1,Don’t Be Evil - FIX THE FONT,"Remember when the Google motto was “Don’t be Evil?”

Well now, the font is illegible, with no warning, and no setting to fix it.  Do they hate us?  Why Google, Why?!?",166
YouTube,544007664,CA,14230727066,2026-06-26T17:44:43-07:00,2,@veirity,YouTube or owner of YouTube please get rid of the notices like I did nothing inappropriate in my shorts stop putting notices on my shorts please and I made a short about it so watch and then please get rid of my notices my username or my YouTube channel is veirity or @veirity,276
YouTube,544007664,CA,14230582421,2026-06-26T16:50:57-07:00,3,Aggressive annoying and often fake/scam ads,"The ads are out of control. They’re frequent and some of the scummiest fake products and services that promise impossibilities seem to get through any screening. 

Plus the new font for the video titles is awful and borderline illegible. The letters are too thin, too narrow, and too closely kerned to be used in such a small application.",338
YouTube,544007664,CA,14230515461,2026-06-26T16:25:08-07:00,5,Hi,So god,6
YouTube,544007664,CA,14230343188,2026-06-26T15:17:39-07:00,1,Video freezing while sound playing,"The video freezing while sound playing, it’s annoying",53
YouTube,544007664,CA,14230254337,2026-06-26T14:43:46-07:00,4,Too many ads,"Advertisement are too long, but great app overall",49
YouTube,544007664,CA,14230223842,2026-06-26T14:32:04-07:00,5,This is so amazing,This is so amazing my kids loves it,35
YouTube,544007664,CA,14229969434,2026-06-26T13:00:27-07:00,1,Too many adds,To many adds,12
YouTube,544007664,CA,14229431583,2026-06-26T10:05:34-07:00,5,Is so good trust me,5 STARS,7
YouTube,544007664,CA,14229237926,2026-06-26T09:09:21-07:00,3,I love YouTube but when the features change it’s frustrating.,"I really love watching YouTube, I’ll let it play and discover a lot of new interests and different people. 

But lately the auto play button disappears randomly and it will not play another video when one ends. I have to manually select one and it’s infuriating. Hitting next does nothing and it’s usually greyed out when this happens. 

I would love to give 5 stars, but as a premium user these kinds of features should just work, it really messes with the experience.",469
YouTube,544007664,CA,14229171208,2026-06-26T08:50:29-07:00,1,YouTube deleting comments,YouTube always deletes my comments for zero reasons,51
YouTube,544007664,CA,14228950813,2026-06-26T07:49:59-07:00,5,Hatsune Miku,If there was no Hatsune Miku there is no YouTube,48
YouTube,544007664,CA,14228726890,2026-06-26T06:49:52-07:00,2,Adds,They put an insane amount of ads in everything! Not everyone can afford YouTube without ads.,92
YouTube,544007664,CA,14228240291,2026-06-26T04:26:40-07:00,2,Stop subscribing me to random channels,"Seriously, it’s incredibly annoying to constantly go into my subscriptions and finding random channels I NEVER subscribed to and constantly having to unsubscribe. If I want to subscribe to a channel, I will. Fix this.",217
YouTube,544007664,CA,14227007448,2026-06-25T20:05:49-07:00,1,Dumb,It’s dumb,9
YouTube,544007664,CA,14226836072,2026-06-25T18:58:57-07:00,1,Nice job 🤦,You officially removed my channel of my dreams consisted of 130 subs now I have to start over thanks A lot YouTube your useless to this society,143
YouTube,544007664,CA,14226720191,2026-06-25T18:15:25-07:00,1,Way too many ads,YouTube is now almost impossible to watch without a subscription.,65
YouTube,544007664,CA,14226683717,2026-06-25T18:01:41-07:00,1,Costzon 24V Kids Electric ATV,Worse product ever. Bought last year and driven very few time before battery died. Do not buy.,94
YouTube,544007664,CA,14226666208,2026-06-25T17:54:57-07:00,1,Garbage,Pure unadulterated garbage of AI  gross out and porn ads. Absolutely rank and rancid app.,89
YouTube,544007664,CA,14226650578,2026-06-25T17:48:48-07:00,5,Youtube,These are good videos,21
YouTube,544007664,CA,14226565219,2026-06-25T17:15:45-07:00,5,Good,Super on trouve de tout!! Et une belle invasion YouTube super bravo merci,73
YouTube,544007664,CA,14226364909,2026-06-25T15:57:30-07:00,3,"YouTube, please fix us","Good app, but sometimes activate strobe lights but still are good👍",66
YouTube,544007664,CA,14226294943,2026-06-25T15:30:15-07:00,5,Such a good app,I just yous this app so much and it’s fun to see other peoples content,70
YouTube,544007664,CA,14225317262,2026-06-25T09:51:48-07:00,5,My favourite platform,"I use YouTube more than Facebook, Instagram… any other platform. I love that it’s free and you can find, and share, to your heart’s desire",138
YouTube,544007664,CA,14225036495,2026-06-25T08:28:39-07:00,1,Terribile,Im 10 years old and had a YouTube account with 36 subscribers and YouTube deleted my account,92
YouTube,544007664,CA,14224975781,2026-06-25T08:11:16-07:00,1,…,Toooooooo much ads,18
YouTube,544007664,CA,14224881945,2026-06-25T07:44:48-07:00,1,Too many,Too many unwanted advertisement,31
YouTube,544007664,CA,14224715844,2026-06-25T06:57:40-07:00,3,I want a fyp like tik Tom,.,1
YouTube,544007664,CA,14223599877,2026-06-25T00:15:50-07:00,5,Thee bessssttt,"If it wasn’t for YouTube I wouldn’t have a life thee amount of amazing content , songs , clips, videos , info, history , everything what can you honestly not get from YouTube ?!?!? 💙❤️💙💕💙❤️💙❤️💙💕💕💙",196
YouTube,544007664,CA,14223071796,2026-06-24T20:24:53-07:00,1,Ads,"Too many ads all the time, can’t watch 5 minutes of a video just to see another 1 minute of ads",95
YouTube,544007664,CA,14222874326,2026-06-24T19:07:01-07:00,5,Addicted to YOUTUBE,"Last of the Baby boomers and I would be a happy man if I only had two apps on my iPad, YouTube and Google and I’m good to go!",125
YouTube,544007664,CA,14222752760,2026-06-24T18:21:21-07:00,2,본사에 무슨 일이라도 생겼나 광고가 넘 많아짐 ㅠㅠ,최근에 업데이트 하고나서 심각하게 광고가 많아졌네요 ^^ 많이 불편해진것 같아요 제발 줄여주세요,53
YouTube,544007664,CA,14222517357,2026-06-24T16:52:07-07:00,5,I love you too because I get to watch stuff and I never watch before and it’s very fun watch if I’m,"Five star definitely
The best thing about the app of history when I get mad and I watch it, it makes me feel better",115
YouTube,544007664,CA,14222498266,2026-06-24T16:44:18-07:00,2,Not working well lately.,So many glitches lately. Everytime a commercial comes on the screen shrinks. Lately 2 videos are playing on top of each other. Or it just stalls.,145
YouTube,544007664,CA,14222497882,2026-06-24T16:44:09-07:00,1,Because you asked,Because you asked,17
YouTube,544007664,CA,14222456942,2026-06-24T16:28:00-07:00,3,I don’t like the comments video uploading,"Every time I upload a video, the comments automatically get turned off, even if I select the video as not for kids and comments on please fix this issue. It is so tiring to enable comments every video and I forget every day. This is the number one issue you should fix and nothing else except this.",298
YouTube,544007664,CA,14221888398,2026-06-24T12:56:43-07:00,1,Riddled with AI Slop,I have no interest in computer generated trash.,47
YouTube,544007664,CA,14221883772,2026-06-24T12:55:09-07:00,1,Getting incredibly bad,"YouTube is getting worse and worse by the day. There’s so many ads and they keep pushing them on you. There’s so many fake ads and now they have this BS thing where you have to cancel it from the screen of whatever you’re watching not just skip it and in YouTube Music is even worse they have an ad after every single song. I don’t know what is wrong with these people, but they’re just getting ingredient, greedy and even more selfish and more selfish. I can’t wait for the day. Somebody builds a better platform and maintains it a hell of a lot better than the people who run YouTube ever could or would, and then push YouTube completely out.",644
YouTube,544007664,CA,14221341309,2026-06-24T09:59:20-07:00,5,Problem Solver!,I love how YouTube always has a solution to my problems through a video. With just one click! And I voilà! Problem solved!,122
YouTube,544007664,CA,14221188192,2026-06-24T09:12:48-07:00,3,Too many ads,i wish Mother Google had kept her grubby paws off of YouTube,60
YouTube,544007664,AU,14168752831,2026-06-10T22:45:01-07:00,1,"Ads, Bugs, A.i, Reels","Ads are constantly forced down my throat. I can’t properly block them, and they continue playing anyway. There are disturbing ads for AI romance bots, and even if I block one, a new company shows up the next day. On top of that, there’s AI slop everywhere. Forget personal YouTube videos voiced by actual humans. YouTube is becoming SlopTube.
Reels are forced down your throat on homepage. They’ve limited the amount of actual videos on my homepage while pushing more reels instead. This makes things worse for creators because there are fewer video slots available, while more money and attention are being directed toward reels. The algorithm has progressively gotten worse.
I have every privacy and data setting turned OFF. I am not logged into YouTube on my TV. Yet videos and suggestions related to my personal account still show up on my family TV. Google and YouTube privacy settings are all OFF. The TV is only in Guest Mode. That’s disturbing and invasive.
At least once a week, YouTube asks if I want to watch on my lounge room TV while I’m outside in my garage. Or anywhere else. No. I don’t even want you knowing I have that TV in my lounge room. I’ve turned all privacy settings off, yet you keep asking if I want to switch devices without any prompt from me.
Stop scanning my local Wi-Fi when I don’t want to log in, use that TV, or have that functionality active in the first place.
Then there’s the homepage. I’ll scroll through it and see 10–20 written or image posts mixed in, like YouTube is trying to become Twitter or Instagram. I wouldn’t care if it was one or two every now and then, but not to the extent it is now.
The skip button often doesn’t work unless the video is minimised into a small screen, or sometimes it doesn’t work at all. Ads are forced on you and can’t be skipped. Sometimes the app locks itself in fullscreen during ads, and even rotating the phone won’t let you get out of it.
The ad experience is terrible. You can’t listen to music comfortably because some stupid, loud, infuriating ad suddenly blasts through your speakers and ruins everything. You’re constantly having to adjust the volume because ad volume and content volume aren’t balanced. Or is some infuriating brain rot slop ads over and over. Even if you block an ad THEY WILL SHOW IT AGAIN. 
This app has gotten progressively worse and worse.
Let me block ads. Don’t force me to watch things I don’t want to see. Stop forcing more ads when YouTube already makes more than enough money.
YouTube was meant to be about us. Instead, it’s become CorporateTube, where you’re treated as a number for algorithms, engagement metrics, and data collection. That’s exactly what it feels like now. You’re only seen as a dollar sign.
People can blame creators if they want, but the ability for all of this to happen and how creators handle it exists because YouTube allows it on their platform. The ball is in YouTube’s court. But they’re too busy looking probably at A.i or more stupid quick feeding entertainment and engagement, I won’t be surprised if they add watch streaks of some sort next to try make people feel forced to come on. Don’t recommend even though there isn’t another option. It’s a terrible monopoly.",3213
YouTube,544007664,AU,14168438089,2026-06-10T20:21:16-07:00,5,Sandeep Kasarvani Vlogs,"Grateful for YouTube, YouTube given chance to me to express my self , my experiences , my all happy moments 🙌❤️🔱💯",113
YouTube,544007664,AU,14167424007,2026-06-10T13:36:48-07:00,4,Give us liquid glass,Long due give us liquid glass google. Common!,45
YouTube,544007664,AU,14166902368,2026-06-10T10:42:14-07:00,1,Ads,Sneaky ugly ads. Force fed garbage. Has become nothing but a catalyst for tiktok.,81
YouTube,544007664,AU,14165592555,2026-06-10T03:57:39-07:00,3,Nill,Adds are coming more than video now a days😊,43
YouTube,544007664,AU,14165532064,2026-06-10T03:34:27-07:00,2,Casting is broken,"As of a couple of months ago casting is broken and is terribly buggy. You have to start a video first now before connecting as the cast button has disappeared from the Home Screen, OK, fine. But the actual casting is now incredibly buggy, disconnects, won’t respond to pauses on the phone. Please revert to the old casting behaviour, there was nothing wrong with it. This behaviour occurs on both iOS and Android. Reconsidering my premium membership.",450
YouTube,544007664,AU,14165368821,2026-06-10T02:25:28-07:00,5,Best entertainment,Very good it’s amazing,22
YouTube,544007664,AU,14165166810,2026-06-10T00:51:59-07:00,5,I love you tube ssssoooooooooooo  much,Best app ever,13
YouTube,544007664,AU,14164396692,2026-06-09T19:04:02-07:00,1,5 stars,"I love youtube
Also download it and search  up minecraft but if I breath I get ripped in half😉",94
YouTube,544007664,AU,14163500003,2026-06-09T13:12:59-07:00,1,You tube,"Too much manipulation of certain content, finally may have to walk away from this app.",86
YouTube,544007664,AU,14161514795,2026-06-09T02:21:21-07:00,3,"Meh it’s fine, please fix this for mobile though","I am saying this because lately on mobile, everytime I get to exactly a minute of a video it stops then freezes all together, I am on the latest version of YouTube as of today, and I tried to see why this is happening, I don’t get it. I’m moving to Firefox YouTube for now as this is a headache to deal with, please fix ASAP.
Kind of regards - Reuchootrain",356
YouTube,544007664,AU,14161339797,2026-06-09T01:00:31-07:00,3,Sick of so many adds,"If there were fewer adds or being able to skip more would have lifted it to 5 star rating. You expect people to pay money although some of us watch it daily above other services, reward those customers.",202
YouTube,544007664,AU,14161147364,2026-06-08T23:29:31-07:00,5,Good,It is such a good app!,22
YouTube,544007664,AU,14161139336,2026-06-08T23:25:46-07:00,3,Ads,Way too many ads,16
YouTube,544007664,AU,14160690497,2026-06-08T20:02:33-07:00,5,My YouTube review 🥰🥰🥰,I think YouTube is very good because I watch Fortnite and you guys should sub 2 me my user is krivycuhh 🥰🥰🥰,107
YouTube,544007664,AU,14158683999,2026-06-08T08:07:13-07:00,1,Too much animal cruelty for entertainment,"I’ve decided to unsubscribe because I don’t personally feel comfortable supporting content that involves animals being stressed or caught for entertainment. This is just a personal choice for me, and I wanted to be honest rather than just leaving quietly.",255
YouTube,544007664,AU,14158504864,2026-06-08T07:13:43-07:00,4,Hi,I love Harry Potter video,25
YouTube,544007664,AU,14157530765,2026-06-08T01:10:46-07:00,2,Unable to make a new playlist,"I’ve been able to make playlists perfectly fine but recently when I try it just doesn’t register? I’ll put the name and everything but when I click the button to make it, it just doesn’t do anything? Like it doesn’t register me clicking it. I’ve tried everything but it’s still not working.",290
YouTube,544007664,AU,14157303274,2026-06-07T23:20:11-07:00,4,Please read 🚨🚨🚨🚨🚨🚨,I just went in to YouTube this morning and one I clicked on a video then I was trying to make in zoom in but then it just zoomed out ?,134
YouTube,544007664,AU,14156621973,2026-06-07T18:13:51-07:00,1,Ad pogram se jada to aap ad dekhate ho,Ad hi ad hai,12
YouTube,544007664,AU,14156399594,2026-06-07T16:42:43-07:00,1,Broken AF,This app is so broken right now it’s ridiculous. Shorts maybe successfully load 5% of the time.,95
YouTube,544007664,AU,14156261555,2026-06-07T15:45:26-07:00,5,"Biased, NO FREEDOM OF EXPRESSION","Who and why one particular group of people and or religious group of individuals controlling your operational systems and decisions ????…  Why are some ALLOWED so much control and power over to SHUN the rest, they take advantages over the same democracy given by the west to weaponise that against US🤔😏 I absorb the experiences of those people fighting for the same justifiable inquiry, may very from country to country based on their judiciary and political system",465
YouTube,544007664,AU,14154763826,2026-06-07T07:26:01-07:00,1,All are ads,Ads in Every Video so annoying,30
YouTube,544007664,AU,14154469323,2026-06-07T05:56:27-07:00,5,Still Stars Splendidly,"Melodious, but you need to concentrate.",39
YouTube,544007664,AU,14154444295,2026-06-07T05:48:28-07:00,5,Utube,Awesome-So much content- 2 many adds thou,41
YouTube,544007664,AU,14154161186,2026-06-07T04:10:06-07:00,5,Nathaniel Keep,References,10
YouTube,544007664,AU,14153717623,2026-06-07T01:10:50-07:00,1,…,YOUTUBE SHORTS SUCKS,20
YouTube,544007664,AU,14153471396,2026-06-06T23:25:02-07:00,3,Resin Art made easy,Still Learning but finding out a lot of interesting tips. Thank you⭐️⭐️⭐️,73
YouTube,544007664,AU,14153464798,2026-06-06T23:22:08-07:00,5,My rating,Good very good but has adddssssss😭😿,35
YouTube,544007664,AU,14150619708,2026-06-06T06:04:43-07:00,1,AI Slop fest,AI this….AI that. Jesus Christ stop with AI.,44
YouTube,544007664,AU,14150561706,2026-06-06T05:46:42-07:00,1,Outstanding Ad Player,"Nice ad player, it is really a good idea to Incorporating videos into advertisements.",85
YouTube,544007664,AU,14150332960,2026-06-06T04:30:24-07:00,5,Yesss,Such a great app honestly you can find so much on here just definitely download it,82
YouTube,544007664,AU,14149866844,2026-06-06T01:23:50-07:00,1,Advertisement terror,Offensively frequent advertisements that pause videos every few minutes and delay video loading. Ads that open into websites on the phone are obstructive and irritating.,169
YouTube,544007664,AU,14149136846,2026-06-05T20:07:02-07:00,2,Not good value for money,YouTube is overpriced and it’s not providing value for the price I pay.,71
YouTube,544007664,AU,14148889350,2026-06-05T18:29:26-07:00,4,Used to love it more.,Used to love it more before all the stupid ads that are useless.,64
YouTube,544007664,AU,14148685602,2026-06-05T17:10:11-07:00,5,Why I love YouTube,That have los of options to choose and they know what you’ve been watching so they can think of what you like,109
YouTube,544007664,AU,14148670870,2026-06-05T17:04:31-07:00,1,Love the ads!,"The 50,000 ads on a 10 minute video are so awesome guys!!! I didn’t wanna watch the video. I wanted to watch the ads!! I totally understand why you need the 50,000 ads constantly. I know you guys don’t make enough money as it is and you definitely need more revenue. Glad I can put more money into your pockets.",311
YouTube,544007664,AU,14148527637,2026-06-05T16:06:47-07:00,1,Too many ads,"Far too many ads!! ad before I can listen to a song, ad halfway thru song, ad once song has finished! I’m so sick of it!",120
YouTube,544007664,AU,14148465081,2026-06-05T15:41:16-07:00,5,Love royalty family.,"Andrea,Ali,Ferran,Milan and Blue.name Mario: I love you guys so so much. I liked and sub. Your video’s are good. I support you guys from all the fires.",151
YouTube,544007664,AU,14148166532,2026-06-05T13:46:18-07:00,4,Vanishing comments,"I love YouTube.  But It is really frustrating that the issue with vanishing comments as not been resolved.  Many friends of mine and me, have reported this issue.  But it is still occurring. And being blocked from commenting is frustrating.  Feels like sabotage.  Disappearing Comments needs to be fixed.",304
YouTube,544007664,AU,14146922213,2026-06-05T07:14:47-07:00,5,5/5 AMAZING 🌺🎀🎀🪽🪽,AMAZING,7
YouTube,544007664,AU,14146780941,2026-06-05T06:34:41-07:00,3,Too much ads/unstable live streams/algorithm loop,"It’s way too expensive nowadays. If I want to watch live stream, the connection is usually unstable. If I don’t want to buy the premium (which is still unstable), there is a really aggressive advertising strategy. It feels they’re pushing us to buy premium. The algorithm often recommends similar videos that I have watched already which creates an echo chamber to stuck there. Lot’s of misinformation spreading on. 


I’m only giving this a 3 star rating out of goodwill, because honestly, it should be lower by now.",517
YouTube,544007664,AU,14146382057,2026-06-05T04:29:42-07:00,5,Elvuws,"ELvis
Kngh
Wozoskkskkskks
Lsosikskkskkskksk",43
YouTube,544007664,AU,14146217627,2026-06-05T03:28:41-07:00,5,YouTube,Love it5 out of 5 I couldn’t live without YouTube!!!!!!!!!,58
YouTube,544007664,AU,14146215652,2026-06-05T03:27:55-07:00,5,Best app ever,Best app ever,13
YouTube,544007664,AU,14145422165,2026-06-04T21:23:49-07:00,3,Too many ads.,Too many ads.,13
YouTube,544007664,AU,14145191130,2026-06-04T19:41:03-07:00,5,I love it,It has a lot but there’s still like one hidden thing left,57
YouTube,544007664,AU,14144964265,2026-06-04T18:07:55-07:00,5,Yayyy you tube,"You tube assists with so many information on so many different
 subjects and problems. This is the best thing about modern technology",133
YouTube,544007664,AU,14144730230,2026-06-04T16:31:14-07:00,1,YouTube shorts ruined the app,"I loved YouTube, but YouTube shorts ruined it for me. I tried hitting the don’t show shorts button but they just come back every time I open the app. I already deleted all other social media apps because I was addicted and now YouTube goes and does the same thing.",264
YouTube,544007664,AU,14144494356,2026-06-04T14:55:28-07:00,3,Ads,Too many ads,12
YouTube,544007664,IN,14314161988,2026-07-17T05:54:55-07:00,5,Magical,Ventastic,9
YouTube,544007664,IN,14314017947,2026-07-17T05:11:01-07:00,5,Ayran bhamrah,"Thank you for creating YouTube when I was 5. I watched YouTube videos. Cartoon and learning funny humour, trailers, announcements, but since I'm 19 now, I deeply apologise for not giving you 5 stars, thank you for everything,",225
YouTube,544007664,IN,14313885269,2026-07-17T04:27:59-07:00,1,Worst app,Worst app,9
YouTube,544007664,IN,14313580911,2026-07-17T02:35:57-07:00,1,About Adds,Now The youtube only for Ads in a 30 minutes viedeo 30 Ads and On the viedeo also showing ads. waiting for something new application,132
YouTube,544007664,IN,14313268172,2026-07-17T00:28:53-07:00,5,The best platform for explorer,Since 2013 Im using still now my favourite app,46
YouTube,544007664,IN,14313041618,2026-07-16T22:55:05-07:00,5,Very nice videos .,"Knowledgeable videos,can guides you  everywhere , so appreciated creators and youtube media. Thanks.",100
YouTube,544007664,IN,14312835496,2026-07-16T21:29:00-07:00,4,👌,It’s good,9
YouTube,544007664,IN,14312719013,2026-07-16T20:41:58-07:00,5,Nice one app,Nice one to play all video,26
YouTube,544007664,IN,14312341247,2026-07-16T18:21:00-07:00,5,Genial,Increíble 👌,11
YouTube,544007664,IN,14312247560,2026-07-16T17:45:52-07:00,1,Review,There are too much ads coming the videos which is disturbing,60
YouTube,544007664,IN,14311326264,2026-07-16T12:04:33-07:00,5,Good,Awesome,7
YouTube,544007664,IN,14311129222,2026-07-16T10:59:54-07:00,1,All scams can be stops if ?,All kind of major scam can be stop or prevented if we Indian and Indian Government put strict restrictions on Google an YouTube ! And Apple which is not healthy for Indians. All the feedback and review I raised so far on App Store are never published because Apple get money from App developer and allow them to scam users,322
YouTube,544007664,IN,14311049265,2026-07-16T10:34:34-07:00,1,Bugs in YouTube,"The most problematic issues are encountered on YouTube. While advertisements are generally smooth, shorts and videos are plagued with persistent bugs. Each day, I find at least ten bugs. Despite providing multiple feedback requests, I have not received any response from YouTube.",279
YouTube,544007664,IN,14310962651,2026-07-16T10:07:45-07:00,3,Too buggy and hangs,Buggy,5
YouTube,544007664,IN,14310286493,2026-07-16T06:53:01-07:00,3,Complain,Can’t give the videos the type I want( like gen-z or of bmw and of some YouTubers ),83
YouTube,544007664,IN,14309876859,2026-07-16T04:47:54-07:00,5,Zw@@9090,Zw@@9090,8
YouTube,544007664,IN,14309747920,2026-07-16T04:03:26-07:00,1,Not good picture quality,The picture quality is so bad and there is very much advertisement on this app this is the badest app ever I used,113
YouTube,544007664,IN,14309576272,2026-07-16T02:58:30-07:00,5,Awesome app,Jabardast,9
YouTube,544007664,IN,14309121812,2026-07-15T23:49:41-07:00,1,To many ads,To many ads,11
YouTube,544007664,IN,14309068924,2026-07-15T23:26:52-07:00,5,SUjalchou nada não,SUjalchou nagana eu,19
YouTube,544007664,IN,14308628929,2026-07-15T20:20:53-07:00,1,Add,Add tube,8
YouTube,544007664,IN,14308616423,2026-07-15T20:16:02-07:00,1,full of adds,If an add blocked why does it repeat?,37
YouTube,544007664,IN,14308487959,2026-07-15T19:26:18-07:00,5,Make happy memories with gud time passing,Enjoying the day,16
YouTube,544007664,IN,14308366612,2026-07-15T18:40:24-07:00,5,YOUTUBE CHATTING,"Youtube should install a chatting system like instagram cuz it will help alot in making friends for the people who only use youtube 
Many people wants it maybe and i am one of them",180
YouTube,544007664,IN,14308072652,2026-07-15T16:47:29-07:00,3,Settings for disabling shorts,"Everythings fine no problem but 3 ads? Seriously In the starting of the video? And then some? 
And the main problem for me was that i cannot turn off shorts completely 

Thats why i deleted YouTube 
Hope you guys bring that feature",231
YouTube,544007664,IN,14307319245,2026-07-15T12:08:53-07:00,5,Wa kya kmal hi,Very nice,9
YouTube,544007664,IN,14307160969,2026-07-15T11:18:32-07:00,2,Want old youtube,The new YouTube algorithm is really bad . The video suggestion is like spamming the same content watch a few moments before.,124
YouTube,544007664,IN,14307146442,2026-07-15T11:13:59-07:00,5,Informative topics,Nice topics,11
YouTube,544007664,IN,14307085707,2026-07-15T10:54:56-07:00,5,Love,Gill,4
YouTube,544007664,IN,14306991840,2026-07-15T10:25:44-07:00,5,Hi YOUTUBE,I am searching for videos of FERRARI Dino 246 GT AS I AM HAPPY TO KNOW ISRAELI MOSSAD WILL GIVE MR TWO CARS AS MY WISH  ONE FERRARI AND ANOTHER E TYPE JAGUAR,157
YouTube,544007664,IN,14306915422,2026-07-15T10:02:19-07:00,5,That 🩷,"So good for all things 
Every time sport every filed 
🫂💝",56
YouTube,544007664,IN,14306808052,2026-07-15T09:30:26-07:00,5,Superb,Superb app,10
YouTube,544007664,IN,14306755087,2026-07-15T09:14:48-07:00,4,You Tube Videos,Fantastic superb,16
YouTube,544007664,IN,14306743496,2026-07-15T09:11:26-07:00,1,Dislike button,"“Back in my days, YouTube had a dislike button”",47
YouTube,544007664,IN,14306738877,2026-07-15T09:10:05-07:00,1,It sucks,It sucks,8
YouTube,544007664,IN,14306075898,2026-07-15T06:02:55-07:00,1,iPhone 13 Pro Max not working,Force crash,11
YouTube,544007664,IN,14306055791,2026-07-15T05:56:58-07:00,1,Ads,So mach ads I don’t like,24
YouTube,544007664,IN,14305646432,2026-07-15T03:42:55-07:00,1,Crashing,After new update its crashing,29
YouTube,544007664,IN,14305633614,2026-07-15T03:38:11-07:00,2,Unpredictable,"As customer i feels not so good at all time , too much artificial propaganda, online begging, biased youtubers more we nned evaluvatehence trust is below",153
YouTube,544007664,IN,14305418713,2026-07-15T02:14:35-07:00,5,Brar,Very good,9
YouTube,544007664,IN,14305357337,2026-07-15T01:49:37-07:00,5,YouTube,"The best platform for learning ,entertainment and discovering new ideas. There’s something for everyone,and the video quality is excellent",138
YouTube,544007664,IN,14305323329,2026-07-15T01:35:33-07:00,5,Our future and learning method,"thish app bigest lerning and urning point, Thanks youtube team.",63
YouTube,544007664,IN,14305105684,2026-07-15T00:03:45-07:00,5,Super,Super likely,12
YouTube,544007664,IN,14304558150,2026-07-14T20:12:01-07:00,1,App crashes,Crashed again and again after updating the app,46
YouTube,544007664,IN,14304546582,2026-07-14T20:07:29-07:00,5,I am crane operator,I am big fan of the YouTube,27
YouTube,544007664,IN,14304353745,2026-07-14T18:54:41-07:00,4,Alakkh knsara ( aalap music workstation ),Excellent,9
YouTube,544007664,IN,14304348766,2026-07-14T18:52:51-07:00,4,Not able to add track in queue option using,"There is a bug when using the ""Play next"" queue option. When I add a song to the queue using ""Play next"", the screen suddenly displays a ""Retry"" error message, and the entire song suggestions list completely vanishes. Please fix this bug",237
YouTube,544007664,IN,14303353488,2026-07-14T12:39:20-07:00,5,Ownership,"•  Great app but it runs a bit slow.
•  Useful features but the app lags sometimes.
•  Love the design but it takes too long to load.
•  Good concept but needs better
    optimization",183
YouTube,544007664,IN,14303150545,2026-07-14T11:34:12-07:00,4,The best Chantal for a reason,"Very good app, has everything",29
YouTube,544007664,IN,14303009270,2026-07-14T10:49:42-07:00,5,Advertise,Can’t see movies too many advrtise,34
